date,total_fee,initial_plan_fee,increase_fee,refund,cancel_penalty,emergency_fee,emergency_kwh,unused_kwh,start_soc,end_soc,fallbacks
2025-02-01,23544.718963984415,23396.87149864438,0.0,0,0.0,147.84746534004015,86.84138933334512,14120.500653624911,1200.0,4422.807010696496,0
2025-02-02,65826.1434300242,65771.91158252416,0.0,0,0.0,54.23184750004514,22.965000000011614,9196.906522413725,4422.807010696496,5459.470269372613,0
2025-02-03,62981.601655163235,62841.49126995292,0.0,0,0.0,140.1103852103277,60.53566398151025,4304.811391144404,5459.470269372613,3301.2037757355033,0
2025-02-04,63468.354297088714,63466.7668862553,0.0,0,0.0,1.5874108334001693,0.7783333333493367,3276.121956472483,3301.2037757355033,2448.390946699968,0
2025-02-05,63389.71223909791,63366.37496476453,0.0,0,0.0,23.33727433339638,10.84445833334887,3009.687208411007,2448.390946699968,2519.272581503408,0
2025-02-06,64119.22660804689,64119.226608046854,0.0,0,0.0,5.102338292584802e-11,1.0678858838875094e-11,4284.607609166109,2519.272581503408,3176.0868546296297,0
2025-02-07,17462.29100567361,17462.291005673585,0.0,0,0.0,3.402963111298618e-11,1.2451373265776056e-11,6846.11872734388,3176.0868546296297,2039.5080125000022,0
2025-02-08,17517.297440950708,17517.29744095068,0.0,0,0.0,3.530330947021376e-11,1.2257882209265603e-11,5855.454133170012,2039.5080125000022,2451.362269312166,0
2025-02-09,62137.785450242816,62137.78545024273,0.0,0,0.0,8.714016930255753e-11,1.943734062592739e-11,1680.4294857120485,2451.362269312166,3566.8630330487695,0
2025-02-10,60199.85339331753,60199.85339331749,0.0,0,0.0,4.017581262116821e-11,1.1071699113074374e-11,7807.334620356421,3566.8630330487695,3473.1742932515235,0
2025-02-11,60084.00505049537,60084.00505049531,0.0,0,0.0,6.967454833917142e-11,1.5239448591941596e-11,6159.807708333738,3473.1742932515235,3720.971995759442,0
2025-02-12,58959.310193325786,58959.31019332573,0.0,0,0.0,5.4741391891655055e-11,1.3097134488049278e-11,5137.458637096705,3720.971995759442,3288.2827199203793,0
2025-02-13,55206.71981694319,55206.71981694312,0.0,0,0.0,7.033331916872498e-11,1.6433077121291717e-11,4944.2281522931235,3288.2827199203793,2765.6032978586027,0
2025-02-14,16667.479071352926,14158.871188491737,0.0,0,0.0,2508.607882861188,565.8955199307253,2183.1852950396956,2765.6032978586027,1304.2953851234568,0
2025-02-15,17239.16032965465,15274.624964137769,0.0,0,0.0,1964.5353655168853,477.28462198612146,2851.4669866132795,1304.2953851234568,1200.0,0
2025-02-16,58220.36960736983,53947.17736309328,0.0,0,0.0,4273.192244276554,778.576749264922,183.4529174603341,1200.0,1333.089444645062,0
2025-02-17,54849.03960010222,54849.03960010218,0.0,0,0.0,5.083349341461485e-11,1.3519851904675306e-11,4758.078075582009,1333.089444645062,2078.4753650302205,0
2025-02-18,53211.11413425475,53211.114134254705,0.0,0,0.0,7.515127609103445e-11,1.908606606093599e-11,2579.7114996031564,2078.4753650302205,2523.493548905072,0
2025-02-19,53731.224045815405,52007.18787468024,0.0,0,0.0,1724.036171135171,413.7441357767218,1779.2947573412882,2523.493548905072,1200.0,0
2025-02-20,52338.817568318926,52338.81756831889,0.0,0,0.0,5.623598831050458e-11,1.2743583965857397e-11,1897.855283060459,1200.0,1651.3555502011493,0
2025-02-21,14675.536434632275,14675.536434632242,0.0,0,0.0,2.9424051861681734e-11,9.048761739904876e-12,5363.749061025385,1651.3555502011493,1645.4602297567797,0
2025-02-22,14890.398710952084,14841.795147911136,0.0,0,0.0,48.603563040952665,9.518911680567824,3238.6816866051245,1645.4602297567797,1501.0497434567865,0
2025-02-23,51891.3093583099,51891.309358309845,0.0,0,0.0,6.47001336395725e-11,1.5872525516158476e-11,808.5957234053648,1501.0497434567865,2058.1997210464424,0
2025-02-24,51290.98900382239,51290.98900382237,0.0,0,0.0,5.257654472901052e-11,1.4183876295703612e-11,4647.518000913937,2058.1997210464424,1828.147103929564,0
2025-02-25,50437.10447427577,50437.10447427569,0.0,0,0.0,6.575509203798902e-11,1.6146195491728577e-11,5996.199672863818,1828.147103929564,2472.4197132238974,0
2025-02-26,49261.29008050234,49114.34284999597,0.0,0,0.0,146.94723050636804,27.552548387173523,1662.5573722289644,2472.4197132238974,1668.3593542132376,0
2025-02-27,51376.54835682928,47043.13634468561,0.0,0,0.0,4333.412012143667,818.9145005694547,1921.309165919612,1668.3593542132376,2380.0197407533865,0
2025-02-28,13607.085048500609,13607.085048500572,0.0,0,0.0,4.14044372121225e-11,1.2313261521512686e-11,6711.506693177581,2380.0197407533865,1530.8561860058903,0
2025-03-01,14022.728929456698,13841.585368534124,0.0,0,0.0,181.14356092257387,45.58673066957902,6542.708157014847,1530.8561860058903,1370.3823239969133,0
2025-03-02,64414.33087539825,49747.466745374666,0.0,0,0.0,14666.864130023578,2604.6529984012927,1296.022345260526,1370.3823239969133,1897.5068075000001,0
2025-03-03,51471.45875934486,51471.45875934481,0.0,0,0.0,7.075488606123059e-11,1.750644074149932e-11,346.22912345133835,1897.5068075000001,1476.2976828028259,0
2025-03-04,53173.21842626162,53173.21842626157,0.0,0,0.0,4.049061486099959e-11,9.728218230975472e-12,5364.51428918338,1476.2976828028259,2205.924702692576,0
2025-03-05,51212.09681518909,51212.096815189034,0.0,0,0.0,6.906084060176454e-11,1.6491696896991925e-11,8231.77991346023,2205.924702692576,2071.3765311839284,0
2025-03-06,49420.91845504039,49356.334569706974,0.0,0,0.0,64.58388533340825,33.637440277796514,5568.710320308594,2071.3765311839284,1790.5389834212158,0
2025-03-07,13260.101714516088,13260.10171451606,0.0,0,0.0,2.851286357019589e-11,9.873546424898905e-12,7816.635752956608,1790.5389834212158,1669.3078939179593,0
2025-03-08,15728.317723198928,12623.904690976698,0.0,0,0.0,3104.413032222228,1116.6098535090296,8860.405653690032,1669.3078939179593,1796.232676450632,0
2025-03-09,44911.10171914758,44871.995150218645,0.0,0,0.0,39.10656892893746,19.815844402793974,1469.4163121913791,1796.232676450632,2326.4655711882556,0
2025-03-10,58513.65564401824,45399.308956434295,0.0,0,0.0,13114.346687583964,2303.03069467793,1.124456083800851e-11,2326.4655711882556,1288.0337518952158,0
2025-03-11,46380.495819478456,46326.51487012299,0.0,0,0.0,53.980949355492385,24.359634185677628,3302.654178122487,1288.0337518952158,1547.4274102530285,0
2025-03-12,46608.000816255415,46080.69219082405,0.0,0,0.0,527.3086254313697,275.9248906167328,5870.272065438183,1547.4274102530285,1412.7106815522504,0
2025-03-13,50386.4117092176,46477.378323069526,0.0,0,0.0,3909.0333861480785,839.3508876553744,475.9841277777924,1412.7106815522504,1402.1213638888898,0
2025-03-14,12496.00614414852,12465.477117915161,0.0,0,0.0,30.52902623335831,26.386366666674032,11096.221630842689,1402.1213638888898,1601.962821894909,0
2025-03-15,12835.414351313793,12780.070553074718,0.0,0,0.0,55.34379823907586,22.822184840854494,7000.381861462061,1601.962821894909,1200.0,0
2025-03-16,47099.490473011494,47092.87530693052,0.0,0,0.0,6.615166080997977,1.3424994583474115,3609.6714602484712,1200.0,3455.6389027184396,0
2025-03-17,43762.90734470894,43762.90734470889,0.0,0,0.0,8.101504497121104e-11,2.0538730438612873e-11,7299.951996294643,3455.6389027184396,3471.6005389830184,0
2025-03-18,43144.8834637314,43144.883463731356,0.0,0,0.0,6.38965966803795e-11,1.673283733794051e-11,2678.4942293210006,3471.6005389830184,3028.152872390825,0
2025-03-19,42259.47869628242,42259.47869628238,0.0,0,0.0,4.2821604484544194e-11,1.1475709271735468e-11,3306.3348907002833,3028.152872390825,2903.6869027493926,0
2025-03-20,42078.73705688641,42078.737056886355,0.0,0,0.0,6.92673075008976e-11,1.876077071472082e-11,413.27996590470406,2903.6869027493926,1714.0490225463848,0
2025-03-21,12135.311521457781,12135.31152145776,0.0,0,0.0,2.1013430551164446e-11,5.877076603155729e-12,14906.508956538506,1714.0490225463848,1242.220192247596,0
2025-03-22,12689.380755438748,12689.380755438717,0.0,0,0.0,3.1359536523112295e-11,1.0177192422133885e-11,11017.119529108948,1242.220192247596,2234.288034991205,0
2025-03-23,41924.485534403924,41924.485534403895,0.0,0,0.0,3.638683709894508e-11,1.014388573139513e-11,3996.07913303791,2234.288034991205,2396.6218721569003,0
2025-03-24,40706.33895522272,40706.33895522266,0.0,0,0.0,6.086479478750739e-11,1.3524195652259152e-11,3877.9726197351183,2396.6218721569003,1940.1770928428234,0
2025-03-25,41382.49924782945,41067.20979502928,0.0,0,0.0,315.2894528001883,152.84817971231027,1188.6111049921349,1940.1770928428234,1629.1114147292237,0
2025-03-26,40272.73505275466,40272.73505275464,0.0,0,0.0,4.0946589230372864e-11,1.1259437826538488e-11,6395.616128318807,1629.1114147292237,1548.6014517438298,0
2025-03-27,40142.864711090755,40142.86471109072,0.0,0,0.0,5.853566353852813e-11,1.3588352665294678e-11,2729.827978484927,1548.6014517438298,1498.1526175771567,0
2025-03-28,12206.496388375397,12206.496388375386,0.0,0,0.0,1.846778241443303e-11,7.036593530074242e-12,15635.634570106771,1498.1526175771567,1884.8815324799352,0
2025-03-29,11969.281246426768,11684.31705066741,0.0,0,0.0,284.96419575935704,70.44127717648101,18888.987907560666,1884.8815324799352,1368.9496294290125,0
2025-03-30,38560.52001534214,38560.52001534212,0.0,0,0.0,4.541230413934727e-11,1.1262102361797588e-11,3658.2359500988646,1368.9496294290125,1976.7019807904678,0
2025-03-31,38899.9048785561,37561.88853590116,0.0,0,0.0,1338.0163426549673,254.22849219629893,1288.2633603878567,1976.7019807904678,1602.0871254320996,0
2025-04-01,45642.367086009275,39313.00692981393,0.0,0,0.0,6329.3601561953365,1110.1188469235813,4.777455555572159,1602.0871254320996,1497.7720561779845,0
2025-04-02,48048.832366397866,39986.803101579964,0.0,0,0.0,8062.029264817911,1504.6086104052517,2051.5846962387145,1497.7720561779845,1740.5993005106475,0
2025-04-03,41298.97442571619,41298.97442571616,0.0,0,0.0,3.368649667545576e-11,9.108769294385866e-12,7316.00702669147,1740.5993005106475,1679.2421489489025,0
2025-04-04,11214.956773158403,11172.931743587134,0.0,0,0.0,42.02502957126794,24.028032916671794,18929.636533020486,1679.2421489489025,1689.9875497842504,0
2025-04-05,11527.44939049083,11384.163861939094,0.0,0,0.0,143.2855285517352,82.92028609695952,14060.643343243844,1689.9875497842504,1252.7348324229895,0
2025-04-06,40148.22093447966,40148.220934479614,0.0,0,0.0,5.012349557631524e-11,1.2463807763651857e-11,6448.494292900825,1252.7348324229895,1845.3971864395937,0
2025-04-07,39098.76189720819,39098.761897208184,0.0,0,0.0,3.757225419676047e-11,9.638068121375909e-12,7180.924925244474,1845.3971864395937,1732.8062927513222,0
2025-04-08,38428.888180871196,38360.77678502108,0.0,0,0.0,68.11139585011786,29.78198331880221,5051.715394135819,1732.8062927513222,1200.0,0
2025-04-09,40710.47511608169,38115.218190928455,0.0,0,0.0,2595.256925153246,595.6126533353342,154.5822003968435,1200.0,1345.2688343566974,0
2025-04-10,38579.89371377463,38579.89371377458,0.0,0,0.0,4.832946742805433e-11,1.2299383733704872e-11,4203.688207374163,1345.2688343566974,1659.3109749214796,0
2025-04-11,11016.173414118843,11016.17341411883,0.0,0,0.0,1.2327437196035795e-11,4.7993553575764736e-12,19752.190193447645,1659.3109749214796,1465.9587697971758,0
2025-04-12,10952.384190453595,10952.384190453571,0.0,0,0.0,2.4547862631507654e-11,7.635225784952127e-12,16182.023939412107,1465.9587697971758,1783.0987649268304,0
2025-04-13,37635.094661220726,37635.09466122066,0.0,0,0.0,5.7743443804270103e-11,1.4384937685463228e-11,3187.9601953130555,1783.0987649268304,1740.4181203301132,0
2025-04-14,36942.49122314905,36942.491223149016,0.0,0,0.0,3.571155299253448e-11,1.0168643704844271e-11,4491.037576882321,1740.4181203301132,1716.9627216581441,0
2025-04-15,36703.47892688529,36703.47892688525,0.0,0,0.0,4.8073100611389917e-11,1.1480150163833969e-11,7290.031236294662,1716.9627216581441,1950.1105516588455,0
2025-04-16,36897.15598548434,36897.15598548431,0.0,0,0.0,4.5664077408247296e-11,1.3671286325234178e-11,675.5444376827922,1950.1105516588455,1775.8152147751307,0
2025-04-17,36128.74258438991,36128.74258438985,0.0,0,0.0,6.723721979184915e-11,1.6668555424814713e-11,3248.9695929248687,1775.8152147751307,1846.8307518864801,0
2025-04-18,10733.34760901092,10733.347609010903,0.0,0,0.0,1.76597276411658e-11,5.6604044368357975e-12,17682.600475473304,1846.8307518864801,1969.483567233237,0
2025-04-19,10764.111409217243,10764.111409217236,0.0,0,0.0,1.011370409642609e-11,3.5784708529718046e-12,17302.224628681073,1969.483567233237,1915.4641769104755,0
2025-04-20,35806.18337479118,35806.183374791144,0.0,0,0.0,4.1119301852354794e-11,1.1974865543606938e-11,3391.1827071365897,1915.4641769104755,2055.741072987785,0
2025-04-21,34944.87111982463,34944.87111982457,0.0,0,0.0,5.3771170627214813e-11,1.5705658995557314e-11,6935.435960138661,2055.741072987785,1614.1346499893846,0
2025-04-22,35565.2159173229,35565.21591732285,0.0,0,0.0,5.321361062904373e-11,1.4482415267025317e-11,2731.878442189104,1614.1346499893846,1809.1065939216824,0
2025-04-23,36098.001447126204,36098.00144712615,0.0,0,0.0,4.2458803140021924e-11,1.0944800621359718e-11,3128.3696241305997,1809.1065939216824,2434.9082683564893,0
2025-04-24,34465.20637226878,34465.20637226873,0.0,0,0.0,5.540782871404914e-11,1.5713985668242003e-11,7486.84948241202,2434.9082683564893,1768.4713088782808,0
2025-04-25,9914.327032217416,9914.3270322174,0.0,0,0.0,1.8872035711936518e-11,5.416556092541214e-12,21377.124069399928,1768.4713088782808,1553.6403175122637,0
2025-04-26,10406.684303083,10118.525595591127,0.0,0,0.0,288.15870749187656,113.40634959326263,23386.868536385642,1553.6403175122637,1200.0,0
2025-04-27,34832.21862272369,32986.16623491724,0.0,0,0.0,1846.0523878064528,299.00708252258505,3500.83690252835,1200.0,1344.1768881481476,0
2025-04-28,57403.67154590936,33557.661141373304,0.0,0,0.0,23846.01040453607,4014.485177106947,16.571419047629874,1344.1768881481476,1361.5397920370362,0
2025-04-29,34216.788266335,34216.78826633495,0.0,0,0.0,6.326947549206707e-11,1.5966894473251614e-11,6832.466060971986,1361.5397920370362,1696.5431842158305,0
2025-04-30,33328.468437151365,33328.46843715132,0.0,0,0.0,3.9582534805404633e-11,1.0661915794685228e-11,4000.45903349611,1696.5431842158305,1832.4422805382935,0
2025-05-01,46843.29934816441,33986.84991023415,0.0,0,0.0,12856.449437930252,2570.1003943297114,3367.127973046626,1832.4422805382935,1221.93075,0
2025-05-02,22457.909200198384,10506.271770410669,0.0,0,0.0,11951.63742978771,3004.7867315531325,11916.862727777787,1221.93075,1200.0,0
2025-05-03,15947.480303809823,11230.038552126112,0.0,0,0.0,4717.4417516837175,1192.0575796309547,16814.9133258182,1200.0,1200.0,0
2025-05-04,38758.84347205516,38719.0177271051,0.0,0,0.0,39.82574495005193,5.996950000013225,6503.29285082835,1200.0,1267.1912220751556,0
2025-05-05,39463.57066385689,39388.30752459408,0.0,0,0.0,75.2631392628299,34.13135511299802,2327.1775365574786,1267.1912220751556,1522.0183888756615,0
2025-05-06,39582.11780307303,38397.29659666945,0.0,0,0.0,1184.8212064035972,238.01766313096297,4671.115661519498,1522.0183888756615,1356.0209348545004,0
2025-05-07,40994.08234986068,39584.81149393982,0.0,0,0.0,1409.2708559208622,284.1643341104907,3246.198901899611,1356.0209348545004,1312.5355312037045,0
2025-05-08,40182.145639734474,40182.14563973442,0.0,0,0.0,4.3818012107621484e-11,1.124500492721836e-11,3193.2144604210225,1312.5355312037045,1921.4477206881593,0
2025-05-09,12371.244401701879,12371.244401701864,0.0,0,0.0,1.4452289587296719e-11,4.658495811327157e-12,16849.789686133903,1921.4477206881593,2189.035737341269,0
2025-05-10,12186.880366637839,12186.880366637819,0.0,0,0.0,1.7667295848511343e-11,5.595968133320639e-12,13704.046783744856,2189.035737341269,1504.5030458680922,0
2025-05-11,39886.711709821975,39557.33827898445,0.0,0,0.0,329.3734308375457,49.60190833334578,2844.1850556437494,1504.5030458680922,1873.0677021836857,0
2025-05-12,40157.68193637591,40157.681936375855,0.0,0,0.0,5.356691634705868e-11,1.2979506358590243e-11,8519.27071719431,1873.0677021836857,2211.8715793650777,0
2025-05-13,39157.00121154605,39157.00121154604,0.0,0,0.0,3.916023350036824e-11,1.013900075008678e-11,6073.658421325256,2211.8715793650777,2401.0895237034497,0
2025-05-14,38817.618105202135,38817.6181052021,0.0,0,0.0,4.4951977473672856e-11,1.0513812043200232e-11,6725.12906796929,2401.0895237034497,1971.791228827643,0
2025-05-15,39821.66467146937,39821.66467146932,0.0,0,0.0,5.604104774681318e-11,1.377242764277753e-11,5411.984893097973,1971.791228827643,3097.713896451931,0
2025-05-16,11944.436940392525,11944.436940392501,0.0,0,0.0,2.0921578025578922e-11,5.994760243765995e-12,22743.13036489801,3097.713896451931,2307.109388527337,0
2025-05-17,12160.239335527309,12160.239335527285,0.0,0,0.0,2.9838034570905945e-11,7.869177531816263e-12,14805.664949860085,2307.109388527337,2121.539079285718,0
2025-05-18,38552.1617127042,38552.16171270414,0.0,0,0.0,4.312557874697198e-11,1.2392586956622154e-11,3244.399566646181,2121.539079285718,2675.0434279652477,0
2025-05-19,38095.373029694914,38095.37302969489,0.0,0,0.0,3.352015487401161e-11,9.600986672353429e-12,9414.943493539758,2675.0434279652477,2847.2793366297674,0
2025-05-20,37795.87085988545,37795.87085988541,0.0,0,0.0,4.664145913935158e-11,1.3283818489639998e-11,2167.3557320278123,2847.2793366297674,2349.1445292688304,0
2025-05-21,38386.207382209046,38386.207382209,0.0,0,0.0,5.828257210183096e-11,1.3591350267461166e-11,5882.980440389338,2349.1445292688304,2579.7829627910037,0
2025-05-22,38276.96902828439,38276.969028284366,0.0,0,0.0,3.234253731498882e-11,9.851008897499014e-12,4860.677720011483,2579.7829627910037,3906.4414891457573,0
2025-05-23,11873.893002980629,11873.893002980603,0.0,0,0.0,2.3807326332558886e-11,6.059597268404104e-12,18094.97955408922,3906.4414891457573,3292.858358935716,0
2025-05-24,12701.29129952092,12701.291299520903,0.0,0,0.0,1.742259314596595e-11,4.235722883549897e-12,21079.061219702242,3292.858358935716,3465.173365655636,0
2025-05-25,37845.855112093464,37845.85511209343,0.0,0,0.0,3.5206959347888755e-11,1.0027090269204564e-11,7181.83196446209,3465.173365655636,3796.4226909220897,0
2025-05-26,37162.38389007757,37162.38389007753,0.0,0,0.0,4.8956050768822477e-11,1.2660095194405585e-11,664.3048744495032,3796.4226909220897,3288.862897884442,0
2025-05-27,36886.01366976515,36828.89779489844,0.0,0,0.0,57.11587486670811,29.88013333334543,5126.577595191836,3288.862897884442,3532.736484329702,0
2025-05-28,36995.98208234711,36907.243949013726,0.0,0,0.0,88.73813333339432,43.32916666668146,953.7494811287613,3532.736484329702,3986.6704133231283,0
2025-05-29,37474.03572734787,36947.09199436655,0.0,0,0.0,526.943732981308,106.19172676058442,2.0296428571656833,3986.6704133231283,3294.820703759515,0
2025-05-30,12661.069072444196,12661.06907244417,0.0,0,0.0,2.8339439683833232e-11,9.14468500923249e-12,17980.513648677257,3294.820703759515,3680.443258942204,0
2025-05-31,12645.629014193162,12087.397428409342,0.0,0,0.0,558.2315857838173,197.92388885010416,16171.549018261912,3680.443258942204,3826.83738404259,0
2025-06-01,108530.7012277908,40913.814255686855,0.0,0,0.0,67616.88697210394,12462.469933071374,14.552111904766132,3826.83738404259,1571.1215945370368,0
2025-06-02,82940.98231765578,43368.954254579396,0.0,0,0.0,39572.02806307644,7866.492090964395,27.139276190485994,1571.1215945370368,1234.9135273148145,0
2025-06-03,57379.22692933205,49868.48386343529,0.0,0,0.0,7510.743065896754,1437.6145993722903,1635.922249207336,1234.9135273148145,1640.2946882630156,0
2025-06-04,55293.70728945939,55206.17961213851,0.0,0,0.0,87.52767732087557,12.349575000010372,6418.675959244574,1640.2946882630156,1582.3926587931921,0
2025-06-05,55917.526564700966,55737.04367134259,0.0,0,0.0,180.48289335838732,25.946991666680432,4058.7978408607833,1582.3926587931921,1678.2292888473444,0
2025-06-06,26248.837512849237,18498.33542736726,0.0,0,0.0,7750.5020854819895,1365.7684964072716,4861.362768481712,1678.2292888473444,1221.4515,0
2025-06-07,19658.51052904715,19538.7187602507,0.0,0,0.0,119.79176879644776,21.62696674426304,3323.263293865557,1221.4515,1574.5648137962978,0
2025-06-08,61734.898113365016,61734.898113364965,0.0,0,0.0,5.923016477282773e-11,1.2288614570366008e-11,13588.602052767284,1574.5648137962978,6433.385556819026,0
2025-06-09,58564.98489045704,58564.984890456966,0.0,0,0.0,5.970794358933773e-11,1.3975709478586396e-11,5045.189611823671,6433.385556819026,5970.745984668087,0
2025-06-10,65106.74464405986,65106.744644059814,0.0,0,0.0,4.560124233776719e-11,1.1092460283634864e-11,10800.838915836424,5970.745984668087,8572.931698559592,0
2025-06-11,63374.290935139135,63374.290935139055,0.0,0,0.0,8.447607324768569e-11,1.9898305225751756e-11,3630.6759732975884,8572.931698559592,9100.38695815335,0
2025-06-12,64381.8016403759,64381.80164037584,0.0,0,0.0,8.987485788924943e-11,2.0904500352969535e-11,8686.286517554849,9100.38695815335,9566.984461080678,0
2025-06-13,21824.495058415818,21824.495058415796,0.0,0,0.0,2.927568321098306e-11,9.809042467168183e-12,10967.862143796989,9566.984461080678,5497.679335632584,0
2025-06-14,24045.74897932075,24045.748979320728,0.0,0,0.0,1.607356781008207e-11,6.033396005022951e-12,14458.977092020039,5497.679335632584,5180.351195522576,0
2025-06-15,64738.54587262001,64738.545872619965,0.0,0,0.0,5.4129583482165346e-11,1.1780798558902461e-11,10320.503722509815,5180.351195522576,8876.664887281635,0
2025-06-16,62902.82378057955,62902.82378057947,0.0,0,0.0,8.499520784410741e-11,2.0382084908732168e-11,7370.575208189367,8876.664887281635,8970.78702731262,0
2025-06-17,61787.079547540714,61787.07954754059,0.0,0,0.0,9.981550563864517e-11,2.3436363960627205e-11,3701.6805498971476,8970.78702731262,9055.856446105114,0
2025-06-18,63590.15180636307,63590.15180636298,0.0,0,0.0,7.738455615191597e-11,1.5972223543769815e-11,10748.667055084421,9055.856446105114,8694.25164929233,0
2025-06-19,62878.64951129353,62878.649511293464,0.0,0,0.0,6.224831672341224e-11,1.6912693467929785e-11,12797.774416842112,8694.25164929233,8743.036210275659,0
2025-06-20,20344.39427754895,20344.394277548923,0.0,0,0.0,2.836859946953041e-11,8.955947095046213e-12,14383.989690952423,8743.036210275659,5217.8049245496395,0
2025-06-21,21134.730689799962,21134.73068979994,0.0,0,0.0,2.764522744058695e-11,7.58504370423907e-12,16696.41010477648,5217.8049245496395,5772.675891071431,0
2025-06-22,59365.12763213858,59365.12763213851,0.0,0,0.0,6.212043190956251e-11,1.5357493055034865e-11,7552.354087800105,5772.675891071431,8822.682202790631,0
2025-06-23,57990.748415035305,57990.74841503522,0.0,0,0.0,7.834119752914148e-11,1.8319568084734783e-11,8453.6291852097,8822.682202790631,8324.223179230601,0
2025-06-24,59073.780639130026,59073.78063912998,0.0,0,0.0,4.7815256642991243e-11,1.1889156326105876e-11,1563.173237387558,8324.223179230601,5010.652798664284,0
2025-06-25,62052.789819499856,62052.789819499754,0.0,0,0.0,8.926002692533075e-11,2.177857894025692e-11,6980.340343713688,5010.652798664284,9305.911408004862,0
2025-06-26,60709.39811156575,60709.39811156569,0.0,0,0.0,5.83640805129626e-11,1.4428125361121147e-11,12200.5868169943,9305.911408004862,8719.621363372182,0
2025-06-27,18985.818414417616,18985.818414417605,0.0,0,0.0,1.8998422390836822e-11,7.096545573404001e-12,16476.239819433278,8719.621363372182,5131.326769000309,0
2025-06-28,20175.085797126165,20175.085797126143,0.0,0,0.0,2.0601170547251968e-11,6.352252057695296e-12,13562.61149165292,5131.326769000309,4882.9176304175635,0
2025-06-29,61372.68223123591,61372.68223123584,0.0,0,0.0,7.271265678454597e-11,1.539879335155092e-11,8196.36458153294,4882.9176304175635,7982.066708986889,0
2025-06-30,58598.92575847719,58598.925758477104,0.0,0,0.0,7.938070564761367e-11,1.8588408590147765e-11,7098.713724009223,7982.066708986889,7283.35445423438,0
2025-07-01,64713.345379753955,64713.34537975385,0.0,0,0.0,8.751157665187747e-11,1.8608670160347174e-11,1653.7766028645663,7283.35445423438,3774.2813446391046,0
2025-07-02,63650.12476431669,63458.179830366644,0.0,0,0.0,191.9449339500533,23.47721706350368,5204.775399140736,3774.2813446391046,3109.49963942681,0
2025-07-03,75826.06787214194,62734.382792887554,0.0,0,0.0,13091.685079254423,1809.4802363233205,240.547182936521,3109.49963942681,1248.6077127314811,0
2025-07-04,27649.763901836515,23408.502722235517,0.0,0,0.0,4241.261179600991,1342.352253953041,9902.792008690974,1248.6077127314811,1200.0,0
2025-07-05,28270.723264272492,23494.117938588017,0.0,0,0.0,4776.605325684473,818.6009945649612,10363.68996666667,1200.0,1351.9926385339504,0
2025-07-06,94429.47535825208,59861.51566425128,0.0,0,0.0,34567.959694000776,5643.928296031756,39.48529285715135,1351.9926385339504,1230.4253224074077,0
2025-07-07,65935.5520772024,65935.55207720237,0.0,0,0.0,4.401099640283235e-11,9.194867089945546e-12,7095.904066264663,1230.4253224074077,4396.19667836199,0
2025-07-08,75664.7932561355,75664.79325613547,0.0,0,0.0,5.16762543867344e-11,1.2397194382174348e-11,15101.30654993223,4396.19667836199,7325.2466141957475,0
2025-07-09,72801.43890262926,72801.43890262922,0.0,0,0.0,5.12722486689654e-11,1.247713043994736e-11,15550.985074760181,7325.2466141957475,7733.542222360028,0
2025-07-10,73749.57916292326,73749.57916292318,0.0,0,0.0,5.702004357566182e-11,1.361444290637337e-11,17481.733621295283,7733.542222360028,7665.243256857228,0
2025-07-11,32566.22400415958,32566.22400415955,0.0,0,0.0,2.660618081407051e-11,6.5574212726460246e-12,16464.361803769407,7665.243256857228,6936.823342089178,0
2025-07-12,29344.18380994826,29344.18380994824,0.0,0,0.0,2.626816142381472e-11,7.8026474170656e-12,15252.704520400086,6936.823342089178,5259.128612514265,0
2025-07-13,66918.9144041491,66918.91440414904,0.0,0,0.0,5.036362793475746e-11,1.078248601515952e-11,15741.18268309519,5259.128612514265,6123.340416629032,0
2025-07-14,65941.77590342799,65941.77590342793,0.0,0,0.0,3.662801928427939e-11,8.15880696336535e-12,11983.150968763977,6123.340416629032,5576.826359612632,0
2025-07-15,66617.0192061731,66617.01920617303,0.0,0,0.0,5.531399871472331e-11,1.3129053400007251e-11,10156.111256138767,5576.826359612632,6080.775711922399,0
2025-07-16,66360.74493049213,66360.74493049207,0.0,0,0.0,5.686209902933115e-11,1.2918111025328471e-11,10683.807551944305,6080.775711922399,5644.1075559445435,0
2025-07-17,65479.357415043996,65479.35741504392,0.0,0,0.0,6.35984545027668e-11,1.340083599643549e-11,8879.646740651991,5644.1075559445435,5518.831312939529,0
2025-07-18,28328.628975118205,28328.628975118194,0.0,0,0.0,1.2681283578785951e-11,4.419575816427823e-12,12988.597616143168,5518.831312939529,5532.061529786794,0
2025-07-19,28607.32021025372,28607.320210253703,0.0,0,0.0,2.1147990469927435e-11,4.3298697960381105e-12,17412.16176136793,5532.061529786794,5325.4362287791455,0
2025-07-20,64678.911964562896,64678.91196456285,0.0,0,0.0,4.436831524401441e-11,1.0549783269198088e-11,8890.275383593002,5325.4362287791455,5645.0934021450585,0
2025-07-21,66813.29307796639,66813.29307796631,0.0,0,0.0,4.631744143779315e-11,9.376499576774222e-12,8161.042233024515,5645.0934021450585,5933.463275851378,0
2025-07-22,65577.4332718559,65577.43327185587,0.0,0,0.0,4.4151240219392205e-11,1.0154987961641382e-11,8730.237082466228,5933.463275851378,5125.660838232474,0
2025-07-23,65944.82744432418,65944.82744432415,0.0,0,0.0,5.795153157350797e-11,1.220312739746987e-11,7826.418711509325,5125.660838232474,5657.416296915782,0
2025-07-24,66174.94029472265,66174.94029472253,0.0,0,0.0,6.750227576901579e-11,1.3224088490915165e-11,8254.61708201473,5657.416296915782,6324.143273940083,0
2025-07-25,27718.83002171236,27718.83002171234,0.0,0,0.0,2.228312823149281e-11,6.59738930153253e-12,17154.467229083613,6324.143273940083,5578.1497395138895,0
2025-07-26,28748.965823411312,28748.965823411287,0.0,0,0.0,2.1413576689610638e-11,5.9259264162392356e-12,16115.097097946333,5578.1497395138895,5359.638253471781,0
2025-07-27,65686.51171952584,64900.45001691942,0.0,0,0.0,786.0617026064008,150.36905873017022,7316.853772766399,5359.638253471781,5632.661248736752,0
2025-07-28,65276.0305388569,65276.03053885681,0.0,0,0.0,7.861261064334712e-11,1.6511236822225328e-11,3983.4997683691136,5632.661248736752,5087.043461951162,0
2025-07-29,66828.17984663614,66828.1798466361,0.0,0,0.0,4.1291430719070373e-11,9.185541216538695e-12,7020.940723078745,5087.043461951162,5674.424545387558,0
2025-07-30,67427.73851569118,67427.73851569113,0.0,0,0.0,5.4135416482914423e-11,1.1274314815068465e-11,8672.105164850736,5674.424545387558,6259.395667845717,0
2025-07-31,65588.6723044057,65588.67230440566,0.0,0,0.0,5.7865926716971213e-11,1.0881073819746234e-11,8751.988510303212,6259.395667845717,5518.745364675098,0
2025-08-01,27921.6665842525,27921.666584252474,0.0,0,0.0,2.498256801430898e-11,6.219469383950127e-12,22108.070845045077,5518.745364675098,5472.657708503085,0
2025-08-02,27700.247182649542,27700.247182649528,0.0,0,0.0,1.861129383939897e-11,4.924061158817494e-12,21859.322782017935,5472.657708503085,5828.930069387013,0
2025-08-03,57464.48889493986,57464.488894939816,0.0,0,0.0,5.767446342730409e-11,1.4572343332019955e-11,14051.78804375487,5828.930069387013,4119.464729092805,0
2025-08-04,56285.52772831138,56285.52772831133,0.0,0,0.0,5.1278804591436966e-11,1.1665501897795139e-11,8269.308791836424,4119.464729092805,3206.5640978440474,0
2025-08-05,54577.80808408978,54577.80808408976,0.0,0,0.0,3.631836945072742e-11,8.071571189205429e-12,6691.993541365678,3206.5640978440474,1935.202986267061,0
2025-08-06,59646.747073328705,53142.72202492946,0.0,0,0.0,6504.025048399222,1423.8316376541025,1899.8118191217034,1935.202986267061,1200.0,0
2025-08-07,54410.9890749608,54410.98907496076,0.0,0,0.0,5.1378641119370627e-11,1.0787815085677721e-11,6006.74419915271,1200.0,1938.134317973683,0
2025-08-08,22385.321775776963,22385.321775776938,0.0,0,0.0,3.0844425680243146e-11,7.2726269451095504e-12,21625.52740955629,1938.134317973683,1922.85265269384,0
2025-08-09,22145.782107968487,22145.782107968473,0.0,0,0.0,1.6883801690070755e-11,4.100275674545628e-12,17792.28849503746,1922.85265269384,1547.9215442139612,0
2025-08-10,54528.220256438035,54528.22025643796,0.0,0,0.0,6.214844994190117e-11,1.2347456390671141e-11,2781.3328279840284,1547.9215442139612,2514.9600174841225,0
2025-08-11,52545.010263218195,52481.2366482841,0.0,0,0.0,63.77361493407864,7.544048611124682,4218.784103084412,2514.9600174841225,1854.856475503347,0
2025-08-12,54900.980017224356,54900.98001722431,0.0,0,0.0,7.289149861477995e-11,1.616218270328318e-11,2200.6887881596003,1854.856475503347,1971.036406143741,0
2025-08-13,54923.98045918855,54923.98045918849,0.0,0,0.0,4.7019683115795406e-11,1.0273025485840748e-11,4496.659271273506,1971.036406143741,2510.915972402991,0
2025-08-14,54293.640665332314,54293.64066533226,0.0,0,0.0,4.318294077876317e-11,9.29611942979136e-12,4813.97644473583,2510.915972402991,2062.8461949701377,0
2025-08-15,22458.40662336699,22458.406623366987,0.0,0,0.0,1.7890147196997218e-11,5.060868391026929e-12,19878.19550565069,2062.8461949701377,2135.1165486882705,0
2025-08-16,22913.833994380908,22913.833994380882,0.0,0,0.0,2.5530150271624307e-11,5.776823464032077e-12,20395.963645384927,2135.1165486882705,2093.9352765499493,0
2025-08-17,52825.34081046029,52825.34081046021,0.0,0,0.0,5.288496573996326e-11,1.3370637930165685e-11,3912.166972602535,2093.9352765499493,2199.472444396028,0
2025-08-18,52461.6878986872,52380.484734141995,0.0,0,0.0,81.2031645452012,9.635498611125804,1679.5362600553692,2199.472444396028,2266.858780951248,0
2025-08-19,52650.41515689782,52650.4151568978,0.0,0,0.0,4.371848522088939e-11,1.1229683849478533e-11,2593.0354243163115,2266.858780951248,2209.2196963666,0
2025-08-20,72986.58285795443,53367.98788983845,0.0,0,0.0,19618.59496811598,2767.077158210905,150.24470932540558,2209.2196963666,1688.4325469949074,0
2025-08-21,55689.22583420862,55689.22583420857,0.0,0,0.0,5.917083978346227e-11,1.078026556911027e-11,6819.413805283078,1688.4325469949074,2095.635216677147,0
2025-08-22,23817.14778249254,22413.373405203783,0.0,0,0.0,1403.7743772887638,340.8015150634261,16435.136617623022,2095.635216677147,1383.0588895563699,0
2025-08-23,22363.43926241795,22363.43926241792,0.0,0,0.0,2.4857499308916787e-11,5.82582593278147e-12,14570.10306488204,1383.0588895563699,1574.8819476381555,0
2025-08-24,55988.93031481756,55988.93031481752,0.0,0,0.0,4.028773981090694e-11,8.678391338889924e-12,8609.156463727237,1574.8819476381555,2184.454287211204,0
2025-08-25,55314.127084966,55314.12708496593,0.0,0,0.0,8.723789957088001e-11,1.8751222796709044e-11,309.81608750001953,2184.454287211204,2224.148621002867,0
2025-08-26,54901.128583329715,54901.12858332963,0.0,0,0.0,6.082858766687238e-11,1.3410217380993572e-11,5468.172772825504,2224.148621002867,2521.047274441563,0
2025-08-27,54867.08857221733,54867.08857221727,0.0,0,0.0,5.908510924967913e-11,1.4325651775948245e-11,2793.904280260439,2521.047274441563,2112.295873227513,0
2025-08-28,56196.91683039744,56196.9168303974,0.0,0,0.0,6.292260401608019e-11,1.5020873433968518e-11,1206.939399779489,2112.295873227513,2177.0472544709005,0
2025-08-29,22503.77754497791,22503.777544977886,0.0,0,0.0,2.649841235324857e-11,6.814548925149211e-12,15005.02535273923,2177.0472544709005,1729.6642521015872,0
2025-08-30,23155.030095788825,22960.28419880713,0.0,0,0.0,194.74589698169623,100.4280851666738,19631.11369470821,1729.6642521015872,1411.440104586945,0
2025-08-31,55301.19228195777,55301.19228195774,0.0,0,0.0,5.2328302801996075e-11,1.1253664666810437e-11,5286.073923250999,1411.440104586945,2438.7290484805394,0
2025-09-01,48470.56066741371,48470.56066741367,0.0,0,0.0,4.183706892035843e-11,1.1176837233506376e-11,13440.413901179858,2438.7290484805394,5891.124868840431,0
2025-09-02,46794.618676634505,46794.618676634476,0.0,0,0.0,3.054011799008549e-11,8.86934969912545e-12,13204.70496183751,5891.124868840431,5951.952965615898,0
2025-09-03,48012.378715199324,48012.37871519928,0.0,0,0.0,3.347947918896921e-11,8.706813048320328e-12,12123.713400798908,5951.952965615898,5669.200128626807,0
2025-09-04,46894.256232475665,46894.25623247566,0.0,0,0.0,2.568016910231563e-11,7.425171588693047e-12,12822.600800122487,5669.200128626807,5603.810962173413,0
2025-09-05,18088.916013607926,18088.9160136079,0.0,0,0.0,2.763533046845623e-11,8.957723451885613e-12,26479.179693082635,5603.810962173413,5565.262265740797,0
2025-09-06,15550.723755240619,15550.723755240599,0.0,0,0.0,2.4145364818650708e-11,7.926548306613768e-12,22488.216237153185,5565.262265740797,4056.21676630967,0
2025-09-07,42040.25605293971,42040.25605293964,0.0,0,0.0,4.802696018657571e-11,1.198330323859409e-11,5063.81117615064,4056.21676630967,3775.6859724779574,0
2025-09-08,73589.79695107217,33782.62691275832,0.0,0,0.0,39807.17003831386,8518.924678641426,79.66169682540449,3775.6859724779574,1668.239025,0
2025-09-09,52962.59266482356,36358.22455144941,0.0,0,0.0,16604.36811337415,3261.5820292265184,3691.819780261624,1668.239025,1330.389478333334,0
2025-09-10,72195.90025085451,39951.89100361215,0.0,0,0.0,32244.00924724237,5772.467246488791,28.057866666675807,1330.389478333334,1593.6501485558651,0
2025-09-11,41989.717121391135,41989.717121391106,0.0,0,0.0,3.909134393964564e-11,1.1435297153639112e-11,6433.094465193317,1593.6501485558651,2165.3660159592137,0
2025-09-12,16292.54928072625,16292.549280726234,0.0,0,0.0,1.847160380208379e-11,7.274181257344026e-12,18237.18108689747,2165.3660159592137,3331.7451586221287,0
2025-09-13,16053.740684176539,16053.74068417651,0.0,0,0.0,2.4621802818813876e-11,8.216538560645859e-12,22298.576077069563,3331.7451586221287,3580.5228133494456,0
2025-09-14,45817.263440527575,45817.2634405275,0.0,0,0.0,6.543267327963065e-11,1.7268408925019685e-11,3775.373670481841,3580.5228133494456,3897.891549756571,0
2025-09-15,46925.63846107831,46925.63846107829,0.0,0,0.0,3.3376132524409743e-11,8.951950292157562e-12,8300.670442641973,3897.891549756571,5787.773653231926,0
2025-09-16,45582.02604025137,45582.0260402513,0.0,0,0.0,5.3177955275374164e-11,1.4933082548296284e-11,4846.7774990152,5787.773653231926,4139.9214037906,0
2025-09-17,47008.96260289933,47008.96260289929,0.0,0,0.0,4.996065783302583e-11,1.4045875573742705e-11,4174.9634488625015,4139.9214037906,5349.22359618827,0
2025-09-18,45335.18818504601,45335.188185045954,0.0,0,0.0,5.216999432455793e-11,1.3860468328630304e-11,5743.624446734593,5349.22359618827,4098.838523864425,0
2025-09-19,16564.75855733527,16564.75855733524,0.0,0,0.0,2.726892889270971e-11,9.340972439986217e-12,15048.632668547738,4098.838523864425,3929.9057729894153,0
2025-09-20,16121.208306229197,16121.208306229171,0.0,0,0.0,3.2325440546543406e-11,9.968026404294505e-12,15523.607377216844,3929.9057729894153,3542.168199177689,0
2025-09-21,49218.646018288935,49218.64601828888,0.0,0,0.0,4.429806543804204e-11,1.1092016194425014e-11,7143.7271304519245,3542.168199177689,5980.832668868837,0
2025-09-22,47674.54394060682,47674.543940606774,0.0,0,0.0,4.981186307873031e-11,1.2712053631958042e-11,6791.79696045704,5980.832668868837,4206.501448531796,0
2025-09-23,49783.48404021119,49783.484040211144,0.0,0,0.0,6.866910784442126e-11,1.7161605470050745e-11,4525.060597026075,4206.501448531796,5965.712636662259,0
2025-09-24,48154.141930001155,48154.14193000113,0.0,0,0.0,4.349217264110194e-11,1.2286394124316757e-11,6208.232281986195,5965.712636662259,5154.939311442748,0
2025-09-25,48887.15649448747,48887.15649448741,0.0,0,0.0,4.765179673071884e-11,1.2568612817176472e-11,7729.4402371521755,5154.939311442748,5000.018391948481,0
2025-09-26,16090.209996207032,16090.20999620701,0.0,0,0.0,2.6298352828746373e-11,8.030909270928532e-12,14267.593312704288,5000.018391948481,3812.1321774250487,0
2025-09-27,17109.681735554605,17109.681735554575,0.0,0,0.0,3.075648313810575e-11,9.00879371101837e-12,14703.129440308627,3812.1321774250487,3022.165963123943,0
2025-09-28,50894.484447262585,50894.48444726254,0.0,0,0.0,5.623486798445043e-11,1.3562706513425837e-11,4056.171186400314,3022.165963123943,5186.769387030648,0
2025-09-29,50641.35441132987,50641.354411329834,0.0,0,0.0,4.704129219490483e-11,1.3382628338831637e-11,6059.848226337023,5186.769387030648,5577.245953620441,0
2025-09-30,51114.6979467069,51114.69794670683,0.0,0,0.0,4.491444682841461e-11,1.1999290450148692e-11,2701.4642056645457,5577.245953620441,6045.958665333338,0
2025-10-01,47866.46055646637,47866.460556466336,0.0,0,0.0,3.699282391522729e-11,1.077538058780192e-11,18356.133859309815,6045.958665333338,7397.659932920077,0
2025-10-02,45929.93182707044,45929.93182707037,0.0,0,0.0,5.3308555791886645e-11,1.481303968375869e-11,13809.398670658702,7397.659932920077,7491.801413124627,0
2025-10-03,13940.731768871126,13940.731768871097,0.0,0,0.0,2.8779584493321407e-11,1.0510037284916507e-11,21439.8747273819,7491.801413124627,5563.347122266314,0
2025-10-04,16187.334197884957,16187.334197884938,0.0,0,0.0,1.995909570950971e-11,6.913580818945775e-12,17574.814242358447,5563.347122266314,5947.508482215474,0
2025-10-05,46861.8669262098,46861.86692620974,0.0,0,0.0,4.606166292830949e-11,1.3649525953951525e-11,7744.794431475739,5947.508482215474,8888.383226641925,0
2025-10-06,46232.349168128414,46232.349168128356,0.0,0,0.0,7.282314395951061e-11,2.05746530923534e-11,5497.319187378673,8888.383226641925,8269.799901696328,0
2025-10-07,42568.94767291259,42568.947672912516,0.0,0,0.0,6.468951418980851e-11,1.801936377887614e-11,1418.163274782742,8269.799901696328,6993.831554576871,0
2025-10-08,38703.58869515092,38703.58869515089,0.0,0,0.0,4.6792381525051497e-11,1.4177103935253399e-11,2588.944914649928,6993.831554576871,3221.607129221864,0
2025-10-09,38638.095053382414,38638.095053382356,0.0,0,0.0,5.68393785371768e-11,1.6696866111942654e-11,2275.8636737522047,3221.607129221864,1492.8249324331155,0
2025-10-10,16087.159039228054,11977.639344781772,0.0,0,0.0,4109.519694446286,1031.7836058200464,18626.399470777,1492.8249324331155,1200.0,0
2025-10-11,13389.8739519378,13389.873951937767,0.0,0,0.0,3.331517528515349e-11,1.0344169965037509e-11,14509.560842372146,1200.0,1509.5079561265397,0
2025-10-12,41403.37827814928,41384.79549552074,0.0,0,0.0,18.582782628532385,3.6999069444607193,1629.8705962202444,1509.5079561265397,2127.1632585912325,0
2025-10-13,41887.451155042036,41887.451155041985,0.0,0,0.0,6.378849481958326e-11,1.5939249919938447e-11,2920.9889991298,2127.1632585912325,2780.003978722478,0
2025-10-14,42176.294391403855,42176.29439140379,0.0,0,0.0,6.4351444617472e-11,1.776334634939758e-11,427.76440476192795,2780.003978722478,1958.190999983711,0
2025-10-15,43218.14957982276,43218.14957982271,0.0,0,0.0,7.310500940715947e-11,1.9839324627568544e-11,30.849122222241178,1958.190999983711,2456.936541453201,0
2025-10-16,44144.818001244275,44144.81800124422,0.0,0,0.0,6.813531238519798e-11,1.8235621346285313e-11,327.4704126694954,2456.936541453201,1769.7284473343302,0
2025-10-17,14480.048386360382,14479.842407417706,0.0,0,0.0,0.20597894267888273,0.13959941895341865,13626.109311578148,1769.7284473343302,2356.952422482388,0
2025-10-18,14319.118975084528,14257.336192834504,0.0,0,0.0,61.78278225002637,49.033954166676075,12929.952404708027,2356.952422482388,2894.8527086784025,0
2025-10-19,46456.712825737806,46456.712825737755,0.0,0,0.0,5.68231883768533e-11,1.4730439090726577e-11,1714.094799648363,2894.8527086784025,2752.744037894618,0
2025-10-20,46800.97037731946,45314.565607828976,0.0,0,0.0,1486.404769490476,295.1449175130235,475.3797875563589,2752.744037894618,3101.926407722658,0
2025-10-21,46319.1473422056,46278.80839568263,0.0,0,0.0,40.33894652299472,21.164098611129184,1.0771291667081897,3101.926407722658,2072.077155924718,0
2025-10-22,47531.88057051551,47430.68832304672,0.0,0,0.0,101.19224746881426,48.12948750001597,1017.439963373518,2072.077155924718,2637.324053193937,0
2025-10-23,47292.61070150666,47292.61070150661,0.0,0,0.0,5.93077795207897e-11,1.6053616769262646e-11,4086.8924651599627,2637.324053193937,2935.697911581697,0
2025-10-24,14244.777285355052,14244.777285355021,0.0,0,0.0,2.5926368121820254e-11,7.816330915844105e-12,11287.402488991776,2935.697911581697,2433.982542205661,0
2025-10-25,14587.615377071801,14587.615377071777,0.0,0,0.0,2.9031690162995005e-11,9.022116387313872e-12,10877.654086080474,2433.982542205661,2460.533615606867,0
2025-10-26,47428.79883890816,47381.61929817201,0.0,0,0.0,47.17954073615966,22.03374444445726,2004.975511724844,2460.533615606867,3209.63175510608,0
2025-10-27,46793.01655476914,46733.09498299475,0.0,0,0.0,59.92157177438012,27.10531111112873,3472.178392491091,3209.63175510608,2930.5984589897575,0
2025-10-28,47275.61261737824,47275.61261737817,0.0,0,0.0,9.128026339649819e-11,2.056323167298757e-11,172.72290952081013,2930.5984589897575,3735.3229330625827,0
2025-10-29,54428.65743943666,47319.929409366436,0.0,0,0.0,7108.7280300702605,1238.2903726428558,47.43710694446377,3735.3229330625827,1659.5830931597225,0
2025-10-30,49949.86945754351,49949.869457543464,0.0,0,0.0,5.211660375481486e-11,1.2539191907023906e-11,4060.339268420678,1659.5830931597225,2874.2636242985695,0
2025-10-31,15085.40491218057,15058.246602815034,0.0,0,0.0,27.158309365537868,18.7234121789185,6942.594137404744,2874.2636242985695,2744.592135741512,0
2025-11-01,14852.759868489718,14789.158959631255,0.0,0,0.0,63.60090885846344,39.95456607143866,7989.021798238791,2744.592135741512,3097.7628480053154,0
2025-11-02,50190.55564757299,50135.83976429792,0.0,0,0.0,54.71588327506031,25.077702777791167,1647.1594122925947,3097.7628480053154,2883.6570191202154,0
2025-11-03,52507.84497086545,51982.36791038346,0.0,0,0.0,525.4770604819956,248.16431527779014,2725.9615329061635,2883.6570191202154,3012.1022049646367,0
2025-11-04,50958.341154256545,50859.34184488567,0.0,0,0.0,98.99930937088564,48.50401944446003,4205.712246479514,3012.1022049646367,2647.4613706138416,0
2025-11-05,52344.51363060175,51887.231708488325,0.0,0,0.0,457.2819221134141,212.27268660838047,1644.7979445626852,2647.4613706138416,3228.964571693636,0
2025-11-06,54585.19575312925,51462.18581547239,0.0,0,0.0,3123.0099376568683,732.5995008889126,371.69804906674307,3228.964571693636,2524.4253088089495,0
2025-11-07,15341.742749928317,14883.604705226942,0.0,0,0.0,458.1380447013702,89.45141229651263,7731.723695311591,2524.4253088089495,2536.4567587530914,0
2025-11-08,14614.304642635925,14571.05702747067,0.0,0,0.0,43.2476151652545,26.601792875351162,7143.039186537881,2536.4567587530914,2094.758897085052,0
2025-11-09,52508.37793813127,52254.81790295251,0.0,0,0.0,253.5600351787592,119.80966852746464,1957.7668185753664,2094.758897085052,1441.5686884251281,0
2025-11-10,58891.187397198366,53570.43778667401,0.0,0,0.0,5320.74961052435,989.6958129548432,24.1295679355494,1441.5686884251281,2077.6797841975313,0
2025-11-11,53756.83720860638,53737.32042539175,0.0,0,0.0,19.516783214638075,8.083334722236517,2248.5721266708692,2077.6797841975313,2471.2736334925917,0
2025-11-12,54222.89387099845,54145.02131309839,0.0,0,0.0,77.87255790007032,35.53438055557153,3212.0731083034834,2471.2736334925917,2715.6609817625204,0
2025-11-13,55004.22998338292,54895.28202426405,0.0,0,0.0,108.94795911884641,49.55558750002114,1942.7657802383242,2715.6609817625204,2551.3221766723823,0
2025-11-14,14753.549157549875,14753.549157549824,0.0,0,0.0,4.4619635430898084e-11,1.239464086921771e-11,3963.557610521776,2551.3221766723823,1767.4331404733416,0
2025-11-15,15348.78155274212,15251.964317520375,0.0,0,0.0,96.81723522174879,63.25156602778502,3276.793449018523,1767.4331404733416,1626.088415092591,0
2025-11-16,56536.33816332356,56224.66624505201,0.0,0,0.0,311.6719182715785,137.4359375000096,1839.1690487232777,1626.088415092591,1987.9749120146998,0
2025-11-17,56491.103413184595,56315.62733500198,0.0,0,0.0,175.47607818263964,80.4631727361268,3757.954737879678,1987.9749120146998,2549.7372019444424,0
2025-11-18,56594.24540077116,56024.36044519584,0.0,0,0.0,569.8849555753145,264.8645676234798,1870.4476391952526,2549.7372019444424,2120.381272381783,0
2025-11-19,57591.592601042146,57381.20672480666,0.0,0,0.0,210.38587623547693,94.10380277779156,1232.4983282669389,2120.381272381783,2225.3131653784094,0
2025-11-20,56501.13843102468,56344.93908145794,0.0,0,0.0,156.19934956676036,72.90935000002116,2382.1729368312995,2225.3131653784094,2028.547988644145,0
2025-11-21,15793.18372225574,15793.183722255711,0.0,0,0.0,3.50154406580927e-11,1.2082557176995579e-11,3674.3578899499466,2028.547988644145,1871.257801080248,0
2025-11-22,15721.528418179525,15719.120786691194,0.0,0,0.0,2.4076314883318024,1.4622723888979792,2438.126224382729,1871.257801080248,1572.9960629955374,0
2025-11-23,58312.50777484945,58044.738001558915,0.0,0,0.0,267.7697732905421,137.33590958768272,2356.8120299005745,1572.9960629955374,2381.3535667684237,0
2025-11-24,58118.8503718117,57791.65105927271,0.0,0,0.0,327.1993125389568,149.04060416668148,3871.707763576484,2381.3535667684237,2414.2614023003994,0
2025-11-25,57451.881197517476,57332.227223472946,0.0,0,0.0,119.65397404452057,58.42046388890768,960.6519399964684,2414.2614023003994,2636.6753936284176,0
2025-11-26,58329.63712329666,58319.45861431328,0.0,0,0.0,10.17850898340307,4.796658333349041,1068.1124594721887,2636.6753936284176,2469.1641274572453,0
2025-11-27,58319.927895740315,58286.52148814165,0.0,0,0.0,33.40640759868536,16.072024059620936,1536.48429080153,2469.1641274572453,3304.1247193874356,0
2025-11-28,15499.742596289238,15152.935999605854,0.0,0,0.0,346.8065966833813,215.22277500001556,2555.9260263386154,3304.1247193874356,1782.40911024259,0
2025-11-29,18252.28617910695,15855.642034368186,0.0,0,0.0,2396.6441447387656,944.4121631397924,116.04560833335373,1782.40911024259,1200.0,0
2025-11-30,61468.965145353606,61374.00742747436,0.0,0,0.0,94.95771787925548,41.70707500001937,602.3677887654561,1200.0,2050.859819152372,0
2025-12-01,89226.23470401973,65368.97683202688,0.0,0,0.0,23857.25787199284,4558.016788338739,1169.7750600098504,2050.859819152372,1200.0,0
2025-12-02,94919.20525898178,68299.52046549786,0.0,0,0.0,26619.684793483924,4606.1142158239145,1.6180917716823728e-11,1200.0,1263.1739474999993,0
2025-12-03,76529.84528327476,69834.60296853297,0.0,0,0.0,6695.242314741831,1409.6628216985778,148.50737222223867,1263.1739474999993,1200.0,0
2025-12-04,71713.9766000458,70011.96501546641,0.0,0,0.0,1702.0115845794219,250.19518291668044,184.84097500001758,1200.0,1684.912250831607,0
2025-12-05,21084.756603408267,20718.904048408207,0.0,0,0.0,365.85255500005013,76.82750000001421,415.64446193609143,1684.912250831607,1404.8578974999969,0
2025-12-06,29692.572842140908,21120.86379473528,0.0,0,0.0,8571.709047405639,1707.887171569122,22.21089742799942,1404.8578974999969,1200.0,0
2025-12-07,71437.51107005689,71437.51107005682,0.0,0,0.0,6.955783160567108e-11,1.564459672920293e-11,1362.0824370576654,1200.0,1600.894499459707,0
2025-12-08,71906.31421197578,71906.31421197571,0.0,0,0.0,9.070144862954876e-11,1.9471424472783383e-11,1734.4986015021577,1600.894499459707,2114.7889159320225,0
2025-12-09,71440.31374711546,70949.44801005983,0.0,0,0.0,490.8657370556443,66.38661111113113,2808.6342162335695,2114.7889159320225,1957.4403071222193,0
2025-12-10,71867.16794565604,71867.16794565594,0.0,0,0.0,9.406871076533818e-11,2.0437984638022044e-11,1240.399917663837,1957.4403071222193,2051.6952673191345,0
2025-12-11,78575.02304236026,78575.02304236018,0.0,0,0.0,3.816801699696448e-11,8.257783346010683e-12,13873.074542318653,2051.6952673191345,2366.5514035710266,0
2025-12-12,25725.140197527944,25725.140197527915,0.0,0,0.0,3.365497125429329e-11,8.382627925129782e-12,7000.504209076856,2366.5514035710266,2053.0998512962956,0
2025-12-13,26731.48256360241,26731.482563602385,0.0,0,0.0,3.443779617029463e-11,9.019451852054772e-12,7895.31858318692,2053.0998512962956,2145.788784822832,0
2025-12-14,78795.7030108505,78795.70301085048,0.0,0,0.0,3.3442062674637894e-11,7.829736858866454e-12,8160.21690862309,2145.788784822832,2477.227405555553,0
2025-12-15,78202.9829323494,78202.98293234935,0.0,0,0.0,6.340269020910227e-11,1.1835865620923869e-11,7764.191913216743,2477.227405555553,2010.948649922841,0
2025-12-16,78299.4863938004,78299.48639380033,0.0,0,0.0,6.103615390884443e-11,1.3075318605615394e-11,8108.683377671981,2010.948649922841,2076.5470563506155,0
2025-12-17,78059.79592066199,78059.79592066197,0.0,0,0.0,5.985427359300743e-11,1.022643081327601e-11,8782.95102645984,2076.5470563506155,2411.840222752852,0
2025-12-18,76564.4908744745,76564.49087447449,0.0,0,0.0,3.906058720914984e-11,7.316813821489632e-12,8821.529780176625,2411.840222752852,2190.330593370297,0
2025-12-19,25827.899113700125,25827.89911370008,0.0,0,0.0,3.678699012077402e-11,9.094502928519432e-12,8541.126408277358,2190.330593370297,1657.2132405864163,0
2025-12-20,26303.290670422146,26303.290670422124,0.0,0,0.0,3.480204524564101e-11,9.458656080596484e-12,8005.6811902606405,1657.2132405864163,2018.4510856975335,0
2025-12-21,77410.43723507212,77410.43723507211,0.0,0,0.0,4.328237657169609e-11,9.315437310419838e-12,7313.864994924394,2018.4510856975335,2233.8029036533267,0
2025-12-22,78394.66971890052,78394.66971890049,0.0,0,0.0,6.103152427883174e-11,1.2290390927205408e-11,8046.790230009272,2233.8029036533267,1933.143396466051,0
2025-12-23,78003.06715665341,78003.06715665337,0.0,0,0.0,5.993887808308784e-11,9.953815549579303e-12,9832.79493072293,1933.143396466051,2344.059897754938,0
2025-12-24,76972.62979515268,76972.62979515259,0.0,0,0.0,4.8305979216678454e-11,9.159784042367392e-12,8707.164412233924,2344.059897754938,2238.902938194444,0
2025-12-25,76873.3355053064,76873.33550530633,0.0,0,0.0,6.518273565347954e-11,1.1430856261540612e-11,8338.316553713536,2238.902938194444,2199.0501560646635,0
2025-12-26,25956.5922323855,25956.592232385465,0.0,0,0.0,4.6448868307180646e-11,1.241673430740775e-11,7578.568937721889,2199.0501560646635,2387.1007690473793,0
2025-12-27,25459.592576495616,25459.59257649558,0.0,0,0.0,3.8746801322986354e-11,1.0025758001575014e-11,8093.886311438454,2387.1007690473793,2112.432193174074,0
2025-12-28,77368.30249155179,77368.30249155172,0.0,0,0.0,5.1028907321892805e-11,1.0870415678709833e-11,9552.245039330357,2112.432193174074,2820.392136990739,0
2025-12-29,76674.66216173243,76674.66216173243,0.0,0,0.0,3.030128326031445e-11,6.275868713601085e-12,9568.020722302055,2820.392136990739,2008.9986766358154,0
2025-12-30,75658.9052875175,75658.90528751744,0.0,0,0.0,4.656888963339156e-11,8.563816322748607e-12,9116.029666666074,2008.9986766358154,2513.2291788019375,0
2025-12-31,74776.38990508518,74776.38990508515,0.0,0,0.0,4.7415443682474744e-11,9.513168031105579e-12,6492.368728754834,2513.2291788019375,1200.0,0
