date,start,end,intervals,emergency_kwh,cost_yuan
2025-02-01,05:40,05:50,1,135.93440377619226,387.95678837725274
2025-02-01,07:30,07:40,1,36.66579999999982,126.47867709999936
2025-02-01,15:10,15:20,1,2.590114523809575,9.346428259166853
2025-02-05,10:20,10:30,1,16.995463095236943,81.14483854820878
2025-02-06,08:00,08:10,1,12.609090476191227,73.65600201667105
2025-02-07,05:40,05:50,1,364.2617611285704,1039.60306626094
2025-02-08,05:40,05:50,1,513.8281666666667,1466.4655876666668
2025-02-09,10:40,10:50,1,74.30614880952385,296.85306449404777
2025-02-13,01:00,01:10,1,0.2505622222221291,0.5400868699997993
2025-02-13,01:30,01:50,2,24.229467777777813,52.4256095572223
2025-02-13,02:10,02:40,3,40.85147916666665,88.71981810624996
2025-02-13,03:00,03:50,5,113.37442944444456,247.3636755094447
2025-02-13,04:10,04:30,2,29.236413333333303,63.99509504958327
2025-02-13,04:50,05:10,2,55.103883650793364,120.31817867527715
2025-02-13,05:40,05:50,1,33.05895686507927,94.35026289293623
2025-02-13,20:50,21:00,1,18.165519822222223,84.76031549048889
2025-02-14,01:00,01:10,1,11.223009999999988,24.191198054999973
2025-02-14,20:40,20:50,1,2.1106571865115598,12.902447381145164
2025-02-15,21:00,21:50,5,125.85724288452033,577.6592253559154
2025-02-15,22:50,23:20,3,58.92465911944432,125.02944166398726
2025-02-15,23:40,23:50,1,0.5031262777775849,1.0744261661940324
2025-02-16,01:30,01:50,2,10.509617222222118,22.703277764027554
2025-02-16,02:30,02:50,2,29.46759555555559,63.98423514055563
2025-02-16,03:30,03:50,2,35.878122222222146,78.1370693330554
2025-02-16,04:10,04:30,2,85.74346333333335,187.26084960791673
2025-02-16,04:50,05:00,1,23.45612083333333,51.544825531249984
2025-02-16,05:50,06:00,1,25.351570833333767,115.33697150625197
2025-02-16,06:20,06:30,1,5.432213888888441,23.79038072638693
2025-02-16,09:30,10:50,8,1231.6583126627006,5897.530061855253
2025-02-16,16:50,17:10,2,32.293988888889295,150.2598157708352
2025-02-16,20:30,20:40,1,118.43659737420478,826.2137032824526
2025-02-17,01:30,01:50,2,50.02502361111135,108.15886122805608
2025-02-17,02:10,02:20,1,20.529311111111042,44.38437062222207
2025-02-17,03:00,03:30,3,77.69924166666647,169.6800341208329
2025-02-17,20:30,20:40,1,32.203287619047046,224.6501344304722
2025-02-18,03:20,03:30,1,6.970231944444549,15.181165175000228
2025-02-18,03:40,04:10,3,77.02863583333328,168.85341210694435
2025-02-18,04:50,05:00,1,11.193627777777806,24.597997041666726
2025-02-18,05:10,05:20,1,5.200058928571366,11.541530791964147
2025-02-18,05:50,06:00,1,33.37927361111156,151.85900529375203
2025-02-19,01:40,01:50,1,16.48523666666665,35.7152652383333
2025-02-19,02:20,03:10,5,111.7371875,243.49990683541668
2025-02-19,03:20,03:30,1,14.435624999999959,31.44079124999991
2025-02-19,04:50,05:20,3,55.82167142857145,122.23632365376987
2025-02-19,05:50,06:00,1,25.673237500000596,116.80039400625272
2025-02-19,06:20,06:30,1,42.69133277777746,186.9666919002764
2025-02-19,09:30,10:40,7,665.4568952122672,3194.985241959759
2025-02-19,15:20,15:40,2,8.106017222221723,29.65730768972039
2025-02-19,16:00,16:10,1,24.4073145416673,100.93644928706512
2025-02-19,21:00,21:20,2,30.048749126983193,138.2294686509085
2025-02-19,21:50,22:40,5,80.13118145277762,168.07010020750943
2025-02-19,22:50,23:00,1,6.9550042555555365,14.734176515394404
2025-02-19,23:40,24:00,2,64.60775213888844,138.0377483696796
2025-02-20,02:50,03:00,1,31.079919444444613,67.70760450972259
2025-02-20,04:10,04:20,1,5.2350082222207215,11.488225543663374
2025-02-20,04:30,04:50,2,45.35011116666631,100.21357006869366
2025-02-20,06:00,06:20,2,47.01215055555565,217.85880321611165
2025-02-20,09:30,09:40,1,183.78311666666684,865.8022626166676
2025-02-20,10:00,10:50,5,552.891348978567,2637.8673050758694
2025-02-23,02:10,02:20,1,11.640682500000139,25.1671555650003
2025-02-23,03:00,03:20,2,72.00884777777787,157.4277112612502
2025-02-23,03:50,04:00,1,10.22881249999989,22.39087056249976
2025-02-23,04:30,04:50,2,67.52042960317476,148.4873938655956
2025-02-23,05:10,05:20,1,47.241639972222515,104.85281991834788
2025-02-23,06:00,06:10,1,10.820996666667384,50.68554838667003
2025-02-23,10:00,10:40,4,438.12399470079214,2131.6590962435785
2025-02-24,06:00,06:20,2,50.7944058333336,229.93190317333463
2025-02-24,20:50,21:00,1,19.485619319051445,90.91989974269404
2025-02-25,02:10,02:20,1,49.59488388888906,107.22413896777815
2025-02-25,02:40,03:10,3,82.33237444444444,179.2493192736111
2025-02-25,03:20,03:30,1,4.107973333333234,8.947165919999783
2025-02-25,05:40,06:00,2,43.53659567460363,135.88244055115308
2025-02-25,06:10,06:30,2,32.926689642856786,144.20152144606988
2025-02-26,01:30,01:40,1,28.777981111111103,62.04532727555554
2025-02-26,02:10,02:40,3,11.71914694444422,25.35942531527729
2025-02-26,03:10,03:20,1,33.68398805555546,73.61635589541645
2025-02-26,03:50,04:00,1,0.14810138888890378,0.3241939402778104
2025-02-26,04:10,04:40,3,77.88010861111104,170.24188277833318
2025-02-26,05:40,05:50,1,12.639478055555628,36.07307037055576
2025-02-26,14:50,15:00,1,39.326096944444544,131.62444647305588
2025-02-26,15:10,15:50,4,67.68849785714269,248.91967622027715
2025-02-26,16:20,16:30,1,35.378629423414985,155.50676563062058
2025-02-26,20:20,20:30,1,89.09716331150321,600.9158179544335
2025-02-27,02:20,02:30,1,10.735717500000078,23.44143916125017
2025-02-27,03:10,03:40,3,74.78704722222233,162.88944226083356
2025-02-27,04:20,04:30,1,13.685218333333182,29.861146403333002
2025-02-27,08:50,10:20,9,1871.958530257539,9286.381540342383
2025-03-02,02:30,02:50,2,18.24305861111077,39.59678500652703
2025-03-02,13:40,14:50,7,1616.2403220071403,8145.258840393226
2025-03-02,15:10,16:00,5,157.2056238492055,596.2585574473578
2025-03-02,16:30,16:50,2,34.07033520316993,154.50361928628604
2025-03-02,17:30,17:50,2,44.65759990277677,236.30433549193947
2025-03-02,20:10,20:20,1,7.554643395234848,50.61611074807348
2025-03-02,20:30,21:00,3,219.1951100000001,1428.3883288300005
2025-03-02,21:30,21:40,1,4.129017455555504,20.378765651894188
2025-03-03,01:30,01:50,2,66.4403091666668,143.67915017750028
2025-03-03,02:30,02:50,2,8.64093027777767,18.752256623749766
2025-03-03,03:20,03:30,1,19.901143055555508,43.3446895749999
2025-03-03,10:10,10:30,2,208.4767333333333,997.9322627249998
2025-03-03,14:40,14:50,1,34.628183333331435,162.33692346665777
2025-03-03,15:10,16:40,9,534.3676991440477,2122.508933573617
2025-03-04,01:30,01:50,2,59.70878638888894,129.2631697048612
2025-03-05,05:40,06:00,2,16.194015119048345,51.79026248309841
2025-03-06,02:30,02:50,2,50.10749999999996,108.72241035402769
2025-03-06,05:40,05:50,1,0.652633611111014,1.8626163261108342
2025-03-08,04:20,05:30,7,243.27920465158667,533.7414117392066
2025-03-08,07:10,08:00,5,455.6813077666665,1750.6838898829324
2025-03-09,01:30,01:50,2,22.17793000000006,47.95881958000013
2025-03-09,02:10,02:20,1,29.461517222222255,63.69580023444451
2025-03-09,02:50,03:10,2,36.2378886111112,79.08091352041686
2025-03-09,03:20,04:00,4,78.16920361111102,170.55032860333313
2025-03-09,04:30,05:20,5,121.55000765873012,267.10699450559514
2025-03-09,09:20,10:10,5,351.3790171722236,1693.7642871186176
2025-03-10,02:10,02:30,2,55.32896722222233,120.3983681291669
2025-03-10,04:10,05:20,7,179.8571388095237,394.66056347261883
2025-03-10,05:40,05:50,1,28.689440277777862,81.87966255277802
2025-03-10,09:10,10:20,7,948.4436875412715,4608.518197016299
2025-03-10,14:00,14:30,3,99.98996240833647,505.85523746242393
2025-03-10,14:40,14:50,1,199.60693333333336,935.7573034666667
2025-03-11,02:20,02:30,1,10.194357777777668,22.25938020777754
2025-03-11,03:40,03:50,1,2.629886944444479,5.733153538888964
2025-03-11,07:00,07:30,3,24.125814444444472,95.5043408211112
2025-03-11,09:20,09:30,1,14.773749999999836,71.6526874999992
2025-03-11,16:00,17:00,6,222.22021424603264,974.3238428276627
2025-03-12,01:30,01:50,2,61.074898055555536,132.06725793527772
2025-03-12,02:10,02:20,1,6.50120250000009,14.055599805000195
2025-03-12,02:50,03:10,2,39.46720500000026,86.16443038097279
2025-03-12,03:30,03:50,2,80.27670750000004,174.91224662444455
2025-03-12,04:30,04:50,2,27.535189999999716,60.73288469361049
2025-03-12,05:40,05:50,1,0.3638033333331805,1.0382947133328972
2025-03-13,02:20,02:30,1,9.215075555555586,20.12111747555562
2025-03-13,02:50,03:10,2,27.228001666666614,59.40966058055544
2025-03-13,07:20,07:30,1,27.050750355950935,103.38796786044448
2025-03-13,09:10,10:50,10,1412.951105667857,6798.745992509905
2025-03-13,20:30,20:40,1,93.881824166667,654.919605386669
2025-03-16,02:30,02:50,2,12.80507166666689,27.82172720180604
2025-03-16,04:10,04:30,2,3.413572222222342,7.486953401389151
2025-03-16,05:40,06:00,2,19.285159722222943,57.820465847225414
2025-03-17,02:40,02:50,1,0.9907772222222775,2.1475096291667866
2025-03-17,03:40,04:10,3,55.942971944444594,122.48561676944476
2025-03-18,03:10,03:30,2,35.99845472222228,78.43751780583345
2025-03-18,03:50,04:00,1,19.373157777777806,42.40784237555562
2025-03-18,04:30,04:40,1,8.16627216944362,17.93721682018291
2025-03-18,08:50,10:00,7,913.5017638694426,4575.003554035379
2025-03-19,03:20,03:30,1,4.505277777777792,9.81249500000003
2025-03-19,09:00,09:40,4,540.4684289805559,2669.157209016184
2025-03-20,01:00,01:10,1,29.75357388888881,64.13382851749982
2025-03-20,01:30,01:40,1,3.3526999999999134,7.228421199999814
2025-03-20,03:10,04:00,5,84.93347916666664,185.37822626138885
2025-03-20,09:30,09:50,2,77.35209999999984,367.4381583249992
2025-03-23,02:20,02:40,2,8.576770000000238,18.683024341528295
2025-03-23,03:20,03:30,1,19.72062583333343,42.95152306500021
2025-03-23,04:10,04:20,1,16.221407952777053,35.597879752369245
2025-03-23,05:10,05:20,1,9.542589211111226,21.179776754061365
2025-03-23,09:40,09:50,1,18.772821833331975,89.81856606157682
2025-03-23,20:30,20:40,1,73.64190861110922,513.7259544710979
2025-03-24,03:30,03:40,1,13.353292499999952,29.063441126249895
2025-03-24,05:40,05:50,1,20.268214999999827,57.84548560999951
2025-03-24,14:50,15:00,1,47.646797222222176,159.47383030277763
2025-03-24,15:10,15:30,2,78.44531888888855,284.5564106524988
2025-03-25,02:40,02:50,1,16.4980888888889,35.759607666666696
2025-03-25,03:00,03:10,1,17.229664166666907,37.68127553250053
2025-03-25,03:40,04:10,3,56.744228055555595,123.92783835722231
2025-03-25,05:40,05:50,1,23.30439694444442,66.51074887944438
2025-03-25,09:30,10:40,7,447.2779695166678,2164.966375068022
2025-03-26,01:30,01:40,1,6.509883333333391,14.035308466666793
2025-03-26,02:20,02:30,1,3.3686227777778868,7.355387835278016
2025-03-26,03:50,04:00,1,17.814154722222156,38.9951846869443
2025-03-26,04:20,04:30,1,10.359435833333464,22.604288988333618
2025-03-26,07:30,07:40,1,32.40916527777779,111.79541562569446
2025-03-27,02:10,03:00,5,136.91882833333307,297.2988548726383
2025-03-27,04:30,04:40,1,7.05642596110763,15.499439623572911
2025-03-30,01:40,01:50,1,24.153385833333232,52.32831040791645
2025-03-30,03:30,04:00,3,36.223812836109936,78.97060874293216
2025-03-30,09:20,09:30,1,8.931249999999864,43.316562499999336
2025-03-31,14:40,15:20,4,330.35927354938224,1365.9670829319891
2025-03-31,15:30,15:50,2,109.86076027777733,424.32231758583157
2025-03-31,16:50,17:10,2,25.39734183610876,118.51773457985578
2025-04-01,02:20,03:00,4,51.476903611110856,112.19701393486055
2025-04-01,03:20,03:40,2,35.943557222222125,78.27405700833313
2025-04-01,04:50,05:10,2,18.68756817222131,40.922798728178556
2025-04-01,09:50,10:00,1,6.138769613500649,30.62325221694799
2025-04-01,14:30,14:50,2,189.24166666666702,944.425004833335
2025-04-01,15:10,15:40,3,74.10038972222185,269.18605893263754
2025-04-01,17:00,17:20,2,13.275100277777824,63.05606669750023
2025-04-01,17:30,17:50,2,30.578856666666866,161.6730966155566
2025-04-01,20:20,20:50,3,334.19211034444845,2284.1255095577158
2025-04-02,02:30,02:50,2,36.61600083333349,79.40549683569478
2025-04-02,03:10,03:20,1,3.973810555555474,8.684762969166487
2025-04-02,04:00,04:10,1,4.502285000000143,9.907278142500314
2025-04-02,07:20,07:40,2,90.68493196944627,317.08534945360515
2025-04-02,08:20,10:20,12,2081.911550000001,10527.052388258337
2025-04-03,03:10,03:20,1,21.709649999999897,47.44644007499977
2025-04-03,09:00,09:30,3,177.8057138444439,882.304762314786
2025-04-06,01:40,01:50,1,2.375438333333477,5.146387149166978
2025-04-07,02:40,03:00,2,12.826191944444304,27.8818669873608
2025-04-07,03:30,03:40,1,2.0385922222220643,4.436995971666323
2025-04-07,04:00,04:20,2,41.2179896031746,90.54608897416666
2025-04-08,02:30,02:40,1,0.8216066666666393,1.7861728933332737
2025-04-08,09:20,09:40,2,44.08038333333366,213.6295504666682
2025-04-09,03:50,04:10,2,12.397175792857615,27.246897580565317
2025-04-09,07:10,07:20,1,38.62945246031717,153.97699750682423
2025-04-09,09:30,09:40,1,8.424602569048648,39.688302702788185
2025-04-09,15:40,16:00,2,64.1138707261916,254.23504355835564
2025-04-10,01:30,01:40,1,7.480417777777802,16.127780728888943
2025-04-10,03:10,03:20,1,10.7019105555554,23.389025519166324
2025-04-10,03:30,03:40,1,10.744317222222321,23.38500643416688
2025-04-13,02:20,02:30,1,21.328498888888817,46.570777323888734
2025-04-13,07:30,07:40,1,87.66861666666748,302.4128931916694
2025-04-13,09:00,09:50,5,217.2427833333334,1068.3112835833335
2025-04-14,01:00,01:10,1,5.968287222222216,12.864643107499987
2025-04-14,02:10,02:20,1,6.062059444444344,13.106172518888672
2025-04-14,02:40,03:00,2,28.40480027777801,61.77875459319493
2025-04-14,04:10,04:20,1,0.6316826984125328,1.3862276816663033
2025-04-14,04:50,05:10,2,20.53964142857137,45.10643178333321
2025-04-14,05:40,05:50,1,8.096491428571426,23.10738653714285
2025-04-14,07:30,07:40,1,191.65684999999985,661.1203040749994
2025-04-15,02:20,02:30,1,0.5805166666666537,1.2675581416666384
2025-04-16,01:30,01:50,2,24.621246111111077,53.25579661305549
2025-04-16,02:20,02:30,1,4.449473333333231,9.71542502333311
2025-04-16,03:50,04:00,1,27.177249999999844,59.49100024999966
2025-04-16,08:40,09:50,7,372.7793833333361,1907.7030050916812
2025-04-17,02:50,03:00,1,14.831676388888695,32.310807013194015
2025-04-17,09:00,09:10,1,15.209499999999935,77.16539824999965
2025-04-20,02:10,02:20,1,6.078631111111235,13.14200046222249
2025-04-20,08:30,09:30,6,646.2451833333323,3318.6728902833283
2025-04-21,03:00,03:30,3,42.44437611111107,92.7218875424999
2025-04-21,04:00,04:20,2,19.211479880952197,42.17682209303531
2025-04-21,05:10,05:20,1,0.31371746031732073,0.6962959031742934
2025-04-22,03:20,03:50,3,31.832468095237914,69.32415436761865
2025-04-22,04:20,04:30,1,5.351166666666813,11.676245666666986
2025-04-22,04:50,05:10,2,39.01292142857142,85.35405956999998
2025-04-23,01:00,01:10,1,10.553336666666723,22.747717185000123
2025-04-23,01:40,01:50,1,0.1330283333331863,0.2882058841663482
2025-04-23,03:20,03:40,2,4.220973809523684,9.190797996428298
2025-04-24,03:30,03:40,1,4.309745952381036,9.380162065357323
2025-04-24,07:30,07:40,1,118.76993333333326,409.696885033333
2025-04-27,03:30,03:50,2,40.08831071428585,87.32992496130983
2025-04-27,07:30,07:40,1,157.1354166666659,542.0386197916639
2025-04-27,08:30,09:10,4,278.0392666666669,1441.7780633416678
2025-04-27,16:00,17:30,9,414.57887682539683,1893.1695490993254
2025-04-28,01:40,01:50,1,26.563728333333415,57.55031743416685
2025-04-28,02:50,03:00,1,3.9710000000001173,8.650823500000254
2025-04-28,03:20,03:30,1,1.4660000000000082,3.1929480000000177
2025-04-28,04:20,04:30,1,8.941999999999894,19.511443999999766
2025-04-28,08:50,09:50,6,643.7489833333343,3190.2270458583384
2025-04-28,14:20,15:10,5,319.49555476190517,1395.6609945142882
2025-04-28,15:20,16:20,6,324.4246005952374,1295.636457780771
2025-04-28,16:40,17:00,2,20.581162619047404,94.92188966416569
2025-04-28,17:20,17:30,1,8.436785714285747,41.601790357143024
2025-04-28,17:40,18:00,2,10.995238095238165,62.978500696428995
2025-04-28,18:40,18:50,1,522.7300810317458,3366.6430868849593
2025-04-28,19:10,19:20,1,690.37525,4641.047618125001
2025-04-28,19:40,19:50,1,315.098726795637,2122.6625730588084
2025-04-28,20:10,20:30,2,1032.8511333333336,6934.37745389167
2025-04-28,20:40,21:00,2,34.32579666666682,172.5400640233342
2025-04-29,03:50,04:00,1,13.354333333333216,29.23263566666641
2025-04-29,16:10,17:00,5,179.52512110000004,793.5612493881881
2025-04-30,01:30,01:40,1,0.1777633333333597,0.3832577466667235
2025-04-30,02:10,02:40,3,47.207963333333396,102.77072347000014
2025-05-01,02:10,02:20,1,11.489333333333207,24.83993866666639
2025-05-01,03:10,03:30,2,19.331693333333305,42.239405779999935
2025-05-01,03:40,04:00,2,24.359706190476118,53.26970699523794
2025-05-01,04:30,04:40,1,23.164292619047615,50.880368737738095
2025-05-01,05:10,05:20,1,0.329863571428632,0.7321321967858487
2025-05-01,07:20,07:40,2,165.68738333333283,573.3928282666647
2025-05-01,08:30,09:10,4,453.9595999999997,2376.1380316499985
2025-05-01,18:10,18:40,3,173.53128547619193,1084.99981855989
2025-05-01,20:10,24:00,23,2065.4703254761926,10375.965928330015
2025-05-02,20:10,21:20,7,1643.2256606349179,10310.511347100539
2025-05-02,21:30,23:20,11,572.1819256349211,1836.2405943444858
2025-05-02,23:30,24:00,3,80.76944666666665,172.29509546499995
2025-05-03,20:20,22:00,10,1322.4124727777707,7383.139738186939
2025-05-03,22:10,22:40,3,86.99302713333344,183.9154037225336
2025-05-03,23:10,23:40,3,61.92937208333363,130.8842271500006
2025-05-04,02:50,03:20,3,42.310626666666735,92.47908829500014
2025-05-04,04:00,04:20,2,23.063855476190383,50.675656108214085
2025-05-04,05:10,05:20,1,8.464803630950291,18.78763165889417
2025-05-04,05:40,05:50,1,3.7208535714287336,10.619316092857606
2025-05-04,20:10,22:50,16,1520.3367626190475,8089.830819410117
2025-05-04,23:00,23:50,5,83.25497833333354,176.32445721416713
2025-05-05,02:10,02:20,1,55.07876666666675,119.08029353333352
2025-05-05,06:50,07:50,6,1541.6478000000002,6028.172430316667
2025-05-05,08:20,09:30,7,755.4517333333333,3956.265091566667
2025-05-05,17:30,17:50,2,71.07537023809566,374.3032556564307
2025-05-05,20:10,21:40,9,1186.6167608333335,7562.415725283333
2025-05-05,21:50,22:20,3,102.90232036666657,210.43734662331647
2025-05-05,22:30,22:50,2,48.50801000000015,102.16611738416697
2025-05-05,23:10,23:50,4,111.11809171666661,235.08405819016656
2025-05-06,02:10,02:40,3,33.68764999999985,73.279158833333
2025-05-06,03:00,03:20,2,36.80325333333326,80.45268458749983
2025-05-06,04:00,04:50,5,115.77016285714296,253.83467707571452
2025-05-06,07:20,07:40,2,260.5447445309511,921.8766072639619
2025-05-06,08:30,09:50,8,603.4966000000001,3075.1555731000003
2025-05-06,20:10,21:00,5,709.1765440476161,4678.817506675695
2025-05-06,21:10,23:00,11,586.2173471999998,1649.1792105722661
2025-05-06,23:20,23:30,1,1.2314800833330075,2.5984229758326456
2025-05-07,02:20,02:30,1,2.3829999999999245,5.203280499999835
2025-05-07,05:00,05:20,2,27.90424333333317,61.54685071976155
2025-05-07,07:20,07:40,2,148.10921190476319,511.5396376083382
2025-05-07,08:40,09:20,4,308.09108333333313,1578.3923288583321
2025-05-07,17:40,17:50,1,25.098397215371435,134.80349144375998
2025-05-07,18:10,18:20,1,21.172906190476443,131.76958167643014
2025-05-07,18:40,18:50,1,160.5887343785718,1034.2717437651916
2025-05-07,20:10,20:50,4,1075.341605000001,7224.04363874834
2025-05-07,21:00,21:40,4,142.24471500000004,663.8436226108336
2025-05-07,21:50,22:30,4,118.64644829999995,244.07920725651653
2025-05-07,22:40,23:20,4,107.15025131666633,227.2472603836576
2025-05-08,02:30,02:50,2,8.117373333333262,17.633136397499847
2025-05-08,03:00,03:10,1,4.3990816666668024,9.620791605000298
2025-05-08,20:00,20:40,4,360.6363496690483,2445.689511484563
2025-05-08,21:00,22:00,6,135.77251176666678,457.8713812242335
2025-05-08,22:20,22:50,3,66.98688193333335,140.70064686806668
2025-05-08,23:30,24:00,3,54.937161183333046,117.31746408033273
2025-05-09,20:40,21:50,7,346.2847104976186,1912.1270620519435
2025-05-10,20:40,22:00,8,276.6674269047654,1353.326558945498
2025-05-10,22:50,23:30,4,155.100392833333,328.4020577615826
2025-05-11,01:30,01:40,1,17.05988000000002,36.78110128000005
2025-05-11,02:10,02:20,1,8.362886666666668,18.080560973333334
2025-05-11,02:30,02:50,2,25.453976666666676,55.26737188416668
2025-05-11,03:10,03:30,2,6.612568095238089,14.444618822142843
2025-05-11,03:50,04:00,1,13.09849999999983,28.67261649999963
2025-05-11,04:20,04:50,3,47.194091428571255,103.88183802511867
2025-05-11,19:10,19:30,2,41.180716666666285,277.36103945833077
2025-05-11,20:10,20:40,3,403.5780669047607,2737.1942241618967
2025-05-12,01:30,01:50,2,67.83992166666667,146.63173084583335
2025-05-12,02:20,02:30,1,1.0529999999999973,2.299225499999994
2025-05-12,02:50,03:20,3,22.76945500000022,49.78519526833382
2025-05-12,04:20,04:30,1,5.250666666666575,11.456954666666467
2025-05-12,20:20,20:40,2,119.80187575476248,816.8984671779956
2025-05-12,20:50,21:00,1,4.9447307833334655,23.072113835033953
2025-05-13,04:10,04:30,2,32.49615595238083,71.21612048749974
2025-05-13,20:30,20:40,1,42.85684142856928,298.9693258056993
2025-05-14,20:30,20:40,1,7.1753313285709055,50.055111348110636
2025-05-18,01:30,01:50,2,55.86580000000015,120.65029854500034
2025-05-18,02:10,02:30,2,29.991545000000087,65.19107020666685
2025-05-18,02:50,03:10,2,22.517118333333315,49.10506604499995
2025-05-18,03:30,03:50,2,25.795412142857117,56.20048222226185
2025-05-18,04:10,04:40,3,11.697448809523848,25.56871358773818
2025-05-18,08:40,09:00,2,115.0440414285699,599.2698281333253
2025-05-18,20:20,20:30,1,5.236666666666565,35.31869833333265
2025-05-19,20:20,20:30,1,67.00333333333356,451.9039816666682
2025-05-20,02:20,02:30,1,10.414666666666676,22.740424666666687
2025-05-21,02:40,03:00,2,75.41994833333342,163.97592567916683
2025-05-22,01:00,01:10,1,0.08047666666652731,0.17346745499969962
2025-05-25,01:10,01:20,1,0.08247833333325616,0.177410894999834
2025-05-26,09:00,09:10,1,15.697183333332532,79.63965964166259
2025-05-28,01:00,01:10,1,3.942070000000058,8.497131885000124
2025-05-29,02:50,03:00,1,1.373267549997717,2.991663357670026
2025-05-29,09:00,09:20,2,69.55558032856962,348.6608742969979
2025-06-01,01:00,01:20,2,89.14188833333355,191.95600463250048
2025-06-01,01:30,02:00,3,168.08446666666669,362.8752848483334
2025-06-01,02:10,03:30,8,223.30974880952397,485.9222635320241
2025-06-01,04:20,04:30,1,4.348833333333346,9.48915433333336
2025-06-01,09:10,11:00,11,1603.49897014524,7211.566715682203
2025-06-01,11:10,11:40,3,181.78465000000028,448.7979653750007
2025-06-01,12:40,13:10,3,86.55149999999958,323.9313049583318
2025-06-01,13:20,18:00,28,2576.098073071722,11574.788770012161
2025-06-01,18:20,22:40,26,4642.305251152376,29809.57474154425
2025-06-01,23:00,24:00,6,397.73981061666643,844.0083922264662
2025-06-02,01:30,01:50,2,102.3635116666668,221.2465554308336
2025-06-02,02:10,02:50,4,113.42552166666667,245.9911196775
2025-06-02,03:00,03:40,4,68.44248309523834,149.32684432821483
2025-06-02,04:10,04:50,4,94.88387428571423,208.39210472142844
2025-06-02,05:10,05:20,1,7.02390690476193,15.589561375119104
2025-06-02,07:30,07:40,1,179.6395,619.6664552499999
2025-06-02,08:40,09:30,5,697.6185933500027,3553.0614282702636
2025-06-02,14:50,18:40,23,2977.4834789486467,12855.033513591603
2025-06-02,19:10,24:00,29,2395.416258159524,12699.430269851442
2025-06-03,01:30,01:50,2,143.34344166666665,309.7792430133333
2025-06-03,02:10,03:50,10,164.32831166666665,357.9859258523809
2025-06-03,04:00,04:10,1,16.346814761904625,35.971165883571125
2025-06-03,04:40,04:50,1,2.473682380952482,5.469311744285938
2025-06-03,05:10,05:20,1,39.7389807142855,88.20066769535667
2025-06-03,07:30,07:40,1,211.5011166666667,729.5731019416667
2025-06-03,08:50,10:20,9,1218.7060192166668,6001.422103684001
2025-06-03,17:50,19:20,9,502.13753301428653,3227.258631175074
2025-06-03,19:30,20:00,3,535.8864471428566,3610.8797210160674
2025-06-03,20:10,20:40,3,641.0493283333327,4338.210660223925
2025-06-03,21:00,22:20,8,274.36425256190455,904.5788670706754
2025-06-03,23:00,24:00,6,311.5257587500004,662.4783807358342
2025-06-04,01:30,01:50,2,100.72420166666654,217.6769567058331
2025-06-04,02:10,02:30,2,114.20104833333335,247.61551691333335
2025-06-04,03:00,05:20,14,300.903471190476,659.525163660317
2025-06-04,18:50,19:20,3,98.98398055555629,667.6945791847272
2025-06-04,19:40,19:50,1,26.21589261904728,176.603360628212
2025-06-04,20:00,20:10,1,12.777230476190198,86.32935771237906
2025-06-04,20:20,20:50,3,208.08344653015422,1416.2741677734584
2025-06-04,21:00,21:40,4,90.06597833333305,427.7065398933321
2025-06-04,22:20,24:00,10,513.1133970833334,1086.4868500579169
2025-06-05,01:30,01:50,2,128.86609166666665,278.38936204333334
2025-06-05,02:10,03:20,7,246.03983690476161,536.1478434545231
2025-06-05,03:40,04:20,4,68.88629373015885,151.22600456488124
2025-06-05,04:50,05:20,3,83.27075277777783,182.5385276034525
2025-06-05,18:50,19:20,3,180.3072359523817,1215.5218319470287
2025-06-05,19:30,20:50,8,789.8682295087307,5308.291027913301
2025-06-05,21:50,22:20,3,85.26867129999955,171.7295964558491
2025-06-05,22:30,24:00,9,556.7695083333335,1181.052307136667
2025-06-06,00:50,02:10,8,383.984973956348,826.6448552998089
2025-06-06,07:20,07:40,2,28.961981304762276,102.85200833846808
2025-06-06,16:00,16:20,2,277.4840375396835,1170.2736943964721
2025-06-06,16:30,17:00,3,490.9742960317452,2242.130224944004
2025-06-06,17:20,17:50,3,164.76990269841244,843.941762170951
2025-06-06,18:10,18:20,1,104.32737436507739,649.2814143610591
2025-06-06,18:30,18:50,2,542.61424047619,3409.154711754759
2025-06-06,20:10,20:40,3,1027.2944833333336,6915.851656191668
2025-06-06,21:10,21:20,1,32.68528075476206,153.14688297643764
2025-06-06,21:50,22:40,5,159.87735833333315,331.3572729074996
2025-06-06,22:50,23:50,6,310.9881539666665,659.5694035950496
2025-06-07,02:00,02:20,2,10.400999228571173,22.48663861579469
2025-06-07,07:30,07:40,1,2.2665440468244213,7.818443689520841
2025-06-07,20:10,20:50,4,744.5958167126988,5021.378500299844
2025-06-07,22:20,22:50,3,61.53079031666628,129.70451606301583
2025-06-07,23:40,24:00,2,33.52029153333304,71.63822590276602
2025-06-08,01:40,01:50,1,2.544433333333359,5.512514816666722
2025-06-08,02:20,02:40,2,34.190370000000144,74.61235321333365
2025-06-08,02:50,03:00,1,6.756166666666672,14.718309083333343
2025-06-08,04:00,04:20,2,29.368131666666955,64.54534733250063
2025-06-08,18:50,19:40,5,68.6183967460322,463.30365329663005
2025-06-08,19:50,20:10,2,75.7544345238091,511.5628893601162
2025-06-08,22:40,23:10,3,62.259141148411956,132.00880998020756
2025-06-08,23:20,23:50,3,58.525458649999976,123.98756186566662
2025-06-09,18:50,19:00,1,5.90466666666714,39.75612066666986
2025-06-09,19:20,20:50,9,623.7590099388875,4224.41839214134
2025-06-11,09:20,10:50,9,1511.8847615523794,7316.3534006540385
2025-06-17,19:20,19:30,1,2.2772402777776506,15.352015332638032
2025-06-19,19:20,19:30,1,2.4869252777775728,16.76560676013751
2025-06-24,09:20,10:50,9,1942.7128129365087,9313.379130008734
2025-06-24,13:20,13:30,1,19.19270583333332,82.70136943583329
2025-06-24,13:40,13:50,1,107.33739709762051,484.41367310156136
2025-06-24,14:40,14:50,1,23.456116666666333,109.96227493333176
2025-07-01,02:30,04:40,13,1092.5067634023765,2388.9770797514884
2025-07-01,04:50,05:10,2,110.07775992063478,240.60774780726157
2025-07-01,19:00,19:20,2,34.24069722222259,230.78106133639142
2025-07-01,19:30,20:10,4,301.8658995238086,2035.1406172821364
2025-07-01,20:20,20:40,2,344.423299667063,2351.350403562562
2025-07-01,21:00,22:50,11,560.19784921508,1774.2927179247827
2025-07-01,23:00,23:20,2,93.07310562500015,197.4800807230559
2025-07-01,23:30,24:00,3,125.46195372222208,267.48129307944413
2025-07-02,01:30,01:50,2,164.57147444444422,355.6921958138884
2025-07-02,02:10,05:20,19,1503.45376886746,3287.144803789433
2025-07-02,18:50,20:10,8,409.36617738095185,2759.6265564478936
2025-07-02,20:20,21:40,8,728.9292407357121,4549.14803284221
2025-07-02,22:00,23:30,9,468.9703702166664,993.0751398069468
2025-07-02,23:50,24:00,1,5.975880633333395,12.776432794066798
2025-07-03,01:30,01:50,2,85.58884055555541,184.77102089152746
2025-07-03,02:10,05:20,19,1544.971960117064,3373.379904866685
2025-07-03,18:50,19:00,1,39.55751190476258,266.34072765476645
2025-07-03,19:50,20:00,1,15.675148888888657,105.66617865999845
2025-07-03,20:10,23:30,20,1799.8015423690483,9761.153755210962
2025-07-04,01:00,05:30,27,1816.7515919380953,3952.3352856727233
2025-07-04,06:30,07:20,5,568.6964078369053,2351.937947477612
2025-07-04,20:10,21:20,7,1336.219147060714,8394.127226805158
2025-07-04,21:30,24:00,15,807.3105465666669,1969.071375946312
2025-07-05,01:20,01:40,2,80.70833631031701,173.1953621000899
2025-07-05,02:00,03:20,8,607.3374084896826,1321.577569915683
2025-07-05,03:40,04:40,6,355.66819396230153,779.1999361462299
2025-07-05,05:00,05:30,3,276.43166410793623,604.1308382782962
2025-07-05,06:20,07:30,7,662.5525986333336,2741.8757407563508
2025-07-05,18:30,18:50,2,152.57742134920346,978.781074617363
2025-07-05,19:40,20:00,2,20.797266666667497,140.12497440000558
2025-07-05,20:10,20:50,4,1496.6108419047619,10082.040298280475
2025-07-05,21:20,21:50,3,253.18489247500005,1150.199130514946
2025-07-05,22:10,23:50,10,478.35690163611093,1014.2812790749329
2025-07-06,01:30,01:50,2,88.77971111111106,191.7131110688888
2025-07-06,02:10,02:20,1,91.17788944444335,197.1265969788865
2025-07-06,02:30,04:00,9,524.2553610480164,1142.9115516466813
2025-07-06,04:20,04:30,1,39.12139222222231,85.36287782888908
2025-07-06,04:40,05:20,4,171.6377800000002,377.01721195722257
2025-07-06,09:20,09:40,2,7.623919148015574,36.21580991787552
2025-07-06,09:50,10:10,2,195.78462166666685,973.8856397675011
2025-07-06,14:10,15:00,5,1039.6100625484087,5108.414027658138
2025-07-06,15:10,16:10,6,781.3061163492057,3012.8079350021994
2025-07-06,16:30,17:50,8,807.7485012698405,3892.692843365611
2025-07-06,18:00,21:30,21,2520.0027802785694,16687.398046346036
2025-07-06,21:50,23:00,7,542.7637172055552,1130.9684007267297
2025-07-06,23:20,24:00,4,172.18351146666612,366.2637426898044
2025-07-07,01:40,01:50,1,21.62976333333313,46.86088226166623
2025-07-07,02:10,02:50,4,92.69422222222215,201.1740991894443
2025-07-07,03:10,03:40,3,73.5968523015872,160.4017378773212
2025-07-07,19:00,19:20,2,29.213834841270227,197.18856160293913
2025-07-07,19:40,20:00,2,35.96702928571369,242.38532369696028
2025-07-22,01:00,01:10,1,0.8349924999998848,1.7998263337497515
2025-07-27,09:00,09:30,3,289.332707103176,1444.1993901129633
2025-07-29,18:50,19:00,1,22.35706880952432,150.53014429452728
2025-08-03,19:00,19:20,2,17.52197281746055,118.17703056383095
2025-08-03,19:30,20:10,4,131.14109174603038,884.1686650573519
2025-08-04,18:50,19:00,1,32.848349325397294,221.1679360079
2025-08-04,19:50,20:00,1,1.7195099999996728,11.591216909997796
2025-08-05,19:40,19:50,1,14.712630357142416,99.11163440088988
2025-08-06,15:30,16:30,6,456.4065551658757,1862.9374407731873
2025-08-06,20:10,20:40,3,477.92005328769767,3229.6809771364565
2025-08-07,01:30,01:50,2,27.69899833333352,59.8621234575004
2025-08-07,20:00,20:10,1,5.090126785714006,34.39144162767668
2025-08-10,20:20,20:30,1,5.283410277777648,35.63396061847135
2025-08-11,01:00,01:10,1,44.09226527777764,95.04087780624971
2025-08-11,19:00,19:40,4,122.57476571428538,826.1520757177159
2025-08-13,19:10,19:20,1,12.321578968253675,82.83181461408533
2025-08-13,20:30,20:40,1,3.380821944444392,23.584613884444078
2025-08-14,18:50,19:00,1,32.13423500000056,216.35980425500378
2025-08-14,20:30,20:40,1,2.9813427777778543,20.797847217778312
2025-08-17,19:10,19:40,3,66.33945658730056,446.9469636350923
2025-08-18,19:00,19:20,2,26.236710674603046,177.34789590597137
2025-08-18,19:50,20:00,1,16.523541666666347,111.38519437499785
2025-08-18,20:20,20:40,2,35.17978611111096,237.28141285555455
2025-08-19,19:20,19:40,2,52.22633571428514,352.17604459576995
2025-08-19,20:00,20:10,1,8.197148095237822,55.38403110547434
2025-08-20,08:40,09:30,5,797.1688022222208,4058.1976277305484
2025-08-20,14:10,15:00,5,339.4739475230177,1641.4565367930504
2025-08-20,19:10,19:20,1,1.6381221428570143,11.012276105356278
2025-08-20,20:00,20:10,1,14.666673095237911,99.09537676797494
2025-08-20,20:30,20:40,1,11.336647718652102,79.08445448531707
2025-08-20,20:50,21:00,1,4.472039133333077,20.866534596132137
2025-08-25,19:20,19:40,2,43.437608531745354,292.84458996328914
2025-08-26,01:00,01:10,1,8.276178845233494,17.839303500900794
2025-08-27,18:50,19:00,1,16.97923500000047,114.32118925500319
2025-08-27,19:20,19:30,1,9.621666666666556,64.86446583333259
2025-08-28,01:00,01:10,1,28.96144666666669,62.426398290000044
2025-08-28,10:40,10:50,1,21.29376666666667,85.06859783333334
2025-08-28,18:50,19:00,1,30.899500000000444,208.04633350000302
2025-08-28,19:50,20:00,1,32.6666666666664,220.20599999999823
2025-08-31,20:00,20:10,1,2.399084285714025,16.209412976426812
2025-09-08,03:30,05:20,11,474.6640967623028,1041.9412006413663
2025-09-08,07:30,07:40,1,126.99388333333332,438.06540055833324
2025-09-08,08:50,09:20,3,103.06342709206152,523.5256234118785
2025-09-08,14:10,18:50,28,3828.89822702381,18204.401260876864
2025-09-08,19:10,19:20,1,182.68666311309755,1228.1110927777984
2025-09-08,19:40,20:00,2,206.8462333333332,1393.651108349999
2025-09-08,20:10,24:00,23,2650.695627777778,13315.64949476931
2025-09-09,01:30,01:50,2,42.958236111111205,92.9163780951391
2025-09-09,02:10,03:40,9,399.48362777777777,870.0123297922221
2025-09-09,03:50,05:00,7,182.30534043650744,400.7485437728957
2025-09-09,05:10,05:20,1,10.03826230158711,22.27992317837259
2025-09-09,16:10,17:10,6,643.6685710436533,2879.520362843279
2025-09-09,17:40,17:50,1,80.85586531746034,434.2768526200795
2025-09-09,18:00,18:50,5,433.2802221031759,2741.0885073525874
2025-09-09,19:30,19:40,1,2.3526166666664494,15.868399416665202
2025-09-09,20:10,23:20,19,2169.593328333334,11544.242863992364
2025-09-09,23:40,24:00,2,155.27162430555546,331.8489008260415
2025-09-10,01:30,01:50,2,218.378577777778,471.7521533909727
2025-09-10,02:10,02:40,3,83.11460916666658,180.75058048819426
2025-09-10,02:50,03:00,1,1.949701388889025,4.24742447569474
2025-09-10,03:10,03:50,4,174.69188178571437,380.481144368274
2025-09-10,04:00,04:50,5,93.28674408730183,205.1671515864688
2025-09-10,05:10,05:20,1,8.508657539682645,18.88496540932563
2025-09-10,07:20,07:40,2,537.2529305499974,1967.100245270423
2025-09-10,08:20,09:40,8,1163.2727333333337,5998.554033808336
2025-09-10,13:50,15:40,11,634.6622863516552,2756.5009960194297
2025-09-10,15:50,16:40,5,212.46210357142843,905.0266339900984
2025-09-10,16:50,18:10,8,320.18130174603175,1705.152470077639
2025-09-10,18:30,18:50,2,413.65690182539663,2659.6292808141457
2025-09-10,19:10,19:20,1,770.2574284535722,5178.055562779139
2025-09-10,19:40,20:00,2,641.9569833333333,4325.499693225
2025-09-10,20:10,20:40,3,1437.0697833333334,9669.063358033334
2025-09-10,20:50,24:00,19,698.0345205250001,2160.1240737184003
2025-09-11,01:30,01:50,2,44.417887500000006,96.02305042750002
2025-09-11,02:10,02:50,4,71.12720166666668,154.4338617166667
2025-09-11,03:10,03:50,4,71.74098166666681,156.3382238633336
2025-09-11,04:00,05:10,7,102.91365920634883,225.70172745587217
2025-09-11,08:40,09:20,4,189.22835941309765,968.2813380809707
2025-09-11,18:20,18:40,2,123.71148514920681,775.5497581550466
2025-09-11,19:50,20:00,1,6.0716666666666015,40.929104999999566
2025-09-11,20:10,22:50,16,1859.5435123015886,9832.619961642871
2025-09-12,07:10,07:40,3,180.39035752857077,671.5002988172164
2025-09-15,19:40,19:50,1,1.1717666666664854,7.893606149998779
2025-09-15,20:30,20:50,2,15.320964920637266,106.09915147414327
2025-09-16,19:10,19:20,1,8.238266666666618,55.38174766666634
2025-09-17,05:50,06:00,1,4.316503412699035,19.63793227607426
2025-09-18,01:30,01:40,1,1.0732938888888839,2.314021624444434
2025-09-22,19:50,20:00,1,1.764334444443989,11.89337848999693
2025-09-23,20:20,20:30,1,6.375000000000227,42.99618750000153
2025-09-25,18:50,19:00,1,13.705786388889237,92.28105975639124
2025-09-28,19:20,19:30,1,1.5845363888887505,10.682152065693511
2025-09-29,06:00,06:10,1,19.42914392857199,91.0061101614312
2025-09-29,20:30,20:40,1,5.620383333333507,39.207794133334545
2025-09-30,02:50,03:10,2,34.43561277777758,75.11466526374956
2025-09-30,03:20,03:40,2,22.775751944444437,49.58733838583332
2025-09-30,04:40,04:50,1,19.533642760713633,43.18888414393784
2025-09-30,20:00,20:10,1,14.106576944444328,95.3110871251381
2025-10-05,01:00,01:20,2,21.331072222222247,45.907544138750055
2025-10-07,01:50,02:00,1,2.9210097222220384,6.296236456249604
2025-10-07,09:30,09:40,1,15.302966666666634,72.09227596666652
2025-10-08,07:20,07:40,2,36.456016984126904,135.130277088333
2025-10-09,07:30,07:40,1,28.39336763849253,97.94292166897998
2025-10-09,20:10,21:00,5,532.8725235317426,3518.599899782953
2025-10-09,21:30,21:50,2,40.58092520555499,187.90772132757223
2025-10-10,20:40,21:40,6,501.3294201571371,2597.2922157601656
2025-10-10,21:50,22:40,5,139.74874872500007,293.5883347846793
2025-10-10,22:50,23:00,1,5.605909363888884,11.8761189873986
2025-10-11,20:40,20:50,1,212.36330398531828,1298.1768772622506
2025-10-12,01:40,01:50,1,25.841323055555563,55.985226399861126
2025-10-12,03:40,03:50,1,5.260993611110962,11.468966072221898
2025-10-12,06:00,06:10,1,9.794598412699088,45.87789896508253
2025-10-13,05:40,05:50,1,0.03374587301607335,0.09631072158787334
2025-10-14,02:10,02:20,1,22.19489222222228,47.985356984444564
2025-10-14,03:10,03:50,4,64.99252583333316,141.75185392583296
2025-10-14,07:10,07:40,3,58.76139662698504,219.78664863399166
2025-10-14,08:50,09:40,5,713.1248333333334,3584.2002952416665
2025-10-15,02:20,02:30,1,2.475582499999973,5.405434388749941
2025-10-15,04:00,04:20,2,38.381486468253684,84.347874000297
2025-10-15,09:00,09:30,3,212.42525445238164,1051.0961928391582
2025-10-16,02:20,02:50,3,37.531066666666675,81.72516438625003
2025-10-16,03:50,04:00,1,1.5977944444443892,3.497572038888768
2025-10-16,05:10,05:20,1,29.393393930951923,65.23863782974779
2025-10-16,09:10,09:40,3,164.00464244325283,805.4225569943106
2025-10-16,15:10,16:20,7,407.7136677777777,1530.5082514075395
2025-10-16,16:50,17:00,1,7.584862345237707,35.13308238314106
2025-10-19,01:00,01:10,1,22.74065916666666,49.01749083374998
2025-10-19,03:10,03:20,1,8.941346111111102,19.541311925833313
2025-10-19,03:40,04:00,2,11.913631111111044,26.065628349722076
2025-10-19,04:20,04:30,1,42.59860638888881,92.95015914055539
2025-10-19,04:50,05:00,1,2.1963895960358286,4.826566137288733
2025-10-19,05:40,05:50,1,2.333477182539582,6.659743878967967
2025-10-19,07:30,07:40,1,8.177545714285657,28.20844394142837
2025-10-19,09:20,09:40,2,96.31063209563385,463.1643333804908
2025-10-20,01:00,01:10,1,28.51948249999998,61.47374452874996
2025-10-20,02:20,02:50,3,55.46424027777789,120.85650055000023
2025-10-20,03:20,04:00,4,19.234254166666688,41.952385496111155
2025-10-20,09:00,10:10,7,988.3766755400796,4828.108124002593
2025-10-21,02:40,03:00,2,48.508285833333275,105.48750537874986
2025-10-21,03:30,03:40,1,2.162491111110967,4.706661903333019
2025-10-21,05:40,05:50,1,24.163327182539547,68.96213577896786
2025-10-21,09:30,09:40,1,140.4631333333333,661.7218211333333
2025-10-21,10:00,10:10,1,0.10609191626899772,0.5261628587360943
2025-10-22,01:30,01:50,2,46.68583611111114,100.6778842309723
2025-10-22,02:10,02:20,1,4.724540833333322,10.214457281666641
2025-10-22,09:30,09:50,2,384.42682047539756,1823.980520634598
2025-10-22,10:00,10:20,2,52.83588333333326,253.8317425999996
2025-10-23,02:10,02:20,1,1.4519088888889655,3.139027017777943
2025-10-23,03:20,03:40,2,23.471843611111126,51.09736067333336
2025-10-26,01:30,01:50,2,24.160401666666644,52.18610814958329
2025-10-26,02:20,02:30,1,2.1380861111109652,4.668511023610793
2025-10-26,03:20,03:30,1,6.154789166666546,13.405130804999738
2025-10-26,04:00,04:10,1,8.02489011904754,17.658770706964113
2025-10-27,01:30,01:50,2,2.6162141666668504,5.657529100417064
2025-10-27,03:00,03:20,2,22.308914722222198,48.78054580499995
2025-10-27,04:00,04:20,2,18.477772857142668,40.59283122714244
2025-10-27,06:00,06:10,1,19.74493333333396,92.48526773333627
2025-10-28,01:00,01:10,1,5.389925833333336,11.617985133750006
2025-10-28,02:50,03:00,1,4.413589166666725,9.61500399958346
2025-10-28,03:50,04:00,1,1.9555483333334678,4.280695301666961
2025-10-28,04:20,04:30,1,4.849099166666633,10.580734381666593
2025-10-28,09:30,09:40,1,29.624666666666712,139.5618046666669
2025-10-29,02:30,02:50,2,46.9876144444446,102.07762307458367
2025-10-29,03:10,03:20,1,18.006798888888852,39.35385897166658
2025-10-29,04:30,04:40,1,11.46760329841188,25.1885906449617
2025-10-29,09:20,09:50,3,600.4543194476191,2867.7034095959525
2025-10-29,10:00,10:30,3,138.7543166666669,674.0295425166678
2025-10-29,13:40,14:00,2,76.79313333333357,369.74025740000116
2025-10-29,14:30,14:50,2,258.9397591857128,1215.8648743396918
2025-10-30,02:50,03:20,3,55.61609916666691,121.46822445069498
2025-10-31,15:20,15:30,1,24.439166666666665,89.300715
2025-11-02,02:50,03:10,2,33.22981416666653,72.5310787274997
2025-11-02,05:00,05:20,2,27.605922883727153,60.02814561628536
2025-11-02,07:10,07:20,1,7.320336746031785,29.178862269682696
2025-11-02,20:30,20:40,1,60.91889388888694,424.9702037688753
2025-11-03,02:20,02:30,1,7.9121891666666215,17.27626504541657
2025-11-03,02:50,03:00,1,31.51096333333328,68.64663362166654
2025-11-03,03:20,03:30,1,3.4079750000000786,7.422569550000171
2025-11-03,05:00,05:20,2,85.08843035714278,186.57215253601174
2025-11-04,02:10,02:20,1,25.36160666666683,54.83179361333369
2025-11-04,05:40,05:50,1,1.0744349999998803,3.0664374899996587
2025-11-04,06:00,06:10,1,20.865938730159314,97.73605701206623
2025-11-05,02:10,02:20,1,12.250570000000039,26.485732340000084
2025-11-05,03:00,03:10,1,14.26125833333333,31.189371974999997
2025-11-05,04:50,05:10,2,42.99714178095232,93.97750673864272
2025-11-06,01:30,01:50,2,52.376991388888996,113.26567895319468
2025-11-06,02:30,02:50,2,63.30897055555556,137.44736917805557
2025-11-06,03:40,03:50,1,17.868707499999914,38.95378234999981
2025-11-06,04:20,04:30,1,3.5157791666666753,7.6714301416666855
2025-11-06,05:40,05:50,1,6.5921822222221635,18.814088062222055
2025-11-06,09:10,10:40,9,1547.9072899972218,7501.877239717886
2025-11-09,03:20,03:30,1,7.79964166666673,16.987619550000137
2025-11-09,04:00,04:10,1,5.9128050000000485,13.011127402500106
2025-11-10,10:10,10:30,2,102.26578814444615,489.2500652394748
2025-11-10,20:30,20:40,1,45.33100530039712,316.2290929755703
2025-11-10,20:50,21:00,1,14.658529091666901,68.39669674171776
2025-11-13,01:00,01:10,1,1.3545283333334055,2.9196858225001554
2025-11-13,02:50,03:00,1,4.35706611111118,9.491868523055706
2025-11-13,04:00,04:10,1,20.092328333333285,44.21316849749989
2025-11-13,14:40,14:50,1,142.4706761111072,667.9025296088705
2025-11-15,03:10,03:30,2,7.694482222222234,16.808565355000024
2025-11-15,03:40,04:20,4,53.38037333333307,117.29324642458276
2025-11-16,10:20,10:30,1,100.02053833332977,477.5480602724829
2025-11-16,10:40,10:50,1,60.332137222221945,241.0268882027767
2025-11-17,01:00,01:10,1,40.66335833333335,87.64986888750003
2025-11-17,02:50,03:00,1,0.019566111111089413,0.042624773055508276
2025-11-17,04:30,04:40,1,3.5042250000000195,7.697030212500044
2025-11-17,05:00,05:20,2,64.149253888889,140.8478937197225
2025-11-18,01:00,01:10,1,3.0786500000000387,6.636030075000083
2025-11-18,03:10,03:20,1,11.900343333333353,26.008200355000042
2025-11-19,01:40,01:50,1,5.277023333333204,11.432671051666388
2025-11-19,02:20,02:30,1,7.265166666666687,15.863491416666712
2025-11-19,03:10,03:30,2,44.035574166666606,96.13742234124986
2025-11-19,03:50,04:00,1,12.391833333333352,27.12572316666671
2025-11-19,05:00,05:10,1,6.383091666666473,13.828968095832915
2025-11-19,05:40,06:00,2,13.11293222222298,39.772576062225525
2025-11-19,10:10,10:30,2,232.76540897499956,1113.0199543761478
2025-11-20,03:30,03:50,2,20.68941499999994,45.05551318666653
2025-11-20,04:30,04:50,2,17.983625000000075,39.6296251758335
2025-11-20,14:40,14:50,1,5.228689594447076,24.51209681876789
2025-11-21,01:30,01:50,2,18.54353500000002,40.05802781750005
2025-11-21,02:10,02:20,1,1.3859149999998976,2.9963482299997786
2025-11-21,02:30,03:00,3,35.477874444444524,77.01119714222239
2025-11-21,03:20,04:00,4,107.7993091666666,234.86617329249987
2025-11-21,04:30,04:40,1,12.703201666666587,27.902582460833163
2025-11-22,02:10,02:30,2,13.83037000000013,29.982784356666947
2025-11-22,02:50,03:10,2,15.26916666666665,33.31342272583329
2025-11-22,03:40,04:10,3,45.39497083333322,99.3202652770831
2025-11-22,04:40,05:00,2,8.657262222222244,19.02696752333338
2025-11-22,05:10,05:20,1,2.528017777777677,5.610935457777554
2025-11-22,07:30,07:40,1,119.10921712222367,410.86724446311047
2025-11-23,02:50,03:00,1,1.4328744444443373,3.1215169772219884
2025-11-23,03:30,03:40,1,1.677630000000022,3.6513616950000474
2025-11-23,05:40,05:50,1,6.011940555555498,17.158078345555392
2025-11-23,10:00,10:50,5,631.2626863444451,3004.731028936942
2025-11-24,01:00,01:10,1,6.254805000000033,13.482232177500071
2025-11-24,06:00,06:10,1,15.860516666667195,74.29066006666915
2025-11-25,02:10,02:40,3,32.7344300000002,71.26234168000043
2025-11-25,03:50,04:20,3,45.87398888888913,100.81973628444497
2025-11-25,04:40,05:00,2,39.653314166666746,87.41138215375017
2025-11-26,02:20,02:40,2,39.627908333333494,86.34447055000035
2025-11-26,06:00,06:10,1,28.7926750000006,134.8648897000028
2025-11-27,01:30,01:50,2,14.314753333333329,30.938664989166657
2025-11-27,05:40,05:50,1,4.454616111111022,12.713474381110858
2025-11-28,03:40,03:50,1,4.089751666666643,8.915658633333283
2025-11-28,04:00,04:20,2,58.298014999999964,128.0582598974999
2025-11-28,04:50,05:00,1,32.74283333333335,71.95237625000003
2025-11-29,01:50,02:00,1,19.87216666666677,42.834455250000225
2025-11-29,02:20,02:30,1,3.028666666666709,6.613093666666758
2025-11-29,03:40,03:50,1,25.037051666666628,54.580772633333254
2025-11-29,04:20,04:40,2,40.89654666666661,89.27964466999987
2025-11-29,07:30,07:40,1,22.90154158889095,78.99886771087932
2025-11-30,01:30,01:40,1,10.185848333333297,21.96068900666659
2025-11-30,03:30,04:00,3,46.201519999999846,100.75942826999967
2025-11-30,04:20,04:30,1,5.5306666666666615,12.067914666666654
2025-11-30,06:00,06:10,1,6.062833333334083,28.398311333336846
2025-11-30,10:20,10:30,1,85.19856054999715,406.7805273459614
2025-12-01,01:30,01:50,2,88.96739166666669,192.17936997583337
2025-12-01,02:10,05:20,19,1205.2305216666668,2635.2905579733338
2025-12-01,05:40,05:50,1,99.19386888888891,283.099301808889
2025-12-01,06:00,06:10,1,84.92232277777828,397.7761598911135
2025-12-01,06:30,07:30,6,500.80632722222254,2036.230073346668
2025-12-01,07:40,08:10,3,113.728970766668,651.6603068216729
2025-12-01,09:20,09:50,3,846.8864333333331,4023.505468799999
2025-12-01,10:00,10:40,4,1122.1166499999997,5440.1607757583315
2025-12-01,14:40,14:50,1,54.60013944444688,255.96545371556695
2025-12-02,01:30,01:50,2,64.56118666666669,139.6323502933334
2025-12-02,02:10,05:20,19,1065.486733888889,2330.750156254167
2025-12-02,05:40,05:50,1,76.97589277777797,219.68919798777833
2025-12-02,06:00,06:10,1,17.21039500000029,80.61349018000136
2025-12-02,06:20,07:30,7,494.6212560222244,2039.2319252432208
2025-12-02,07:40,08:20,4,249.68881444444526,1342.8234142277827
2025-12-02,09:20,09:50,3,1186.3460870166664,5655.339665014165
2025-12-02,10:00,10:50,5,1299.45147,6209.947041408333
2025-12-03,01:30,01:50,2,92.1606599999999,199.26592958999976
2025-12-03,02:10,05:20,19,802.6258683333334,1757.1602002161112
2025-12-03,05:40,05:50,1,77.55865111111109,221.35239027111106
2025-12-03,06:00,07:30,9,818.6743709222236,3577.21502144914
2025-12-03,07:40,08:10,3,116.75410888888973,605.2878610886161
2025-12-03,09:30,09:50,2,467.96444555555763,2233.5023659122317
2025-12-03,10:10,10:30,2,445.81475,2133.092389
2025-12-04,01:30,01:50,2,23.96367166666687,51.73809240833378
2025-12-04,02:10,05:20,19,1095.6557533333325,2396.3427468049986
2025-12-04,05:40,05:50,1,77.97245944444467,222.53339925444507
2025-12-04,06:00,07:30,9,1180.8470289777792,5176.456599749696
2025-12-04,07:50,08:20,3,116.01107444444517,658.3271984505598
2025-12-04,09:20,09:50,3,845.748423888889,4044.7636862405557
2025-12-04,10:10,10:40,3,681.4393833333334,3278.592955158333
2025-12-04,20:40,20:50,1,9.510472316668618,58.13751727179526
2025-12-05,01:30,01:50,2,24.178030000000092,52.3725014750002
2025-12-05,02:20,03:10,5,227.92912333333345,495.9402567091669
2025-12-05,03:20,05:20,12,581.7391794444441,1274.7879825838882
2025-12-05,05:40,05:50,1,187.90266546666567,536.2742072418638
2025-12-05,07:10,07:40,3,1326.2178738666662,4942.807784324198
2025-12-05,09:20,09:30,1,76.82749999999987,372.61337499999934
2025-12-06,01:30,01:50,2,39.64759666666657,85.69244833333313
2025-12-06,02:10,02:20,1,31.473734999999976,68.04621506999995
2025-12-06,02:30,03:00,3,90.0854016666666,195.52188619499984
2025-12-06,03:10,05:20,13,560.652677777777,1228.7431944972207
2025-12-06,05:40,05:50,1,60.944539444444445,173.93571557444446
2025-12-06,07:10,07:40,3,1047.1510737499993,3843.21014927583
2025-12-06,09:00,09:50,5,320.4959500000006,1559.5054578500033
2025-12-06,15:10,15:20,1,41.75774388888897,150.68281882305584
2025-12-06,20:20,20:50,3,539.392200894441,3382.967889907557
2025-12-06,21:00,21:20,2,43.957374999999715,204.4629428849987
2025-12-07,01:30,01:50,2,42.334199999999896,91.29529505249977
2025-12-07,02:10,03:20,7,269.3524233333329,586.7686760158324
2025-12-07,03:40,04:00,2,35.84407999999996,78.33624339999992
2025-12-07,04:20,05:20,6,226.8326022222219,497.7328252261104
2025-12-07,05:40,05:50,1,44.0001216666667,125.57634723666676
2025-12-07,06:00,07:30,9,330.2754224500005,1467.5055830649692
2025-12-07,07:40,08:10,3,127.88891888888998,664.5913642211176
2025-12-07,10:10,10:20,1,227.11870791666811,1088.8070857525067
2025-12-07,10:40,10:50,1,39.02811777777765,155.91733052222173
2025-12-07,20:30,20:40,1,4.664713477776559,32.54104122096928
2025-12-08,01:30,01:50,2,34.09497500000009,73.6016744575002
2025-12-08,02:10,02:50,4,120.68355999999972,261.8281043599994
2025-12-08,03:10,04:00,5,73.81053333333341,160.89523474916683
2025-12-08,04:30,05:20,5,105.11220833333289,230.89550762166567
2025-12-08,05:40,05:50,1,36.17831333333322,103.25290625333302
2025-12-08,06:10,06:50,4,125.09835722222238,539.633579165834
2025-12-08,07:00,07:20,2,37.54659666666646,150.83335967999918
2025-12-08,07:40,08:00,2,26.51799000000028,133.61548091666828
2025-12-08,09:30,09:50,2,177.08243452222425,845.9081868190818
2025-12-08,10:10,10:20,1,278.57508333333357,1335.488949500001
2025-12-09,01:00,01:10,1,15.94344000000001,34.36608492000002
2025-12-09,03:00,03:40,4,106.0952883333332,231.81615321999973
2025-12-09,04:10,04:30,2,12.241525000000252,26.82678702916722
2025-12-09,04:50,05:00,1,7.184666666666544,15.78830499999973
2025-12-09,05:10,05:20,1,17.778039444444516,39.4583585469446
2025-12-09,06:10,07:00,5,106.73284999999976,462.3572734391656
2025-12-09,07:20,07:30,1,44.88358333333349,171.54505550000061
2025-12-09,07:40,08:20,4,206.66193500000122,1159.1429182802847
2025-12-09,09:40,09:50,1,399.11041666666654,1909.543788541666
2025-12-09,10:10,10:30,2,320.1854838888904,1533.0341032025071
2025-12-10,02:50,03:00,1,5.5715000000000146,12.13751275000003
2025-12-10,03:10,03:30,2,39.55969500000003,86.27959092250006
2025-12-10,04:00,04:30,3,60.86460499999998,133.54626147583332
2025-12-10,04:50,05:10,2,40.63819111111104,88.86464737555539
2025-12-10,06:10,06:30,2,29.20418333333305,127.88561031666543
2025-12-10,07:10,07:20,1,10.361263333333227,41.29999564666625
2025-12-10,07:40,07:50,1,23.723647777777956,102.0116854444452
2025-12-10,09:30,09:50,2,267.9258183333359,1278.8776837783453
2025-12-10,10:10,10:30,2,457.82818333333336,2189.315067775
2025-12-10,10:40,10:50,1,28.27857055555569,112.97288936944499
2025-12-12,01:30,01:40,1,7.051063055555517,15.202091947777696
2025-12-17,01:40,01:50,1,7.699659444444478,16.68131218638896
2025-12-18,03:10,03:20,1,10.993549866665512,24.026403233597474
2025-12-22,01:30,01:50,2,13.892877777777812,29.972930730555632
2025-12-23,01:00,01:10,1,1.0109324999999671,2.1790650037499293
2025-12-25,01:00,01:10,1,19.875321111111248,42.84125465500029
2025-12-26,01:00,01:10,1,6.319887777777751,13.622518104999942
2025-12-31,01:30,01:50,2,86.84414000000004,187.76865708708343
2025-12-31,10:10,10:20,1,143.19874678571307,686.4947920907084
