date,plan_fee_yuan,emergency_fee_yuan,emergency_kwh,adjustment_abs_kwh,increase_fee_yuan,refund_yuan,decrease_penalty_yuan,base_plan_fee_yuan,final_contract_fee_yuan,bill_identity_error_yuan,total_fee_yuan,start_soc_kwh,end_soc_kwh,unused_kwh,conversion_loss_kwh
2025-02-01,23155.562849613027,4.2119080889690966e-11,1.2224443679542674e-11,3419.822078063258,51.24301829240068,-2089.8337884799057,1044.9168942399529,24149.23672556058,22093.564949275606,0.0,23155.56284961307,1200.0,2379.316261554797,2828.1732761764065,3767.1072796334756
2025-02-02,56207.40149298357,4.434749123483073e-11,1.1303180613708719e-11,4221.673589436123,134.05515104172542,-2842.1191306350665,1421.0595653175333,57494.40590725937,54741.65687731879,0.0,56207.40149298361,2379.316261554797,2357.3085373073254,3746.5026964834137,4094.8412809392457
2025-02-03,57044.260231154745,7.236873122984377e-11,1.7827517240220914e-11,5605.525781649112,7.1000991844280685,-4097.176114362161,2048.5880571810803,59085.7481891514,54993.30547424553,-7.275957614183426e-12,57044.26023115482,2357.3085373073254,2110.3392120495687,2695.488364747117,4289.339464302856
2025-02-04,58801.663961601014,6.745106717609418e-11,1.6241008538031565e-11,6222.104204843141,70.08267414885555,-4431.227599044044,2215.613799522022,60947.195086974185,56562.689270696064,-2.1827872842550278e-11,58801.66396160108,2110.3392120495687,2090.3088847822687,3552.214656200426,4333.35314367253
2025-02-05,56674.10544087793,5.740795239184138e-11,1.6149526160802452e-11,2964.0690657438317,290.76432667037403,-2033.7220370744135,1016.8610185372067,57400.20213274476,55560.322980117264,0.0,56674.10544087799,2090.3088847822687,2323.1361200160545,2236.64411570581,4295.560493525085
2025-02-06,58293.55631230371,67.4708827334154,11.550266666688707,8727.962064142752,8.31031220149671,-6394.154793758059,3197.0773968790295,61482.32339698124,55093.708811357516,-7.275957614183426e-12,58361.027195037124,2323.1361200160545,2171.6358065645613,2786.995535890748,4322.05542912724
2025-02-07,22347.259397373786,4.0420619296099856e-11,1.087296919166647e-11,4499.156018463263,0.0,-2646.012866330071,1323.0064331650356,23670.26583053882,21024.25296420875,0.0,22347.259397373826,2171.6358065645613,1908.6295229307084,5281.977347918048,3582.8447802274645
2025-02-08,20407.97235277022,4.7599092667383046e-11,1.389999226830696e-11,664.083418602933,644.9350206669236,-120.18152427608294,60.09076213804147,19823.128094241336,20132.903250409865,3.637978807091713e-12,20407.972352770266,1908.6295229307084,2143.455247016343,3264.428985854801,3563.4288275526324
2025-02-09,56643.84484999305,5.0622737113315e-11,1.4315659768726618e-11,3053.9644652129423,97.40597715696637,-2061.641990524414,1030.820995262207,57577.25986809829,55580.55519567852,0.0,56643.844849993104,2143.455247016343,2006.8656492293987,3930.874640025303,4136.3034057370305
2025-02-10,52757.38068446765,6.161695642603606e-11,1.5777601447553025e-11,8286.344451410127,773.3064346882757,-5216.9698399444615,2608.4849199722307,54592.55916975161,49891.126952932675,-1.4551915228366852e-11,52757.38068446771,2006.8656492293987,1901.8582154807161,1280.0201326987292,4244.439765206036
2025-02-11,53089.290584222195,5.64434969874128e-11,1.5707435352396715e-11,6809.682081592941,0.0,-5043.638573233543,2521.8192866167715,55611.10987083896,50567.471297605414,7.275957614183426e-12,53089.29058422225,1901.8582154807161,1799.7901903207808,1426.9589969292194,4285.277567231236
2025-02-12,53041.682843504146,6.800432883480312e-11,1.7147172570730618e-11,7123.733897769296,19.824081212571862,-5002.3783525242,2501.1891762621,55523.04793855367,50533.88564017118,7.275957614183426e-12,53041.68284350421,1799.7901903207808,1686.888320527503,1148.05675747811,4348.386213755019
2025-02-13,48294.46938246821,1160.6215774566328,212.45993702308226,4098.586842741243,776.6286081519545,-2197.6515720457983,1098.8257860228991,48616.66656033915,46936.76739372799,0.0,49455.09095992484,1686.888320527503,1442.7319685604457,758.5820789236069,4325.931529066769
2025-02-14,19407.332480566114,429.8262234243858,197.02000983727027,1282.3539047287886,1583.3829643544636,0.0,0.0,17823.94951621165,18879.53815911463,-3.637978807091713e-12,19837.1587039905,1442.7319685604457,1599.477076240497,2468.063287303456,3612.2079240159032
2025-02-15,18917.14837438024,1759.2747645284462,419.7942911999181,1768.2621215837291,831.2266652057641,-712.6045336832844,356.3022668416422,18442.223976016117,18283.770552470007,0.0,20676.423138908685,1599.477076240497,1200.0,2802.7637861111243,3542.59782731463
2025-02-16,52429.989075733756,3643.901547491008,816.7667819379709,8049.903960886238,1643.0922762576047,-4648.780907847152,2324.390453923576,53111.28725339973,49557.90119639098,0.0,56073.89062322476,1200.0,1461.026775410563,132.9062371282235,4274.728034470749
2025-02-17,50075.27694549928,938.0663660721434,153.99810601533824,9148.817798561475,933.3521415735671,-5768.402874395403,2884.2014371977016,52026.12624112342,46879.95812777706,-7.275957614183426e-12,51013.34331157142,1461.026775410563,1365.097152729887,784.2514449769474,4216.171644582284
2025-02-18,49472.34034515692,30.163852096594642,12.049869444462278,3284.5158532930773,2631.600372464447,-446.35319337918907,223.17659668959453,47063.91656938207,48371.96362431251,-7.275957614183426e-12,49502.50419725351,1365.097152729887,1714.0017106251564,973.7321997452524,4117.67752178393
2025-02-19,49289.09469752776,1066.1906656184974,380.84267908437977,2960.140108122369,2658.1227960450447,-168.4359115978193,84.21795579890966,46715.189857281635,48318.83580971385,-7.275957614183426e-12,50355.28536314626,1714.0017106251564,1200.0,1057.3156770669364,4408.6161717607465
2025-02-20,49287.41632187906,200.49037519104488,42.80323979313825,5267.828507082792,1879.9002818876174,-2420.319360511247,1210.1596802556235,48617.67572024707,47450.62321432757,0.0,49487.90669707011,1200.0,1398.576684122756,1567.0344400085194,4279.546433592854
2025-02-21,18326.79123984678,3.906633205819077e-11,1.0099254765805199e-11,977.1216255063762,1058.7605068999349,-18.62761981135999,9.313809905679994,17277.344542852523,17964.557260974452,3.637978807091713e-12,18326.79123984682,1398.576684122756,1354.7543909184296,5676.7359847987045,3354.8149945489054
2025-02-22,18820.76756202634,341.13778998004966,66.13045725873181,1431.594121906524,655.0873442726713,-613.0560267275933,306.5280133637967,18472.208231117467,18295.87710057165,0.0,19161.90535200639,1354.7543909184296,1775.7000035991682,3300.8938994338832,3347.2461701646116
2025-02-23,48398.001630024955,1297.756130934307,270.5652346147944,3982.2059720910675,1597.271749323138,-1931.4750198110116,965.7375099055058,47766.46739060732,46899.84020367841,-7.275957614183426e-12,49695.75776095926,1775.7000035991682,1423.3886270967505,710.7369720373471,4348.691163424872
2025-02-24,46643.83014577509,115.26470732497978,24.467142289324425,2356.0694785160667,817.4416822862222,-1096.337133351425,548.1685666757126,46374.557030164586,45823.181018337316,-7.275957614183426e-12,46759.094853100076,1423.3886270967505,1641.6106072184216,990.0732971069705,3953.0112020867264
2025-02-25,46178.14193783405,193.0840824635844,43.90726197216246,6131.36602495304,259.2378228119832,-4087.7297905710434,2043.8648952855217,47962.76901030759,44047.86443494454,-7.275957614183426e-12,46371.22602029763,1641.6106072184216,1206.964241488936,1914.610249995841,4082.557955412977
2025-02-26,46878.75001899347,911.2944270969381,200.6123283034959,3294.692422259255,3209.4942358490975,-29.883899284424835,14.941949642212418,43684.19773278659,45793.97665740156,0.0,47790.04444609041,1206.964241488936,2002.3475587449248,555.9287639376238,4301.181973011569
2025-02-27,45079.42974263915,783.399975754202,150.5901940236259,2030.9366962625586,1207.4190478897003,-479.40540686437305,239.70270343218652,44111.71339818164,44437.25402324373,0.0,45862.829718393354,2002.3475587449248,1557.5918721513026,930.7807562625396,4247.627961433622
2025-02-28,17585.35208293537,79.00152404763787,19.075372738642415,993.2332381907802,971.8722829510439,-12.726311234713073,6.3631556173565365,16619.84295560168,17255.031499667664,0.0,17664.353606983008,1557.5918721513026,1477.4465288526635,6820.435362767518,3208.7140966495144
2025-03-01,17972.44500974095,260.5868547880422,56.30142168587253,1170.686941836657,156.13845176024194,-539.3697676985714,269.6848838492857,18085.991441829996,17650.713975304916,0.0,18233.03186452899,1477.4465288526635,1382.0740434117179,7447.820845679029,3370.363650770397
2025-03-02,49622.179814085364,37.550097595662756,8.00983310488154,3824.7517159956506,597.3925063406214,-2487.3348057113435,1243.6674028556718,50268.45471060042,48179.38157578281,7.275957614183426e-12,49659.729911681025,1382.0740434117179,1445.707719371965,1135.7129269497518,4496.113560279017
2025-03-03,50469.105982870795,74.72494429291491,15.948125982911174,6922.462724900576,1016.3789138632062,-4268.895964374831,2134.4479821874156,51587.175051195,47995.865029395645,0.0,50543.83092716371,1445.707719371965,1294.1149322437734,1098.0600349282029,4457.352607790481
2025-03-04,46697.51559628688,1356.1523577116009,384.6768270194787,2908.4221850694294,1267.9576967431692,-973.6653114974534,486.8326557487267,45916.39055529244,45788.0303749571,-7.275957614183426e-12,48053.66795399848,1294.1149322437734,1313.9458628942411,810.8515016786473,4077.469311598261
2025-03-05,46275.58932397048,297.15594714563525,83.45149715422285,6686.948337653288,763.8442253353415,-4023.62398793749,2011.811993968745,47523.557092603885,44009.16258822329,0.0,46572.74527111612,1313.9458628942411,1309.5556073102614,1521.2439217231556,4187.085827264193
2025-03-06,45261.619666670005,7.683260583313257e-11,2.1610713218933597e-11,2859.7370960159083,1473.4861854906655,-919.3868838744562,459.6934419372281,44247.82692311657,44310.76416290256,-7.275957614183426e-12,45261.619666670085,1309.5556073102614,1468.06592921453,1341.6379665161853,4205.127591561251
2025-03-07,17275.634322096445,3.7124215257478e-11,9.680700685521515e-12,1644.9173372115436,68.12539452754105,-1277.3519775668049,638.6759887834024,17846.184916352307,16614.249868470528,0.0,17275.63432209648,1468.06592921453,1555.7452429008097,7896.527953652272,3038.155257444397
2025-03-08,16263.182380543896,1894.0887016362885,730.4152712203132,734.9857601696292,500.0760723846877,-258.39680667616216,129.19840333808108,15892.304711497289,15967.291953077585,0.0,18157.271082180185,1555.7452429008097,1680.375069728122,8860.008299583078,2879.7796143541455
2025-03-09,45377.22265450862,648.9645234781892,153.36492683396926,11221.3811687718,3282.7832365647846,-5253.432783465919,2626.7163917329594,44721.1558096768,41656.245183920735,0.0,46026.18717798681,1680.375069728122,1574.278497346544,485.0648119504367,4193.1138531613315
2025-03-10,45692.75185272777,929.461921643884,207.8394012272124,3444.362159020216,2727.9159300818455,-220.9640700184529,110.48203500922645,43075.317957655156,44672.96450769126,7.275957614183426e-12,46622.21377437165,1574.278497346544,1584.3754982505084,1018.5934946979226,4272.08845340097
2025-03-11,44900.164989552235,1725.174879243903,413.0221222267915,9709.910689331013,7121.162150816663,-1261.478389353259,630.7391946766295,38409.7420334122,41895.70507793671,7.275957614183426e-12,46625.33986879614,1584.3754982505084,1894.7319087524663,901.227365631928,4288.561672885068
2025-03-12,43466.7749219867,7.949344371649403e-11,2.0211166074091125e-11,8533.718069077118,1486.884912437796,-4369.264037407163,2184.6320187035817,44164.52202825248,40786.514599137176,7.275957614183426e-12,43466.77492198678,1894.7319087524663,1296.629543469313,540.5008267102928,4020.9393516974787
2025-03-13,45595.79681075926,597.5612793451717,112.18031608413344,2560.8009619183917,1429.1876297324272,-853.1855553557423,426.59277767787114,44593.2019587047,44692.80815650391,0.0,46193.35809010443,1296.629543469313,1351.5943466950796,1578.6349242462259,4156.946487836089
2025-03-14,16369.048869994602,155.87197719677744,71.43960964423255,1129.8502232832625,913.0689539641097,-328.4490862870533,164.22454314352666,15620.20445917402,15900.468008863038,3.637978807091713e-12,16524.92084719138,1351.5943466950796,1634.762725069896,11237.95642849634,2941.9271319426043
2025-03-15,16270.376853018272,337.63061551484157,74.25221094705458,1161.9555564461434,1034.0534568698513,-228.29602681158846,114.14801340579423,15350.471409554211,15811.54435398919,3.637978807091713e-12,16608.007468533113,1634.762725069896,1231.023541392054,7048.997427044189,3041.9157648839914
2025-03-16,44349.86456537449,7.461180000066114,1.640000000016809,4335.5103287364545,1071.9848657373452,-2011.8970069094348,1005.9485034547174,44283.82820309186,42986.58777334067,-7.275957614183426e-12,44357.325745374554,1231.023541392054,1797.1288386788149,1925.9773187775834,3859.291102590044
2025-03-17,41006.464739806484,264.7003284826557,58.56895893723571,8641.181204755094,2755.565942057253,-3602.593875336884,1801.296937668442,40052.19573541767,38286.64582145229,0.0,41271.16506828914,1797.1288386788149,1894.6160755672904,631.0541981799861,3997.8349704325533
2025-03-18,43502.08080783757,6.311982064799437e-11,1.7197243629141212e-11,8887.285326972382,337.827792716865,-5708.362686575907,2854.1813432879535,46018.43435840866,40535.29020031067,-7.275957614183426e-12,43502.080807837636,1894.6160755672904,1480.34406521687,1145.5087188049301,3817.3363712294445
2025-03-19,41827.35137349472,5.578144907092408e-11,1.4737877584991566e-11,5733.042142267908,4067.959948256547,-922.4659408532106,461.2329704266053,38220.624395664774,40010.131753649264,0.0,41827.35137349478,1480.34406521687,2023.6312844798867,1524.161535464562,4056.5969162972974
2025-03-20,42551.56239423426,1813.6833415888195,417.76656448966617,6298.4215234591165,1443.810714127262,-3304.9589023451713,1652.4794511725856,42760.23113127958,40417.812705019256,-7.275957614183426e-12,44365.245735823075,2023.6312844798867,1698.6992295714958,130.80693797732044,4030.22839897943
2025-03-21,15326.971675929766,600.8667657585778,277.7319770432062,1467.8916497047574,591.5609083780403,-860.3441077272001,430.17205386360007,15165.582821415326,14699.612652606818,1.8189894035458565e-12,15927.838441688344,1698.6992295714958,1339.0241351684492,14294.252379080257,2872.402822616953
2025-03-22,16315.08335168839,4.4956842470966764e-11,1.1517453657461374e-11,1016.3544672688922,171.90849505992844,-743.4277296974225,371.71386484871124,16514.888721477175,15886.06665515304,-3.637978807091713e-12,16315.083351688436,1339.0241351684492,2228.790333560564,10910.716380768856,2864.219971823383
2025-03-23,41226.41002725627,534.9743942940723,112.33437812988898,5494.527061681901,41.30985490740177,-3554.005054215696,1777.002527107848,42962.10269945672,39435.63754851263,0.0,41761.38442155034,2228.790333560564,1500.0254846468924,2790.778355305123,3754.9523554506845
2025-03-24,40579.81968254985,4.797866404171458e-11,1.3018724986935126e-11,3992.9480077892567,519.637314329667,-2167.1938259563985,1083.5969129781993,41143.77928119838,39323.01033146176,7.275957614183426e-12,40579.8196825499,1500.0254846468924,1621.6796259091336,2109.891875361558,3939.7124868622004
2025-03-25,42345.42294835421,1286.3776387385633,237.52710926295015,9594.742814263129,223.69987366431872,-5916.602508709997,2958.3012543549985,45080.024329044885,39312.55506944444,0.0,43631.800587092774,1621.6796259091336,1354.7489182928493,223.70474996618432,3952.4007195661134
2025-03-26,38225.626741495245,7.235982257824959e-11,1.8103740728747653e-11,4332.248520083383,369.4851292957303,-2647.352820715515,1323.6764103577575,39179.81802255727,36778.78862137225,-7.275957614183426e-12,38225.62674149532,1354.7489182928493,1480.7729359054956,631.8969832432408,4003.104646593586
2025-03-27,41129.072461677846,8.226014039380836e-11,2.1872004207779128e-11,7022.085505270097,1212.495161768848,-4263.507364715453,2131.7536823577266,42048.33098226673,38593.15372539718,-7.275957614183426e-12,41129.072461677926,1480.7729359054956,1561.2761406533793,458.8981874198994,3870.3746531971046
2025-03-28,15599.90357700824,2.6796656449334932e-11,8.383072014339632e-12,197.71157030136388,140.78556455076077,-83.97943304216967,41.98971652108484,15501.107728978564,15510.985338970235,0.0,15599.903577008266,1561.2761406533793,1895.9888164011059,16519.048827949973,2847.897476983556
2025-03-29,14898.227232839787,3.588053765213317e-11,7.786216116301148e-12,949.4046891741762,1101.1181703687596,-120.31220928663721,60.156104643318606,13857.265167114347,14471.03173807355,-1.8189894035458565e-12,14898.227232839823,1895.9888164011059,1485.1537725371984,18304.15054849109,2794.611833449663
2025-03-30,38991.33917718146,655.5881593272843,165.56991610734687,8754.549475283902,455.53459952314705,-5423.528122944871,2711.7640614724355,41247.568639130746,36127.73024920131,-7.275957614183426e-12,39646.92733650874,1485.1537725371984,1522.4068925730664,189.22537707342255,4027.243577803089
2025-03-31,41971.19723339859,7.845553717800157e-11,1.9162893494240052e-11,14522.392309583784,8507.849063279873,-3197.6519698387256,1598.8259849193628,35062.17415503808,37536.421560719275,0.0,41971.19723339867,1522.4068925730664,1624.0572849527537,809.3934355597357,3895.7167403489966
2025-04-01,42480.012667816794,5.27426841090417e-11,1.541500260771045e-11,6368.395931316393,778.6152374903826,-3069.047633965149,1534.5238169825745,43235.92124730899,40685.95043833742,0.0,42480.012667816845,1624.0572849527537,1807.092330767143,2840.0929693949174,3401.47287324217
2025-04-02,42274.321796359276,333.72322624177764,152.45413256945622,5709.414934865647,2872.660752563728,-1831.9597716351116,915.9798858175558,40317.6409296131,40400.78832635381,0.0,42608.04502260105,1807.092330767143,1514.1715247503669,2853.6167340535007,3685.6716482881034
2025-04-03,40664.839512906445,5.94155986632927e-11,1.7823076348122413e-11,8823.003007972415,81.34908629482368,-5906.7633212420105,2953.3816606210053,43536.87208723263,37684.341490187166,0.0,40664.8395129065,1514.1715247503669,1520.5936802387455,2055.6523712025273,3856.3976179112833
2025-04-04,13958.39714074361,2.7929857759900755e-11,6.615596959136383e-12,374.19522943986993,302.5281036264175,-101.47683168924094,50.73841584462047,13706.607452961813,13806.816023690182,0.0,13958.397140743637,1520.5936802387455,1548.554250460474,18346.87914126587,2751.251612822629
2025-04-05,14113.168357689578,369.27222965752736,118.19348483787293,341.1595903579975,394.86929078163604,0.0,0.0,13718.29906690794,13981.545260762363,1.8189894035458565e-12,14482.440587347104,1548.554250460474,1357.7691800098528,13378.866550017157,2634.4097621429028
2025-04-06,38634.3086069391,3.3413670497139946e-11,1.02846620109176e-11,7463.7747368209575,998.5752441013902,-3845.418994825283,1922.7094974126414,39558.44286025035,36378.74069482599,7.275957614183426e-12,38634.308606939136,1357.7691800098528,1535.8828488729723,1692.3281850781166,3906.891313678147
2025-04-07,36723.081530524054,6.885970527115148e-11,1.896149903757305e-11,4913.53715721545,2286.887045461016,-1540.5487963595997,770.2743981797998,35206.468883242844,35190.51145052392,0.0,36723.08153052412,1535.8828488729723,1475.4083542590279,975.817460687871,3607.6617238853164
2025-04-08,38890.927429960466,677.2929632876147,168.49813513252573,9051.278360254573,498.75029852139374,-5350.904241302463,2675.4521206512313,41067.62925209031,36049.22520980211,-7.275957614183426e-12,39568.22039324808,1475.4083542590279,1200.0,1482.4722430680367,3844.2683822703602
2025-04-09,39759.10177655508,703.3577110210731,290.51171978030794,5406.501273666981,2750.8769477070014,-1258.3467357050952,629.1733678525476,37637.398196700626,38212.969426133524,7.275957614183426e-12,40462.459487576154,1200.0,1377.5552934857888,1391.9958157684391,4092.4020423693373
2025-04-10,38887.57775916303,3.3554541364284263,0.8643622195843865,7385.87123574938,2042.383746018385,-2909.4848893737276,1454.7424446868638,38299.936457831514,36752.04073247004,0.0,38890.93321329946,1377.5552934857888,1487.6457336574067,1806.279071554801,3689.2974231731405
2025-04-11,14333.092563808454,113.05092596591847,37.92197631944853,1578.6673460499037,1578.6391336794668,-502.5488550980041,251.27442754900204,13005.727857677988,13555.605091699628,1.8189894035458565e-12,14446.143489774373,1487.6457336574067,1352.5110724600331,19051.464828441236,2609.979609435639
2025-04-12,14028.022117715593,221.306634125023,103.165741666672,934.5697742490656,180.24316416355532,-736.4145548357716,368.2072774178858,14215.986230969924,13599.733785576522,0.0,14249.328751840616,1352.5110724600331,1671.2307859037096,15325.011342489512,2538.8957573121206
2025-04-13,36705.3606784857,6.596701274119709e-11,1.716093933623597e-11,4023.6848133253848,1014.5271468046815,-1663.0773777904692,831.5386888952346,36522.372220576246,35535.646273988896,7.275957614183426e-12,36705.36067848576,1671.2307859037096,1642.401407205994,692.817007408798,3717.468496384704
2025-04-14,36939.58239129379,2334.4386375474014,449.1205775569132,10229.399749495695,960.2287819750392,-6376.178527960123,3188.0892639800613,39167.442873298816,33431.41686665538,0.0,39274.02102884119,1642.401407205994,1383.0060849495571,12.731844444465217,3734.207044749759
2025-04-15,35468.93487952803,173.41177274673993,41.031861124997846,5379.780203587153,3074.081586256258,-1461.3228324710844,730.6614162355422,33125.51470950732,33713.57960120708,-7.275957614183426e-12,35642.34665227477,1383.0060849495571,1466.3082723470964,2016.9088241711095,3708.4974004221153
2025-04-16,38492.242950735395,558.7334698711782,143.35382438890093,5382.3118790725075,3311.031682937696,-1520.7740758975478,760.3870379487739,35941.59830574648,36628.17868514072,0.0,39050.976420606574,1466.3082723470964,1339.9770905420858,2317.7733379912383,3797.8816949790753
2025-04-17,37789.57385126895,82.89182265005155,21.68807500001327,8512.71050141803,5002.56340426459,-1111.376194901232,555.688097450616,33342.69854445498,35566.364619063475,-7.275957614183426e-12,37872.465673919,1339.9770905420858,1686.661314520199,1498.4943047690304,3774.1864484218722
2025-04-18,12978.3984897525,331.54926896529093,151.04700877778436,481.05299532175957,352.3503562521815,-209.0051135054367,104.50255675271835,12730.550690253036,12756.445814249055,0.0,13309.947758717792,1686.661314520199,1843.8914395772986,16971.644435564263,2522.7358476351583
2025-04-19,13403.161131991585,1.6740306918450187e-11,4.3647307990113404e-12,1376.9838636330148,1136.1667288530562,-568.2770195119139,284.13850975595693,12551.132912894485,12740.300379284607,1.8189894035458565e-12,13403.161131991601,1843.8914395772986,1475.7684185501967,16948.146966840868,2512.494738306209
2025-04-20,34640.302837236755,3680.312749113691,852.1796885195852,2176.0708868663755,911.6331350731352,-735.2512413644993,367.62562068224963,34096.29532284587,33968.79950486346,0.0,38320.61558635045,1475.7684185501967,1614.5579126248913,994.1125146579913,3795.6071272752242
2025-04-21,33681.5616174254,927.2294255165707,167.5570266629214,7603.357766083196,334.27786953181356,-4071.10787875323,2035.553939376615,35382.83768727021,31534.581721538183,0.0,34608.79104294197,1614.5579126248913,1300.872799145912,656.2118972036575,3902.2590781850095
2025-04-22,35736.40843316976,188.39839280558823,49.29314306791899,5878.898408624895,3428.7631945926432,-1049.4247132381383,524.7123566190692,32832.35759519618,34068.77501168648,0.0,35924.80682597535,1300.872799145912,1578.7788808264074,511.222641371669,3635.7123818855343
2025-04-23,34932.32073086651,1806.104851111067,445.4337201410472,5554.472510781885,3964.0220457368277,-424.1019891131363,212.05099455656816,31180.34967968625,33398.92905439767,-7.275957614183426e-12,36738.42558197757,1578.7788808264074,1716.912065380758,728.8700731410701,3725.7830198904367
2025-04-24,33337.49503455418,6.027209376036069e-11,1.5428991417820725e-11,1833.0613169988549,1465.171280529575,-294.476878226425,147.2384391132125,32019.562193137815,32701.866168597775,0.0,33337.49503455424,1716.912065380758,1602.2480315274954,3081.875375721259,3816.2761561844504
2025-04-25,12326.484907135877,56.475414900719166,26.44885972222743,635.2743375669113,1.346776173923776,-604.8274822967752,302.4137411483876,12627.551872110342,12023.622240596182,0.0,12382.960322036595,1602.2480315274954,1354.4318474711556,20409.57054056928,2406.442502263182
2025-04-26,12781.64348290347,47.54111876877611,22.161051388894343,681.0870822343034,431.105126440114,-350.6580662005583,175.32903310027916,12525.867389563635,12462.61274098982,0.0,12829.184601672247,1354.4318474711556,1296.7110815006808,22891.023646242447,2424.7579279287124
2025-04-27,33953.23293521867,1084.973743738962,272.87771172847005,3862.1494476032894,2304.7032336167617,-1027.5903465792442,513.7951732896221,32162.32487489153,32671.20335072346,0.0,35038.206678957635,1296.7110815006808,1394.6795656327597,1462.5323861581003,3717.0118978569512
2025-04-28,38023.268353216066,5.96647645734194e-11,1.5963896871085126e-11,4613.720565445862,1255.6351369512095,-2149.7673749221385,1074.8836874610693,37842.51690372592,36529.83962010458,7.275957614183426e-12,38023.268353216125,1394.6795656327597,1454.4573400144598,1568.11717066513,3908.49352804896
2025-04-29,33134.418053845926,4.099529471446317e-11,1.1382894626876805e-11,2033.0910727396247,784.9422511183353,-836.8380320559005,418.41901602795025,32767.894818755547,32454.35162077854,-7.275957614183426e-12,33134.41805384597,1454.4573400144598,1675.1700850489558,1738.355820919162,3623.8458276697174
2025-04-30,31781.750336163455,3140.442869378827,775.3596447051756,1522.3149319206973,610.0178845867636,-813.1257775422226,406.5628887711113,31578.295340347806,31171.84815253009,0.0,34922.19320554228,1675.1700850489558,1398.506283892087,468.52021978566756,3395.049879139148
2025-05-01,33989.40452976821,10570.86598936603,2149.2585724392293,1312.0262338186628,1162.5543839744357,-212.99137984439858,106.49568992219929,32933.34583571597,33495.39071185452,1.4551915228366852e-11,44560.27051913424,1398.506283892087,1200.0,1961.8365831678475,3801.7869570328776
2025-05-02,17135.989657767423,10.864991584940583,5.05593050000571,2887.491214182881,3578.956859307078,-262.33994755182425,131.16997377591213,13688.202772236258,15811.834064222487,-3.637978807091713e-12,17146.854649352365,1200.0,1589.9337950307754,12051.40650284315,2607.4108908827448
2025-05-03,15379.619768987288,2299.0846877949552,405.1529333370354,2023.3328771614597,2836.666517975215,0.0,0.0,12542.953251012073,14434.064262995551,0.0,17678.704456782245,1589.9337950307754,1384.6199350426227,16867.599847222227,2502.8862195851643
2025-05-04,36586.23277039702,203.92043609772338,84.38219302217381,5442.4514742227075,2192.549339015818,-2439.362038750596,1219.681019375298,35613.364450756504,34635.70197134979,0.0,36790.153206494746,1384.6199350426227,1200.0,2.65122368503512e-11,3581.965390619681
2025-05-05,38948.09648308537,1686.6130189008059,384.12071457986895,6030.014820586308,3590.314254837821,-2822.8091061544355,1411.4045530772178,36769.18678132476,36339.92051172887,7.275957614183426e-12,40634.70950198617,1200.0,1325.359188274079,260.102899315928,3710.2439250916595
2025-05-06,37664.27622609475,2712.649322631749,598.3312885285217,6429.478053184419,6440.974341159278,-444.1987040026049,222.09935200130246,31445.401236936777,35295.18542704036,0.0,40376.925548726496,1325.359188274079,1281.9458045641898,357.69422708004385,3580.8626912113277
2025-05-07,37874.428324746026,1479.4282047273111,372.20739205255165,3121.314197849696,2975.7578318164606,-58.936081726630164,29.468040863315082,34928.13853379288,36853.04100661056,-7.275957614183426e-12,39353.856529473334,1281.9458045641898,1612.9648653504996,269.6219058353958,3741.1028373704335
2025-05-08,39093.86640429167,2519.4854231576824,571.343514203983,9671.4251441093,4603.571389340614,-3349.4698827107895,1674.7349413553948,36165.02995630645,35884.6076664894,7.275957614183426e-12,41613.351827449354,1612.9648653504996,1322.9141893669885,64.08163611112941,3755.9455824861525
2025-05-09,16172.374478842064,244.8848636250322,113.43574166667398,2962.277371984052,3826.255438666785,0.0,0.0,12346.11904017528,14896.95599928647,-3.637978807091713e-12,16417.259342467096,1322.9141893669885,1973.7260672536918,16877.389325704175,2535.7023342199864
2025-05-10,14865.613128250374,50.24718865316044,10.180769659237187,825.5711204260787,1169.7226802468454,-14.98707086005645,7.493535430028225,13703.383983433556,14468.212032738063,0.0,14915.860316903534,1973.7260672536918,1471.1948299594987,13554.910175102887,2474.7059261018044
2025-05-11,36684.991379351035,3094.136488356913,839.7155626347148,2826.9296686728667,998.5339552315211,-949.2895589477044,474.6447794738522,36161.10220359337,35877.501948133344,0.0,39779.127867707946,1471.1948299594987,1382.0964767967732,445.66444323046153,3884.771786150537
2025-05-12,38356.811390728515,2323.3109173915823,740.5508231514003,9490.323338545644,7945.603029194907,-1387.437989502899,693.7189947514495,31104.927356285054,35014.55805291209,7.275957614183426e-12,40680.122308120095,1382.0964767967732,2397.425278972356,508.83509757314545,3593.2558224967665
2025-05-13,37442.74373787263,115.356246912574,52.78590833335413,7959.555349798335,1822.679108134421,-2753.367385354032,1376.683692677016,36996.748322415224,35458.500342484134,7.275957614183426e-12,37558.09998478521,2397.425278972356,2376.610763835692,1002.9239336851537,3420.149129832711
2025-05-14,36567.55613818468,1959.4110827347076,822.4109951944653,7192.622570249451,1622.652686738391,-3222.2104311663725,1611.1052155831862,36556.00866702948,34415.5666936887,-7.275957614183426e-12,38526.96722091939,2376.610763835692,1676.176048691149,363.68774862530074,3694.1633760455074
2025-05-15,39122.352617879944,546.3420971042228,173.32890877780093,9146.511244076039,3156.5550765907474,-3198.9319733127154,1599.4659866563577,37565.26352794555,36470.701605693335,0.0,39668.694714984165,1676.176048691149,2739.6464692080194,820.6278016716785,3886.256193036823
2025-05-16,14382.67963073547,2.93506150217393e-11,6.184913692308669e-12,1565.7357966995546,5.047391807428035,-1683.6839230248365,841.8419615124183,15219.474200440462,13539.155205287245,-1.8189894035458565e-12,14382.6796307355,2739.6464692080194,1745.9626527391372,21409.209560562424,2246.761849900484
2025-05-17,15289.317554839676,85.11745561758741,39.93942086811558,1221.4357467724549,347.65390168839406,-965.6025286921637,482.80126434608184,15424.464917497362,14690.631656597461,1.8189894035458565e-12,15374.435010457262,1745.9626527391372,1813.7200381842736,14471.455879551697,2336.6399340685107
2025-05-18,37063.49818338356,1509.4833979017708,681.9168991111226,5977.520010218802,52.585726642810826,-3881.386234718676,1940.693117359338,38951.60557410008,35105.276490476615,7.275957614183426e-12,38572.981581285334,1813.7200381842736,1919.8687770908982,1180.0796276361439,3642.275986571466
2025-05-19,34837.012547313636,907.2920682625448,276.4834750000107,3075.549956996557,75.02351624997921,-1755.0987065976874,877.5493532988437,35639.5383843625,33934.4553552648,0.0,35744.304615576184,1919.8687770908982,2230.8132661427157,3589.20288219137,3576.397875754402
2025-05-20,36205.23937473832,4100.367916117185,1218.3472073832108,4290.116567211603,2146.5221769611544,-2051.0522233053634,1025.5261116526817,35084.24330942985,34464.20587076525,7.275957614183426e-12,40305.6072908555,2230.8132661427157,1718.482207358699,182.05987832716403,3669.483809651295
2025-05-21,37491.127580503555,5.0676344676148234e-11,1.432232110687437e-11,8750.292461278323,4830.206866522542,-2777.310424444491,1388.6552122222456,34049.57592620325,34492.40341277379,7.275957614183426e-12,37491.127580503606,1718.482207358699,1595.7317377218537,306.95721321297776,3433.065557696694
2025-05-22,35570.03860726283,7.624102416059486e-11,2.088884620832232e-11,2000.5978651254054,51.016387423544806,-2268.165673612131,1134.0828368060654,36653.10505664535,34418.950307982246,7.275957614183426e-12,35570.038607262904,1595.7317377218537,2364.464448662484,192.7962592542414,3666.428282940606
2025-05-23,15412.664257549543,3.126859968172191e-11,7.532696688627993e-12,1742.3462111247522,712.1497898018231,-1378.2874571278983,689.1437285639491,15389.65819631167,14486.13726571832,-1.8189894035458565e-12,15412.664257549573,2364.464448662484,2509.551985042642,18200.112917942482,2308.609006378115
2025-05-24,14869.070494599146,2.114390051932702e-11,5.100586619732894e-12,2123.971104818531,11.164389067355353,-2358.0518361197774,1179.0259180598887,16036.932023591678,13686.323113516804,0.0,14869.070494599167,2509.551985042642,2179.045716926399,20326.3905040281,2248.139242593307
2025-05-25,35528.8137221393,1221.3001790932053,555.8497471666726,3417.650703017092,471.70566870995617,-2137.2599251476818,1068.6299625738409,36125.73801600318,34302.94853666214,0.0,36750.1139012325,2179.045716926399,2828.6097539815332,2559.235281522224,3631.2830687885225
2025-05-26,38668.058233621545,1232.6404165029082,510.5999657904892,6503.150451393169,4270.945294013073,-1509.6126300297417,754.8063150148708,35151.91925462334,36489.603487268985,0.0,39900.698650124454,2828.6097539815332,2466.9538358377454,1066.5871965450417,3722.6417846769864
2025-05-27,36722.27857472375,3363.1283570616706,851.5031293085153,9524.378218251431,4432.243603894569,-3646.665187033807,1823.3325935169034,34113.36756434609,33421.53144657532,7.275957614183426e-12,40085.40693178542,2466.9538358377454,2145.2287830758105,2198.5715631682647,3310.890304228192
2025-05-28,38036.30785660566,8.896377187568088,4.127291666685801,5841.308182055476,1396.3377046626035,-3266.5693004787618,1633.2846502393809,38273.25480218243,35937.577304812075,0.0,38045.20423379323,2145.2287830758105,2796.098329763426,1966.6667777721902,3396.203667880266
2025-05-29,38817.69564044886,8.43583031207018e-11,2.244049390753844e-11,6141.740752721842,2231.5356990654163,-2473.331610906933,1236.6658054534664,37822.82574683691,36837.18460197358,7.275957614183426e-12,38817.69564044895,2796.098329763426,3155.82598956204,1380.9582885554796,3451.7725630651807
2025-05-30,15288.494294331224,4.0648855725855525e-11,1.0094258762194386e-11,1546.5873352203066,90.10189656104652,-1594.039040896668,797.019520448334,15995.411918218511,14461.44080836254,0.0,15288.494294331264,3155.82598956204,2930.874277656767,17696.275108306396,2274.6419965158657
2025-05-31,15981.213574220365,1.6971577476709854e-11,4.3149928075081334e-12,3689.4950944066945,9.539815158378083,-3734.2402240017173,1867.1201120008586,17838.793871062844,14110.91352383338,0.0,15981.21357422038,2930.874277656767,2437.8384082116586,16574.194381824567,2388.796320333803
2025-06-01,49563.41292803418,4025.7976401544156,1216.1698741578043,8568.406495850695,4052.5357060939605,-4235.626280014416,2117.813140007208,47628.690361947425,46094.754552662314,7.275957614183426e-12,53589.210568188595,2437.8384082116586,1200.0,559.4024380236431,3644.436092875317
2025-06-02,51468.48710076084,5856.277568608191,1449.6308382370244,16243.6010645815,6441.50208796237,-6781.583290361255,3390.7916451806277,48417.77665797909,45930.528092926084,1.4551915228366852e-11,57324.76466936903,1200.0,1670.8000447026602,12.015405555570329,3808.0296297868817
2025-06-03,49418.63732457321,662.821015472146,233.5423444184396,5469.132466554812,3815.6416625739125,-1197.9399789904764,598.9699894952382,46201.96565149454,47547.78678088668,-1.4551915228366852e-11,50081.458340045356,1670.8000447026602,2206.8766889199005,1496.5116630063783,3551.232633641723
2025-06-04,53239.05448503913,1806.8089635073538,797.9902697359892,21836.939050915316,5974.0817834160625,-11244.071533726279,5622.0357668631395,52887.00846848621,45625.65812370398,-7.275957614183426e-12,55045.863448546486,2206.8766889199005,1421.8868354731821,46.0185205724209,3762.880508712947
2025-06-05,50244.981161809934,4426.572466676998,1319.0629110610757,7398.103426451574,7199.9137171554985,-698.1277370831432,349.0638685415716,43394.13131319601,47495.94605421653,0.0,54671.55362848693,1421.8868354731821,1240.6072506698242,1319.9094579452428,3808.389112180214
2025-06-06,22929.5856268034,2647.222848650873,1228.122240833344,3274.5894147620797,4121.473614480511,-270.2089619562229,135.10448097811144,18943.216493301,21420.656607665118,0.0,25576.808475454272,1240.6072506698242,1989.3050708424205,2592.998455173866,2461.1114431842834
2025-06-07,22203.570070807793,1990.2410718495853,915.7148978888973,2988.368734590521,2129.828808693541,-989.2284142405713,494.61420712028564,20568.355469234535,20999.012927456326,0.0,24193.811142657378,1989.3050708424205,2254.961704471159,2858.923036831287,2914.8812815567408
2025-06-08,46309.24036426908,154.5111008917538,68.3035750000213,3853.766018210015,2901.4097972790933,-1092.0659498034242,546.0329749017121,43953.8635418917,44796.07079027433,0.0,46463.75146516083,2254.961704471159,2150.809162088991,1196.5097762679156,3362.5479350738615
2025-06-09,49442.89192845092,656.7049551709094,301.0649916666884,4748.404939218161,697.5946953876041,-2702.3034463536706,1351.1517231768353,50096.44895624014,47859.208640144876,7.275957614183426e-12,50099.59688362182,2150.809162088991,1989.0776276879928,799.3483791130218,3779.1884997620646
2025-06-10,54965.08689488308,9.659115794646214,1.432890638581918,8118.956869366892,2686.0760321000307,-5290.739802001458,2645.369901000729,54924.38076378379,51424.35831651569,-1.4551915228366852e-11,54974.74601067773,1989.0776276879928,3667.4191391496793,3608.277621695735,4216.568953900828
2025-06-11,57593.71018374144,1690.7751568761603,351.61120893328643,7455.9625738858085,1819.6809774339572,-5275.34897068808,2637.67448534404,58411.70369165152,54349.47537258609,-7.275957614183426e-12,59284.4853406176,3667.4191391496793,4529.8393093559835,3116.9603758536673,4266.153838358622
2025-06-12,53014.12771929534,5.431017652268721e-11,1.547773020860177e-11,5633.059425322543,1136.0348343483724,-4123.891091551034,2061.945545775517,53940.03843072249,50573.50389540371,-7.275957614183426e-12,53014.12771929539,4529.8393093559835,3870.0923511457463,2745.5228752838484,3738.8834235585427
2025-06-13,23804.035538015778,2.6305583045171946e-11,8.094858117146941e-12,3737.7411420140834,2455.339268701384,-2281.268466166342,1140.634233083171,22489.330502397563,21844.95488203214,7.275957614183426e-12,23804.035538015803,3870.0923511457463,3700.64111976095,5901.730057291448,2445.4539200998124
2025-06-14,22272.759044774746,3.5731371889058393e-11,8.11689604418575e-12,3052.2098446226973,14.873677970829268,-2887.203828304847,1443.6019141524234,23701.48728095634,20824.19923796538,0.0,22272.759044774783,3700.64111976095,3234.5795736567884,6923.436242919168,2366.9637852408873
2025-06-15,51834.09567975848,338.27491379076025,103.45290499560326,5865.777224268766,3091.0813190775098,-2651.207803125082,1325.603901562541,50068.618262243515,49478.131338503445,-7.275957614183426e-12,52172.37059354924,3234.5795736567884,3769.248374303957,2330.948710003363,4248.133091255787
2025-06-16,52477.60320199945,770.1723782698464,156.00886167415774,4724.872128437059,1592.0394614139739,-3125.322142675123,1562.6610713375615,52448.22481192304,50384.26231019057,-7.275957614183426e-12,53247.7755802693,3769.248374303957,3577.9060414307605,1780.9370015626846,4254.860096913936
2025-06-17,53645.54012219564,447.5109574031088,98.89670300568316,5958.644931314088,2768.9899624878512,-2354.8386112565154,1177.4193056282577,52053.96946533604,51545.12416240476,7.275957614183426e-12,54093.05107959875,3577.9060414307605,3170.9906543214315,2103.1487369494394,4271.330322522173
2025-06-18,52703.53002208781,280.8728963595539,41.65189323173014,7632.049536996233,2117.488791722454,-5221.78927592511,2610.894637962555,53196.93586832791,49386.80578688443,7.275957614183426e-12,52984.40291844737,3170.9906543214315,3262.100314694219,3898.3821273117524,3800.8868354947267
2025-06-19,52630.8168850154,580.7557760889654,86.18404264437868,13759.222772136836,6383.899894747932,-6820.9911404200375,3410.4955702100187,49657.41256047749,47092.354683222744,0.0,53211.57266110437,3262.100314694219,2898.8390026931525,3474.271154397233,4036.5908288430796
2025-06-20,21581.3528370793,2.842780311151927e-11,6.723732681734873e-12,2495.0666942013318,156.05340356051778,-2758.0005125222137,1379.0002562611069,22804.299689779888,20150.33477963135,3.637978807091713e-12,21581.35283707933,2898.8390026931525,2820.159781980329,10184.794006970758,2326.3965891160847
2025-06-21,21333.351870982297,1.5521731455692135e-11,4.638067707674054e-12,2523.8897797130444,297.0441620464887,-2755.1992073088513,1377.5996036544257,22413.907312590236,19856.73754664571,0.0,21333.35187098231,2820.159781980329,3298.2622103646086,12928.254491916565,2467.772853956548
2025-06-22,47786.267105339495,715.1992731579687,137.36022837833517,8442.43114900159,3453.9523031113135,-4348.273485555807,2174.1367427779037,46506.451545006086,44460.81292819116,-7.275957614183426e-12,48501.46637849746,3298.2622103646086,2777.8842455226136,1217.4412532410893,4001.6579266631848
2025-06-23,48483.349730752176,8.486149316588865e-11,2.0561441438360362e-11,2765.457085160857,211.4985584083894,-2428.349749134593,1214.1748745672965,49486.02604691108,47198.675336715416,0.0,48483.34973075226,2777.8842455226136,3000.5907349857825,2832.1063270626523,3726.4256158038506
2025-06-24,55099.35433598832,1.189474698670438,0.5490305555723098,2639.2975974776473,509.8854889890219,-2368.0599392055024,1184.0299696027512,55773.49881660205,53745.36253672256,0.0,55100.54381068699,3000.5907349857825,3645.497012470564,2577.898748345673,4188.189076689081
2025-06-25,48975.705593177634,7.527099121773517e-11,1.9748647162032285e-11,3559.548310943809,1797.6274405680747,-2312.6526220818114,1156.3263110409057,48334.40446365047,47220.170135280714,-7.275957614183426e-12,48975.70559317771,3645.497012470564,2765.3793087021654,1442.7295525170703,3567.9806205581253
2025-06-26,48607.66167727654,276.32076955224636,41.002754177059025,4217.579196865623,1909.9390025935072,-2473.930101248399,1236.9650506241994,47934.68772530724,46734.050292454514,-7.275957614183426e-12,48883.982446828784,2765.3793087021654,2930.114595626028,1805.5331241810363,3541.0980567328143
2025-06-27,20108.902664231075,2.1694645024883387e-11,6.1625149427868564e-12,2172.440048790805,191.93201077547786,-2196.007417012586,1098.003708506293,21014.974361961886,18946.92161879962,0.0,20108.902664231096,2930.114595626028,3252.3871569591547,10697.727768176042,2528.929758914635
2025-06-28,21520.590365386575,2.5661265556919945e-11,6.022737863986549e-12,3710.001698913003,2613.2841782685255,-1905.971439815827,952.9857199079134,19860.291907025967,19696.50991938916,-3.637978807091713e-12,21520.5903653866,3252.3871569591547,3166.46897670333,9674.72353997996,2390.5657461643877
2025-06-29,52074.70653534666,6.70913269384954e-11,1.886268918838141e-11,9190.181620886771,8059.919822642613,-2309.7218284016053,1154.8609142008027,45169.64762690485,48233.20568026498,7.275957614183426e-12,52074.706535346726,3166.46897670333,3365.506732843767,2512.0667171528617,3671.6878671010927
2025-06-30,49519.02125410113,485.61664349306847,78.05937821375431,3844.9924415458336,1366.9376062584652,-2808.0956404100093,1404.0478202050047,49556.131468047664,47659.32756514329,7.275957614183426e-12,50004.6378975942,3365.506732843767,2691.777892513489,2494.3073329275708,3815.172523166959
2025-07-01,57879.21333977145,5027.507618493319,1940.806035409538,15202.230471046616,14891.57149796434,-1498.0719663918742,749.0359831959371,43736.67782500305,52166.320190587394,7.275957614183426e-12,62906.72095826477,2691.777892513489,1619.7886453332264,126.54688919085389,3657.629132845353
2025-07-02,50375.31347524794,8797.80329226331,3506.0563135638013,10213.932416618278,8759.756245145167,-226.33083253971608,113.16541626985804,41728.722646372626,47342.229310596354,1.4551915228366852e-11,59173.11676751125,1619.7886453332264,1432.4657442721175,946.4933566584834,3906.7219369085133
2025-07-03,57843.73136360139,6390.231547427843,2804.1660683289015,14154.551667793545,11521.548859942546,-1922.9395459141135,961.4697729570568,47283.65227661591,53041.745303996824,-7.275957614183426e-12,64233.96291102924,1432.4657442721175,1521.3622658142233,1369.2065153270946,4128.404948578753
2025-07-04,24247.780951803055,11898.365156023567,4527.469487697625,4464.992008347332,5699.491935474512,-411.71678362806364,205.85839181403182,18754.147408142577,22142.091914830853,0.0,36146.14610782662,1521.3622658142233,1200.0,9874.472726210297,2531.720378032152
2025-07-05,25963.3379435488,7695.995740463599,3429.802372243048,4901.790551395185,6557.026449653232,-307.1438849266805,153.57194246334026,19559.88343635891,23624.090517867717,-7.275957614183426e-12,33659.333684012396,1200.0,1476.0492016390608,10529.453643663395,2629.4568146868924
2025-07-06,60044.02616638924,8793.838871228825,3232.452172580783,14422.33658121436,13962.313283977728,-1726.89177986366,863.44588993183,46945.15877234335,54526.475848464834,0.0,68837.86503761806,1476.0492016390608,1200.0,2767.6486686055932,4548.920367691508
2025-07-07,51017.05443488081,8004.030901825498,2481.8813689661397,5324.5951002349775,1370.259335997404,-3295.6353170442644,1647.8176585221322,51294.61275740554,48912.48366435955,-7.275957614183426e-12,59021.08533670631,1200.0,2236.880942702124,858.6743956451654,4378.369858411513
2025-07-08,59800.79330533554,79.80767054220705,11.44031974516308,15658.410665337578,900.6259861540833,-10842.441843415392,5421.220921707696,64321.38824088915,54079.363721576476,7.275957614183426e-12,59880.60097587774,2236.880942702124,3599.931455111287,5256.574937601536,4174.259766271924
2025-07-09,58093.84613919302,202.83984570577925,30.072623529400893,13760.71626573482,508.79911437185285,-10369.691667143108,5184.845833571554,62769.89285839272,52739.40060083085,0.0,58296.685984898795,3599.931455111287,3741.196138453736,6512.347819261176,4000.8978159116823
2025-07-10,55222.76064689294,56.980370031383,8.448420198891402,8329.181093917297,52.24193420773751,-6133.81231614637,3066.906158073185,58237.42487075838,52138.44051075051,0.0,55279.74101692432,3741.196138453736,3830.1574215361275,5270.037663768929,4009.7463363178517
2025-07-11,30019.629876026178,4.326180613745123e-11,1.3564260825660313e-11,4325.932162496054,0.0,-4602.669855810749,2301.3349279053746,32320.964803931554,27718.294948120805,0.0,30019.62987602622,3830.1574215361275,4096.756162974861,12063.698165174914,3101.433144665246
2025-07-12,27261.357537949443,4.882431170472046e-11,1.1976197811236489e-11,2835.5783606888217,736.4485757316093,-2692.27569457827,1346.137847289135,27871.04680950697,25669.73683208311,-3.637978807091713e-12,27261.35753794949,4096.756162974861,2783.399230041665,11319.070754492463,2407.8197248442248
2025-07-13,55428.37197630484,6.812941855116604e-11,1.6633805444143945e-11,17116.051116644187,1659.3690709440193,-11541.758205110154,5770.879102555077,59539.882007915905,49104.369850101764,-7.275957614183426e-12,55428.37197630491,2783.399230041665,3202.3871538371536,3309.4275550768602,3792.93648147363
2025-07-14,53440.48385009046,5.2451399668029806e-11,1.518518644161304e-11,9338.07165259993,1975.0544499000798,-4820.402267013036,2410.201133506518,53875.630533696894,50371.93123328392,0.0,53440.48385009051,3202.3871538371536,3421.008175273989,3202.5960443728627,3880.8224912916894
2025-07-15,54140.99328564924,704.6517122723175,200.5908722055,13455.013581628968,1511.90794406927,-7190.775959902148,3595.387979951074,56224.47332153104,50041.63599100841,0.0,54845.644997921554,3421.008175273989,2931.2253299812137,2795.166852723905,3486.7404245812095
2025-07-16,52692.68684652691,14.001888575517317,2.072358258799738,5140.814733325712,0.0,-3672.0523183385394,1836.0261591692697,54528.713005696176,50856.660687357624,1.4551915228366852e-11,52706.68873510243,2931.2253299812137,3689.594942125493,2908.1400542987258,3824.1476967733006
2025-07-17,53147.78322615475,8.389541239495202e-11,2.1193713450884388e-11,6572.110811903904,2206.317469682307,-2978.3746456947906,1489.1873228473953,52430.65307931985,50923.156746746594,-7.275957614183426e-12,53147.78322615484,3689.594942125493,3349.0259980767582,2938.0405185745503,3828.006585269237
2025-07-18,27483.385295599848,3.862180225633338e-11,1.0093370583774686e-11,3690.2550523620853,0.0,-3477.341383686881,1738.6706918434404,29222.05598744329,25744.714603756413,-3.637978807091713e-12,27483.38529559989,3349.0259980767582,3322.3793535743876,9764.626656452843,2682.1264286904925
2025-07-19,27787.47020702103,4.033321759910891e-11,1.1090794949097926e-11,3634.984590648435,0.0,-3280.935963506524,1640.467981753262,29427.93818877429,26147.00222526777,-3.637978807091713e-12,27787.47020702107,3322.3793535743876,3424.6360065818953,13822.122982019198,2326.4610113563645
2025-07-20,53305.27203239648,7.368512999761379e-11,1.8912871269094467e-11,9064.8757642003,0.0,-5885.569618382215,2942.7848091911073,56248.05684158759,50362.487223205375,0.0,53305.272032396555,3424.6360065818953,3608.399530339315,3430.0825972306375,3741.6973627018024
2025-07-21,54755.08212306583,259.3153517932138,37.17249882357403,9851.989207085824,713.874683838786,-7172.552943306283,3586.2764716531415,57627.48391088019,50930.84742346644,-7.275957614183426e-12,55014.39747485905,3608.399530339315,2980.5821550881483,3663.943456663177,3858.813400676275
2025-07-22,57346.21647597023,0.6926446977043471,0.10251531085023746,14408.457686171667,6473.337854169904,-6526.057315747899,3263.0286578739497,54135.90727967428,51925.40853337298,-7.275957614183426e-12,57346.90912066793,2980.5821550881483,3170.474370913604,4431.924855525235,4000.2554349078305
2025-07-23,58003.497121543696,2049.553436261059,367.79333375204106,20096.370788916734,3137.8706157998677,-11697.642208932599,5848.821104466299,60714.44761021013,51108.71914514412,-7.275957614183426e-12,60053.05055780475,3170.474370913604,2832.17802118786,3190.703449665618,4139.535470524137
2025-07-24,56298.54875807866,63.68349112354288,9.45841246451614,10113.452742629148,8.604018541494082,-7134.414191086984,3567.207095543492,59857.15183508065,52728.47365635466,7.275957614183426e-12,56362.2322492022,2832.17802118786,3667.915904300518,5344.198052443366,3914.9308186037374
2025-07-25,25372.445692084024,3.10759390442783e-11,8.042233545779709e-12,1643.9955912430419,0.0,-1722.1512181801904,861.0756090900952,26233.52130117412,24511.370082993933,-3.637978807091713e-12,25372.445692084057,3667.915904300518,3152.248240187354,13250.7389194169,2422.2595901273244
2025-07-26,26137.550403403588,3.6390549129627917e-11,8.909983861826731e-12,1381.4230145284619,0.0,-1574.8317463611988,787.4158731805994,26924.96627658419,25350.13453022299,0.0,26137.550403403624,3152.248240187354,3194.7041374244463,12188.174724485603,2781.4698089668454
2025-07-27,55248.72635127908,1153.38295515856,169.55605299754538,8969.516669445069,3581.4370908606516,-4280.841074291211,2140.4205371456055,53807.709797564035,51914.493450513255,7.275957614183426e-12,56402.10930643764,3194.7041374244463,2820.6900869616934,4557.32331587372,3756.613181633836
2025-07-28,55534.52334367143,5.558789606396885e-11,1.495870094458951e-11,3765.534597840131,777.8235461418733,-2078.7583002002675,1039.3791501001338,55796.07894762969,54235.86967819067,7.275957614183426e-12,55534.52334367149,2820.6900869616934,3307.6035459544332,3275.313830677398,4013.6313455908653
2025-07-29,53944.53929465772,259.6572279946446,37.75198122516382,4178.407873423746,1100.0531857429135,-2500.703552026619,1250.3517760133095,54094.837884928114,52327.503123396775,0.0,54204.19652265236,3307.6035459544332,3128.280617060934,3917.7407206702487,4127.3257045134815
2025-07-30,53841.052215202275,6.924341534354783e-11,1.6236591932061728e-11,7207.687962011908,4808.643498347837,-2024.7042152706583,1012.3521076353292,50044.760824489764,51225.818941451,0.0,53841.05221520235,3128.280617060934,3485.725471466015,1417.689254017882,4137.742588161423
2025-07-31,51741.85357646057,888.0455996563637,135.33242064099994,2424.4595892152993,592.0203740579768,-1134.150799247942,567.075399623971,51716.90860202656,50977.43805215061,-7.275957614183426e-12,52629.89917611693,3485.725471466015,2830.8884190335148,1603.4388043498666,4375.13025499338
2025-08-01,25365.642661836595,308.094900926994,140.34170816151047,3298.5555637269276,656.5160630395511,-3091.863150400448,1545.931575200224,26255.05817399727,23600.872398956526,-7.275957614183426e-12,25673.73756276359,2830.8884190335148,3453.535625000568,15301.566873543597,2597.404018236709
2025-08-02,23934.59264859432,3.12156958164056e-11,7.0771791205181955e-12,2622.5094541025383,153.85527722156397,-2017.6431782525763,1008.8215891262881,24789.558960499045,22874.485967060846,0.0,23934.592648594353,3453.535625000568,1824.1533922889419,16401.461404774127,2399.3411860202586
2025-08-03,45378.958602676146,1046.791245665689,195.8738472361298,5849.414900042125,2500.4682417737267,-2047.0103570640645,1023.5051785320322,43901.99553943445,43521.96401021953,7.275957614183426e-12,46425.74984834184,1824.1533922889419,1776.143902881174,347.68195478910064,3922.797466193844
2025-08-04,47012.05233673166,1262.173787678727,326.27383227779416,7389.358197982073,1729.970175016698,-3705.808872126667,1852.9044360633336,47134.98659777829,44582.491175662755,0.0,48274.22612441039,1776.143902881174,1617.539617960465,179.85258862837364,3927.5599706087314
2025-08-05,46819.08335862403,5.644763012568888e-11,1.5234924433116248e-11,5126.527703306361,2405.1877703225055,-1369.8266305961297,684.9133152980648,45098.808903599594,45332.44078655181,-7.275957614183426e-12,46819.08335862409,1617.539617960465,1747.0966678873249,1827.02939248132,3821.8030199207856
2025-08-06,50082.267897711456,5.129240276957603e-11,1.3940848475613166e-11,4107.283659550407,383.2729502594874,-3284.5694045325517,1642.2847022662759,51341.27964971824,48312.22554535867,1.4551915228366852e-11,50082.26789771151,1747.0966678873249,1363.288521454193,2593.821188136707,3923.5741428069514
2025-08-07,48230.90579205416,51.95243580005963,24.1022666666819,10455.995833658655,608.3781849366072,-5386.212479376415,2693.1062396882076,50315.633846805766,45335.006824053766,-1.4551915228366852e-11,48282.858227854216,1363.288521454193,1412.9571241983065,3079.7225335100698,3686.8037137534693
2025-08-08,23794.21620164863,132.95227324429646,61.942753500009864,965.0440563952428,28.157538812773737,-828.3011308612657,414.15056543063287,24180.20922826649,23370.67978994707,3.637978807091713e-12,23927.168474892926,1412.9571241983065,1649.9630557782193,21270.78067661181,2636.849179006233
2025-08-09,23607.488020521945,173.54539508708757,80.77155952778487,1032.400469329504,147.96399817165639,-769.5116236863939,384.75581184319697,23844.279834193487,23173.41087595486,0.0,23781.033415609032,1649.9630557782193,1700.913526982464,17649.82230655054,2538.202878265304
2025-08-10,47188.29712275518,5.2798070915294204e-11,1.5495715821600697e-11,2423.132924427471,394.7399869099852,-1658.7275886973357,829.3637943486679,47622.92093019387,46227.35333276985,0.0,47188.29712275523,1700.913526982464,2323.8748521246252,1529.9474351852073,3587.3059435520577
2025-08-11,46067.372825788894,1221.141170568058,295.27378371367774,2993.1773250128135,1577.372906830054,-1183.041164717753,591.5205823588765,45081.52050131772,44950.06127448667,0.0,47288.51399635695,2323.8748521246252,1607.3134460943497,2890.3082541464673,3684.0866634253675
2025-08-12,49979.25816426732,5.850188800060607e-11,1.7142509634027192e-11,5057.535139252894,1355.637958144844,-2569.961475929341,1284.9807379646704,49908.60094408714,48242.39810692103,7.275957614183426e-12,49979.258164267376,1607.3134460943497,1837.5403244036454,3974.4841705794856,3535.129405720658
2025-08-13,46731.67701697141,1992.368883016712,526.207133333344,1958.676007992196,1757.815442029238,-179.4461417772214,89.7230708886107,45063.58464583077,46056.01546540637,1.4551915228366852e-11,48724.04589998812,1837.5403244036454,2285.5510605834784,2774.744454627109,3572.2358661847156
2025-08-14,48475.26105099569,22.723004380113338,5.945317734201738,6304.590367186484,2626.56516995723,-2043.6657226391642,1021.8328613195821,46870.52874235803,46577.90646635701,2.1827872842550278e-11,48497.9840553758,2285.5510605834784,1851.9936236835863,3511.6370911667073,3848.256555408095
2025-08-15,23904.77587845548,142.36267307615884,66.4250962638964,1404.36516514917,111.09486022437397,-1257.229768884439,628.6148844422195,24422.295902673322,23239.12937393847,-3.637978807091713e-12,24047.138551531636,1851.9936236835863,2070.3677806506676,19507.199070215636,2616.4903310845193
2025-08-16,24506.885516238377,186.72852725024032,55.8102732361287,2846.972324034206,74.14916292424681,-2435.610204832283,1217.8051024161416,25650.54145573027,23264.364026180818,3.637978807091713e-12,24693.61404348862,2070.3677806506676,2072.2559124926397,19482.838155718528,2484.431249444382
2025-08-17,46401.72897529719,324.2691809306341,99.62740029168138,7150.724944375339,868.3013539281911,-3245.8914260698257,1622.9457130349128,47156.37333440392,44489.34947761955,0.0,46725.998156227826,2072.2559124926397,1755.4869748228614,2624.738759864572,3607.1627326397243
2025-08-18,45976.01804052426,225.82064587647497,63.79461111113294,3127.5466433732067,209.34524524392924,-2031.508675643879,1015.7543378219395,46782.42713310226,44890.481954287665,7.275957614183426e-12,46201.83868640073,1755.4869748228614,1851.5165224564912,1702.3488634589091,3738.6295938115827
2025-08-19,45288.66601624567,5.3541526323641626e-11,1.6328494112372027e-11,2275.9998517585923,136.34695621586852,-1299.338361075727,649.6691805378636,45801.98824056766,44593.547850302515,0.0,45288.66601624572,1851.5165224564912,1731.3262946573225,1354.3819446704608,3569.9058343690367
2025-08-20,50205.13701767519,7.842080740338986e-11,2.0672796807730265e-11,7030.576241985508,1881.395185369805,-3172.1853600206537,1586.0926800103268,49909.83451231571,47991.91260920826,0.0,50205.13701767527,1731.3262946573225,1857.468411359643,188.96244576202233,3985.5706273921332
2025-08-21,46741.49510829604,5.7420606935920666e-11,1.560929163701985e-11,6258.700496045664,813.0730223893978,-2976.3209780821526,1488.1604890410763,47416.58257494772,44982.3102784585,0.0,46741.4951082961,1857.468411359643,1658.2977221573344,828.6054611516533,3608.2414350519552
2025-08-22,23855.534750099945,428.8097268156617,160.69209197912747,1017.6865903317272,168.59643787576738,-783.69488631997,391.847443159985,24078.78575538416,23407.488494314704,0.0,24284.34447691561,1658.2977221573344,1446.8287724671468,15811.607683333343,2553.0420732145985
2025-08-23,24377.989989432586,88.63366253995625,40.621915888892225,1526.482155141995,1543.2471670654968,-404.0614635035105,202.03073175175524,23036.773554118845,23661.54353532566,3.637978807091713e-12,24466.623651972543,1446.8287724671468,1637.0437024102152,14664.864797287273,2603.898808202608
2025-08-24,48069.40590323346,5.7428919397750636e-11,1.5837109401672933e-11,7717.696976815092,3379.5550386983905,-3980.296296254217,1990.1481481271085,46679.99901266218,44952.73940887356,0.0,48069.40590323352,1637.0437024102152,1848.6379989401096,1159.4898976524316,4046.0761006508696
2025-08-25,54430.1236543754,62.53864833339247,9.27666666668549,17353.116945668342,141.36992019176571,-11820.01779228284,5910.00889614142,60198.76263032506,48472.99145150339,0.0,54492.66230270879,1848.6379989401096,1788.8803445682677,1818.2035567018236,3944.9193916117524
2025-08-26,47344.86162224856,669.3211453750692,194.03425000002113,2247.2851264348287,891.7345163971006,-885.5669253731226,442.7834626865613,46895.91056853802,46604.83332076296,0.0,48014.18276762363,1788.8803445682677,2385.013737533065,1950.3010940522026,3833.291479255538
2025-08-27,51123.35676624469,12.371984832022578,1.8353337534623861,9590.124302446171,5003.671261124139,-2369.38777392292,1184.69388696146,47304.37939208201,48270.77245890853,-1.4551915228366852e-11,51135.72875107671,2385.013737533065,1958.0627506360684,3178.7257308225107,3622.0920977712994
2025-08-28,51381.111139492205,163.04455224328578,24.186997810909435,6729.569102460768,6384.638792309871,-46.98807738919163,23.494038694595815,45019.96638587693,49229.40417002766,-7.275957614183426e-12,51544.15569173549,1958.0627506360684,1958.0968977324794,2332.5955624436474,4006.224879456459
2025-08-29,24644.9902456765,3.4402206083861134e-11,7.9809492348204e-12,1997.7231869641678,497.22937823509005,-1543.6123080073962,771.8061540036981,24919.56702144511,23707.44096559444,0.0,24644.990245676534,1958.0968977324794,1542.20224120418,15091.704952418506,2735.631983023893
2025-08-30,23953.545659201085,273.0657159378769,126.00736414198246,286.6147311177886,10.527465437174072,-246.34297905194023,123.17148952597012,24066.189683289882,23826.865014529387,3.637978807091713e-12,24226.61137513896,1542.20224120418,1327.5300860721989,19209.84818555419,2534.6079873706435
2025-08-31,47494.81637252405,1762.4964512760484,444.5779888667294,4083.144668716231,2173.896010422247,-1172.4542951853136,586.2271475926568,45907.14750969446,46183.95722145733,-1.4551915228366852e-11,49257.3128238001,1327.5300860721989,2135.8640932219046,475.9098535355089,3971.7773721712147
2025-09-01,47243.09542403596,4.550986432150239e-11,1.1809220268332865e-11,9877.740256249941,49.72787462632414,-5931.713148521126,2965.856574260563,50159.224123670196,44260.66289156662,0.0,47243.095424036,2135.8640932219046,5351.458545031518,9266.80642091236,3395.7099219470074
2025-09-02,44622.59627062801,4.019004240518598e-11,1.06421538248469e-11,9129.529577207431,3952.1656587575817,-3747.3493087891065,1873.6746543945533,42544.10526626498,41431.53306331426,7.275957614183426e-12,44622.596270628055,5351.458545031518,4580.4935078153485,8426.68470603871,3414.4255376114534
2025-09-03,43475.96653414004,3.7205008851515226e-11,1.1076917161290112e-11,6142.236699919506,0.0,-4259.316849524761,2129.6584247623805,45605.624958902416,41346.30810937766,0.0,43475.966534140076,4580.4935078153485,4131.644083839697,5844.39402948356,3162.323178102669
2025-09-04,43043.24712626999,109.20035060252339,16.210250219339184,5789.013089594132,0.0,-4770.0108883078365,2385.0054441539182,45428.25257042391,40658.241682116066,7.275957614183426e-12,43152.44747687251,4131.644083839697,3855.4705367580145,5873.886368161107,3682.4508366546825
2025-09-05,20726.750455938418,2.3862713582900598e-11,6.624034654123534e-12,4429.716941737907,0.0,-4737.28978684275,2368.644893421375,23095.39534935979,18358.10556251704,0.0,20726.750455938443,3855.4705367580145,3476.1661284205516,24171.717175704332,2431.772471006352
2025-09-06,18778.55907717646,3.703555084832999e-11,8.907097281962706e-12,2235.064320323041,210.29111283722665,-2132.0610327096942,1066.0305163548471,19634.29848069408,17642.4315232092,0.0,18778.559077176495,3476.1661284205516,3162.525263375482,21338.65677403169,2509.8938240200746
2025-09-07,41788.80735612865,411.64025844706026,118.42399705871665,9869.872323537382,4771.174154250356,-2612.176203551563,1306.0881017757815,38323.72130365408,38892.327869602756,-7.275957614183426e-12,42200.447614575714,3162.525263375482,2968.7591873405936,2682.813432999963,3770.057274326341
2025-09-08,43726.8823305758,1612.0466777072447,516.3562947070224,9097.1501832884,10576.728805478051,-920.4847514062172,460.2423757031086,33610.39590080086,39741.06368638001,-7.275957614183426e-12,45338.92900828304,2968.7591873405936,1939.1862130761508,369.60262338920876,3600.1616496627285
2025-09-09,40490.02406028761,4422.437722892161,1547.944601953052,9866.182425708901,10018.567195368523,-1181.2650484693795,590.6325242346898,31062.089389153778,36559.86913759675,-7.275957614183426e-12,44912.461783179766,1939.1862130761508,1716.9820743189027,1296.1437166666772,3714.0725125615795
2025-09-10,43478.73118624523,5198.073211478781,1465.2761781437684,9691.476701673206,7352.697231309015,-1899.3065094117317,949.6532547058658,37075.687209642085,40078.178854436366,0.0,48676.804397724016,1716.9820743189027,1464.0601907503021,106.82827654859682,3933.2028215081637
2025-09-11,39538.54651890561,2637.7882427213403,596.5166521316547,7085.411653858851,2754.499745076989,-2939.8362829044017,1469.9181414522009,38253.96491528083,37150.46179576109,-7.275957614183426e-12,42176.33476162695,1464.0601907503021,1439.2755846852642,868.573650000016,4124.411852654891
2025-09-12,19249.52085024684,2.3812908978015913e-11,7.7973183465474e-12,1194.5874197220087,454.1183643186629,-763.66109765235,381.830548826175,19177.233034754354,18716.31751331445,-3.637978807091713e-12,19249.520850246867,1439.2755846852642,2551.553478075886,18384.710570029874,2786.1520766604
2025-09-13,18616.753333573302,734.1918362730494,335.116724333339,1558.6739915387714,1154.3475223118198,-693.4557311777334,346.7278655888667,17809.13367685035,17885.242960547163,0.0,19350.945169846353,2551.553478075886,2797.10204283062,20826.28239692545,2682.325146547677
2025-09-14,43235.31250478251,7.205682805988546e-11,1.840239072237182e-11,3889.881623492718,95.41807005435204,-2616.6429219006213,1308.3214609503107,44448.21589567847,41895.18502048074,7.275957614183426e-12,43235.31250478258,2797.10204283062,2149.0637693195495,2223.854537068215,3406.072365104038
2025-09-15,38610.34884158998,7214.616751641001,1263.0242554236293,3330.3500660422897,1779.19000191881,-2141.744032650375,1070.8720163251876,37902.03085599636,36946.41349129186,-7.275957614183426e-12,45824.965593230976,2149.0637693195495,2220.850024512844,816.5096250000196,4055.1194033325028
2025-09-16,43499.09325306754,6.275179254000562e-11,1.7085666215166384e-11,7663.406984422202,299.89024680674567,-5468.7668239151735,2734.3834119575868,45933.58641821839,40664.74642550771,0.0,43499.09325306761,2220.850024512844,1958.8161779806003,1877.68104990326,3857.832982674648
2025-09-17,43536.235337551414,7.151268599514537e-11,1.9942270057526912e-11,5484.756065522174,1095.8402535686039,-4166.682755712891,2083.3413778564454,44523.73646183926,41087.6138751721,0.0,43536.23533755149,1958.8161779806003,2045.926768603239,1009.8152164828282,3812.823350349697
2025-09-18,44999.607573286536,5.591570095830889e-11,1.3764323014697766e-11,12837.241153496623,7242.103296484514,-2341.1381883044264,1170.5690941522132,38928.07337095423,41415.00404697281,7.275957614183426e-12,44999.607573286594,2045.926768603239,2297.3246722546005,2819.013536993689,4020.129173453138
2025-09-19,18637.188552223368,201.34047428582394,50.511910257357,1587.4097066758957,625.5450491939614,-1132.7481234380286,566.3740617190143,18578.017564748417,17862.299474106363,3.637978807091713e-12,18838.529026509193,2297.3246722546005,2330.2544608484855,13078.673429931572,2848.975181880047
2025-09-20,17848.07669461508,1362.0161578517036,432.2040691327273,667.9459734305462,263.93111076610546,-278.44344339529357,139.22172169764679,17723.36730554662,17620.8779359954,0.0,19210.092852466783,2330.2544608484855,2238.3409929515888,13745.257932487004,2815.1978375036806
2025-09-21,43611.40581427883,221.7862600376098,45.14131336397366,4980.06965570372,1191.1527891247135,-2264.57740954979,1132.288704774895,43552.541729929006,42082.06617979569,0.0,43833.19207431644,2238.3409929515888,2168.3668931550305,5103.408532072272,3670.4337311250365
2025-09-22,44491.9226490686,9.202372491801113e-11,2.409683563797671e-11,8861.772850503956,50.860520981113325,-5744.073883962221,2872.0369419811104,47313.099070068594,41602.93220009378,0.0,44491.92264906869,2168.3668931550305,2553.8322457312843,212.06833513166526,3746.5157476985487
2025-09-23,44317.64001011369,5.2246892146001756e-11,1.4291678951394715e-11,5956.29365597127,0.0,-4422.898027123393,2211.4490135616966,46529.08902367539,42106.190996551995,0.0,44317.64001011374,2553.8322457312843,2181.454359402135,970.1932274669502,4087.249726050112
2025-09-24,44301.17949798099,86.72350075548056,20.25510263890634,5832.992576424051,5391.420706669558,-953.9097974881415,476.95489874407076,39386.713690055505,42027.084363680406,0.0,44387.90299873647,2181.454359402135,2502.801796972023,740.2950969646778,3910.77324862997
2025-09-25,42390.509006159686,168.25680809050684,33.088804924491384,3947.148598280518,188.4970291797302,-2125.98763482716,1062.99381741358,43265.00579439353,41264.68284568619,7.275957614183426e-12,42558.76581425019,2502.801796972023,1433.6535072071513,1770.0821256560757,3817.6210184131714
2025-09-26,18549.205089018393,917.0822633399747,189.0793647570942,2022.7306949285519,469.183485181495,-1600.0461504096586,800.0230752048293,18880.044679041726,17592.787518753066,0.0,19466.287352358366,1433.6535072071513,1699.8892334678976,11953.494031582173,2965.489288474291
2025-09-27,21543.133813722874,1719.4489361650258,376.5661678651817,5400.660915917073,4735.294067969877,-1951.215589028038,975.607794514019,17783.447540267014,18989.094663218893,3.637978807091713e-12,23262.5827498879,1699.8892334678976,1786.2630291748171,13514.568261076725,2993.1244143976555
2025-09-28,46234.829685544646,5.633351246592255e-11,1.4894863120673563e-11,4407.330291395496,1002.2781975669136,-2296.5987074787768,1148.2993537393884,46380.850841717125,44752.43759928295,0.0,46234.829685544704,1786.2630291748171,2759.7411117291563,2108.7974143053834,3793.952914791155
2025-09-29,45528.08141733505,134.73625666674462,26.01501666668701,8648.319519263765,122.82829618548067,-6715.277441511791,3357.6387207558955,48762.89184190547,42129.49993118399,0.0,45662.817674001795,2759.7411117291563,1982.9926088182751,532.0362092969042,4086.657327394165
2025-09-30,47478.46970492937,462.31705921362334,84.13109973753961,3517.7888389735253,366.6329238571468,-2978.421004000889,1489.2105020004444,48601.047283072665,45867.04822830988,-7.275957614183426e-12,47940.78676414299,1982.9926088182751,2258.2282580124706,1868.6525177191352,4202.911891802498
2025-10-01,41602.254479162286,4.5565600625963045e-11,1.1605827410221536e-11,8452.775781731018,22.230482568443296,-6218.73237728297,3109.366188641485,44689.39018523533,38485.47812966465,7.275957614183426e-12,41602.25447916233,2258.2282580124706,3894.6015058137086,6532.659717810788,3712.764619673164
2025-10-02,43839.66353673284,4.473720516262603e-11,1.1577627745396057e-11,13850.949138446242,332.7097805426334,-9900.09418006509,4950.047090032545,48457.000846222756,38778.713186519424,-7.275957614183426e-12,43839.663536732885,3894.6015058137086,4524.592503747949,5769.9018105416735,3720.8881086231504
2025-10-03,16079.100383316249,3.650726299042617e-11,9.681699886243678e-12,1707.8956130018898,683.090509604041,-1341.651564333445,670.8257821667225,16066.835655878931,15180.577764614845,0.0,16079.100383316285,4524.592503747949,3716.9826941606925,18294.582698949504,2675.620633833085
2025-10-04,18774.923221402663,2.9604943385663775e-11,8.530509632009853e-12,2046.9477006955344,0.0,-2196.2370108303626,1098.1185054151813,19873.041726817843,17676.804715987477,3.637978807091713e-12,18774.923221402692,3716.9826941606925,3683.3629166387527,16768.179224705975,2703.2085789988278
2025-10-05,43354.22215889295,5.829154420267101e-11,1.5767942507238786e-11,12260.03504926885,11.005299349474868,-8463.58599714171,4231.792998570855,47575.00985811433,39118.760727205605,0.0,43354.22215889301,3683.3629166387527,3824.1105033431973,3553.3256829634747,3708.5773440614657
2025-10-06,41604.1031069812,6.003814512212102e-11,1.5552448218159043e-11,2653.3178690043956,693.9014544047211,-1998.3912272317743,999.1956136158872,41909.39726619237,40373.60700856375,-7.275957614183426e-12,41604.10310698126,3824.1105033431973,3926.6248075622334,1331.596531372523,3720.9848488504153
2025-10-07,42271.61420683739,6.63054828611842e-11,1.9003479345691687e-11,6203.519615859257,1746.5843684841834,-2552.8829309928897,1276.4414654964448,41801.471303849656,40412.97795184622,0.0,42271.614206837454,3926.6248075622334,3632.2208654981964,2325.6157561958225,3607.07184685011
2025-10-08,37279.7014012775,719.2326281791978,108.57886145794934,3221.8387886660576,805.6956233268263,-1169.8607782960244,584.9303891480122,37058.936167098684,36426.20580435387,1.4551915228366852e-11,37998.9340294567,3632.2208654981964,1601.515352397323,355.9602548759229,3678.1561423340427
2025-10-09,41763.02060943855,2394.752844794574,415.7263293347033,14805.052123600353,2884.776761264058,-7861.467162008772,3930.733581004386,42808.97742917887,36870.694774679476,0.0,44157.77345423312,1601.515352397323,1200.0,679.1210629921438,4112.121955708566
2025-10-10,17215.607138363634,341.8689343126307,159.38724776444374,1914.4263480653012,2504.631372351647,-349.33240599732915,174.66620299866457,14885.641969010649,16206.06381124775,3.637978807091713e-12,17557.476072676265,1200.0,1200.0,18648.100444753094,3062.7832555251534
2025-10-11,17532.332549465995,163.77315779417864,75.74423463889556,1790.7015260598087,2247.210807054918,-169.48703545145696,84.74351772572848,15369.865260136805,16698.518762721957,3.637978807091713e-12,17696.105707260172,1200.0,1627.4996942376015,14497.125003206456,3080.453683571237
2025-10-12,40583.259003731604,871.6334233312324,132.76682460702528,4693.882426838601,2139.337243153558,-1739.065810176546,869.532905088273,39313.454665666315,39000.6136842588,7.275957614183426e-12,41454.892427062834,1627.4996942376015,1292.9421274660324,798.1511209316138,3987.5266147672774
2025-10-13,41634.407381505276,289.1725960871431,59.01753070694809,8126.738956238366,2369.5054903192204,-3849.4477879060587,1924.7238939530293,41189.625785139084,38919.84832411251,0.0,41923.57997759242,1292.9421274660324,1876.8713545204873,930.2880343602484,4133.802393383666
2025-10-14,43392.654066908144,1320.4774363608071,274.129132708354,10570.035553065742,2678.167663674673,-4570.189791251695,2285.0948956258476,42999.58129885932,40214.836616724075,0.0,44713.13150326895,1876.8713545204873,1411.836228393141,558.6854469477083,4060.0735893340284
2025-10-15,43774.09515024955,6.321926135366417e-11,1.7387730144591274e-11,8309.472065819662,287.3942450362754,-4831.414046565567,2415.7070232827837,45902.40792849606,41262.590045288016,-7.275957614183426e-12,43774.09515024962,1411.836228393141,1876.374518731398,186.2938659601768,4075.9579919218413
2025-10-16,43481.424004021195,7.161013904077862e-11,1.8805623724915677e-11,3406.940715769646,683.8764867838232,-1661.2203593399506,830.6101796699753,43628.15769690735,42422.85499542328,0.0,43481.42400402127,1876.374518731398,1849.3716674166474,499.9030035008976,4233.150202158821
2025-10-17,17483.475608058645,205.39665972405825,47.15493700098204,2475.4828513965404,2163.713562114743,-955.4866244461148,477.7433122230574,15797.50535816696,16284.49444179734,0.0,17688.872267782703,1849.3716674166474,1624.2279797993826,12380.906824853473,3030.794204295279
2025-10-18,17580.40374119254,300.02201970657626,140.17833795834179,1228.6082417520922,143.61250402500877,-1163.1094114057703,581.5547057028851,18018.345942870415,16950.97820081465,0.0,17880.425760899114,1624.2279797993826,2097.3686151031543,12375.438876190248,2989.5089812606298
2025-10-19,44592.739311723875,6.696172871745175e-11,1.6970203020605368e-11,4401.012737224604,2.1666763882483915,-2079.675573230311,1039.8377866151554,45630.410421950786,43552.17929964598,-7.275957614183426e-12,44592.73931172394,2097.3686151031543,2214.9213172975815,641.4943062370271,4023.370054779569
2025-10-20,46158.23599094072,6.357795889755379e-11,1.6117995826903098e-11,8017.029456106551,0.0,-5680.070867482527,2840.0354337412637,48998.27142468198,43318.20055719945,0.0,46158.23599094078,2214.9213172975815,1644.328427994039,1409.406817951038,4020.732854547281
2025-10-21,46514.14984909021,5.012197767939597e-11,1.4440448836694486e-11,3484.900591878658,6.729155486327594,-2171.8471808023473,1085.9235904011737,47593.344284005056,45425.983206860255,7.275957614183426e-12,46514.14984909026,1644.328427994039,2350.5928023252145,1872.6202948252894,4081.836828751176
2025-10-22,45033.58135124498,8.372831894476462e-11,2.201638871213163e-11,3754.3354333225143,198.31377418410094,-2117.968921555763,1058.9844607778814,45894.25203783876,43908.4922990724,0.0,45033.58135124507,2350.5928023252145,1774.110484443541,805.9874421978923,4043.0789123485993
2025-10-23,47708.35785055942,7.589613310043931e-11,2.0749735263336788e-11,15548.781295580693,1162.6089901333812,-8490.862791448648,4245.431395724324,50791.180256150365,43075.39012479065,-1.4551915228366852e-11,47708.35785055949,1774.110484443541,2296.481545908495,123.80163750001776,4077.3356794498095
2025-10-24,17622.395645846816,743.4225876436261,213.0926995150687,727.8099822670583,619.9852878625363,-393.5710932822713,196.78554664113565,17199.19590462542,17218.948336584835,0.0,18365.81823349044,2296.481545908495,1800.7966566839036,10936.70102777779,3127.759392402363
2025-10-25,17022.54710847863,703.6657557473957,208.23026294528177,282.87713227138204,208.32642081241454,-110.60915540402864,55.30457770201432,16869.52526536823,16897.800390505807,3.637978807091713e-12,17726.212864226025,1800.7966566839036,1588.070619105439,9705.831836207457,3124.632282428018
2025-10-26,46385.60871633218,6.551607922844482e-11,1.9963586339599715e-11,8144.3159962318305,1286.970508660551,-4493.4729492808565,2246.7364746404282,47345.37468231205,43709.88207213823,7.275957614183426e-12,46385.608716332245,1588.070619105439,2480.5473745192216,18.941961111135196,3980.6382208339887
2025-10-27,46854.01570826829,4.6768992995223355,0.9984840519934732,11029.249094871779,5662.32960310236,-2981.704129857837,1490.8520649289185,42682.53817009486,43475.72044230526,-7.275957614183426e-12,46858.69260756781,2480.5473745192216,1926.417981682518,2056.0515212859837,4183.576047081334
2025-10-28,46823.40681297771,12.9863097063208,6.024731944462148,7321.590060247257,5022.759451632586,-1456.2238412101556,728.1119206050778,42528.7592819502,44421.041741828434,0.0,46836.39312268403,1926.417981682518,1842.0792811449057,776.7404358176861,3939.9398832900397
2025-10-29,48158.17361941162,5.34631993120982e-11,1.5501211425572592e-11,4468.681612985072,1148.6845053540999,-2146.252436463974,1073.126218231987,48082.61533228951,46702.1525660616,-7.275957614183426e-12,48158.17361941167,1842.0792811449057,1818.0831966396463,870.6292161280221,4230.286166159335
2025-10-30,44850.97734000404,17.058347333400278,3.641833333350986,2728.8020209591778,2019.9997516762799,-628.425902432904,314.212951216452,43145.190539544215,43863.43113822883,0.0,44868.03568733744,1818.0831966396463,1904.060266327405,433.19904695499275,4104.282856949758
2025-10-31,18474.966243730032,4.1723811516902743e-11,1.0470291300634926e-11,1646.0550606111474,333.2377381327769,-1112.170099259007,556.0850496295035,18697.813555226763,17807.801948056273,-3.637978807091713e-12,18474.966243730072,1904.060266327405,1755.9916055926003,6440.495678380237,3227.280802184372
2025-11-01,18184.44973578005,1087.1117484768133,397.0683099225281,1379.7247822324973,970.4343970153606,-475.1035982193577,237.55179910967885,17451.56713787437,17623.41980433192,0.0,19271.561484256865,1755.9916055926003,2136.213492702354,7099.039261111117,3219.07405013469
2025-11-02,49023.85092806906,1378.8762413038348,205.6740841098489,8609.76212963813,3883.0672280536846,-3434.823001191955,1717.4115005959775,46858.19520061136,46012.08368478852,0.0,50402.7271693729,2136.213492702354,1527.618397707947,1546.9466181981015,4325.652120796209
2025-11-03,48651.143364420546,5.883561016162275e-11,1.4223733302287656e-11,4768.703750851842,39.79481527853823,-3010.021397163736,1505.010698581868,50116.35924772387,47132.86772741249,7.275957614183426e-12,48651.143364420604,1527.618397707947,2053.4030987117385,927.5206793820851,3934.120192125926
2025-11-04,46658.377507677054,6.625489035183563e-11,1.739358657104617e-11,4375.42442629001,1227.1482372666592,-1983.5100940317996,991.7550470158998,46422.9843174263,45257.57304823894,-7.275957614183426e-12,46658.37750767712,2053.4030987117385,1457.655949681586,860.5996243905221,4087.672354798409
2025-11-05,49566.037441610235,2029.6596042076976,485.70319907158506,7642.003616980892,408.53980858159866,-4979.108515876209,2489.5542579381045,51647.05189096674,46940.30324747825,1.4551915228366852e-11,51595.697045817935,1457.655949681586,2142.4394871245554,798.0817334828488,4319.543226057214
2025-11-06,49285.96842203748,1991.2482415585453,443.027411048411,3869.85670894442,2153.790165328458,-1192.2790566782746,596.1395283391373,47728.31778504815,47971.89883858886,-7.275957614183426e-12,51277.216663596024,2142.4394871245554,1733.9359759501694,1564.588145130056,4224.127350415323
2025-11-07,18280.41972559056,882.0520517562115,231.9792484689675,398.75056853126523,116.65647878154059,-350.94597220254263,175.47298610127132,18339.23623291029,18066.06124656211,0.0,19162.47177734677,1733.9359759501694,1979.7893877266615,7244.005233641983,3380.5743850708714
2025-11-08,18240.664645135857,45.48563966085004,21.048045543735707,536.8284218907504,22.58871995056375,-554.1967082434966,277.0983541217483,18495.174279307044,17956.036717697258,-3.637978807091713e-12,18286.150284796706,1979.7893877266615,1836.3394373755507,6912.048789763385,3250.0135335967334
2025-11-09,48607.495044718366,63.54461939451554,29.427951388909715,2485.4999436774206,600.4087392229762,-1194.0180006286657,597.0090003143329,48604.09530580972,47810.34979799637,0.0,48671.03966411288,1836.3394373755507,1680.7242853010468,594.9378386629636,4194.677492148327
2025-11-10,51654.81559069503,332.5175795937279,93.42369298703795,6329.151084240565,3307.2665932985083,-1793.5164580495739,896.7582290247869,49244.307226421304,49655.635163904066,7.275957614183426e-12,51987.33317028875,1680.7242853010468,1335.6501120497167,1372.8705352775207,4189.649442357398
2025-11-11,50157.40948134233,28.94903395423733,13.367058333353272,6003.248111853297,864.3294693030487,-3894.7063144830613,1947.3531572415307,51240.43316928081,47921.94650099979,-7.275957614183426e-12,50186.35851529657,1335.6501120497167,1404.4317983177489,519.8222955028157,4279.518370351024
2025-11-12,51190.19271515688,6.161061744114348e-11,1.6143530956469476e-11,8691.62254434422,4332.416321851287,-3178.7612842937015,1589.3806421468507,48447.15703545245,48156.67329905961,-7.275957614183426e-12,51190.19271515694,1404.4317983177489,1455.0665723642446,1343.3249014933986,4270.791858138169
2025-11-13,50046.8583099607,2460.6877683452,540.3400958458677,4509.702729998664,3460.4630696087543,-894.8422860062058,447.4211430031029,47033.81638335504,48445.949477088005,7.275957614183426e-12,52507.546078305895,1455.0665723642446,1375.216972850872,343.92872940133174,3843.3152837053813
2025-11-14,19146.35161729125,6.712316208412615e-11,1.62757030075511e-11,1178.1438629725965,723.5497789648213,-470.9559035519341,235.47795177596706,18658.279790102395,18669.690405860343,0.0,19146.351617291315,1375.216972850872,1673.0385982982823,3646.925077709205,3395.479074611939
2025-11-15,19092.66443082741,487.6896621045716,222.59633416668098,1048.2886266488488,55.45036371139179,-660.2912749782677,330.14563748913383,19367.35970460515,18744.03533876781,3.637978807091713e-12,19580.354092931982,1673.0385982982823,1455.4250721923866,4249.094061831284,3469.883322238332
2025-11-16,51836.1857826279,89.62076375007243,41.188125000018516,5188.336082218846,3401.1567504676236,-987.6126906927636,493.8063453463818,48928.83537750666,50208.66052045897,7.275957614183426e-12,51925.80654637797,1455.4250721923866,1325.0161276079639,842.095906996916,4340.539895541935
2025-11-17,53480.746440451185,325.1896184917216,148.0319416666805,11125.360533426174,7298.946415594135,-2368.18850196321,1184.094250981605,47365.89427583866,49863.67005093821,-1.4551915228366852e-11,53805.936058942905,1325.0161276079639,1758.7418809322576,2185.8711632677473,4285.538290743739
2025-11-18,50680.42785785243,2150.0495794810204,500.3930214356952,2750.2453661693226,976.5556318951241,-947.4430098435315,473.72150492176576,50177.593730879074,49881.187808965624,0.0,52830.47743733345,1758.7418809322576,1581.6134317961378,100.42937331886492,4427.158294000223
2025-11-19,54504.38120240657,85.12998706255837,37.554633333349415,9539.494929296041,6459.33562051591,-2274.3314665443986,1137.1657332721993,49182.21131516286,51214.10359562907,-7.275957614183426e-12,54589.51118946913,1581.6134317961378,1348.0594018356871,1432.04099867992,4218.478471976241
2025-11-20,50954.04388591702,63.84487682673603,29.204020333351142,1809.5919425894276,2076.592295315249,-20.645099542499892,10.322549771249946,48887.77414037302,50251.523904374015,0.0,51017.88876274375,1348.0594018356871,1433.0149429200753,505.6477233885483,4545.328095565191
2025-11-21,19386.008328319655,743.4063220772182,215.511326881349,959.6982771323833,458.7611804836266,-156.02404930415503,78.01202465207751,19005.259172488106,19155.075910173036,0.0,20129.414650396873,1433.0149429200753,1829.5658206316284,3381.2008891033843,3417.907043098173
2025-11-22,20421.089862520977,4.4156264422667845e-11,1.1738165994756855e-11,1462.310066885279,246.08866406077303,-664.9982108524375,332.49910542621876,20507.500303886427,20006.561202407836,-3.637978807091713e-12,20421.08986252102,1829.5658206316284,1478.106058697024,4495.30703465244,3545.3171483451715
2025-11-23,52605.24580426242,6.962423215739476e-11,1.6761481091975838e-11,5086.494444074032,3423.898527069987,-1564.5775885122464,782.2887942561232,49963.63607144856,50681.65750098297,0.0,52605.24580426249,1478.106058697024,1468.0340653229862,471.1804166500481,4324.220924011062
2025-11-24,50646.541154637125,127.37765667538818,45.69486192555409,3252.6459421875024,1805.2928786824507,-1115.22233530208,557.61116765104,49398.85944360572,49487.165694091935,0.0,50773.91881131251,1468.0340653229862,1200.0,228.6167022362569,4343.936059931101
2025-11-25,54619.2482602694,582.7200473042224,266.7539083333453,7758.14284455766,67.12005437143021,-5611.5378657131805,2805.7689328565903,57357.89713875456,51791.10597595567,0.0,55201.968307573625,1200.0,1419.312671496194,1597.8977110248547,4335.282609532719
2025-11-26,53374.12663669157,224.41894789172483,103.66336666668035,3445.3264590142485,710.133310105862,-2022.8053541872478,1011.4026770936239,53675.396003679336,52126.012856229325,7.275957614183426e-12,53598.5455845833,1419.312671496194,1673.0747100287945,1121.3650037347472,4469.249419872249
2025-11-27,52273.959236876115,128.0989930334012,59.41656666668402,3463.4944501512964,1066.918627320723,-1391.5604633076289,695.7802316538144,51902.820841209206,51222.53946278205,7.275957614183426e-12,52402.05822990952,1673.0747100287945,1634.7857186569288,924.7578052335977,4423.407568039651
2025-11-28,19790.841314074398,5.3614602715801315e-11,1.4234766143594868e-11,2069.403325214915,754.1537245491679,-558.0469714456541,279.02348572282705,19315.71107524806,19260.433253501848,0.0,19790.841314074452,1634.7857186569288,1532.0655806675484,1603.5719087352659,3633.4848026372365
2025-11-29,22586.88223360347,78.45497458338068,35.930833333345184,6533.795286004755,75.7506120392096,-3029.0809360658795,1514.5404680329398,24025.672089597196,21047.091561557452,7.275957614183426e-12,22665.337208186847,1532.0655806675484,1478.5679348322665,1606.9448651040911,3488.312876948691
2025-11-30,55781.5907073495,5.599719143933868e-11,1.3856915614951504e-11,3727.227097283428,2370.5599703513094,-1118.3411598006228,559.1705799003114,53970.2013168985,54432.233470665415,0.0,55781.590707349555,1478.5679348322665,1658.1034484210652,706.7645428633973,4620.068722049583
2025-12-01,55948.70413769073,19908.09319085969,5083.406642649043,3799.979021694006,322.3004086827659,-2556.1857771314235,1278.0928885657117,56904.49661757368,54563.1777795641,0.0,75856.79732855043,1658.1034484210652,1200.0,1.4505285861332595e-11,4380.342640063936
2025-12-02,61398.088891772175,4720.713566470324,1694.601329737271,4958.405955811627,3194.7954718455417,-1479.0847208571854,739.5423604285927,58942.83578035523,59593.61470739507,0.0,66118.8024582425,1200.0,1250.8584860831606,471.9876702661253,4613.4953160211835
2025-12-03,61952.01157177994,2936.3333789344106,1325.4024731666905,8785.45444095724,9843.672150002703,-124.29692315419447,62.14846157709724,52170.48788335433,58608.639060201946,0.0,64888.34495071435,1250.8584860831606,1309.3633428087717,525.3044929821597,4597.903500376429
2025-12-04,60925.408998375315,5150.68171768142,2200.772577733064,6111.871471884337,3713.194800177391,-2311.1369901499415,1155.5684950749708,58367.78269327289,58532.10890324121,0.0,66076.09071605673,1309.3633428087717,1208.5101687988117,394.45079814579987,4608.829449170512
2025-12-05,24646.95788542295,3064.7561300317884,1358.474437863387,5111.119729446178,2713.987828924972,-646.9019875884567,323.45099379422834,22256.421050292207,23418.844281987065,0.0,27711.714015454738,1208.5101687988117,1212.8352733146387,122.38832855262348,3904.3610679229196
2025-12-06,25220.6152529905,2973.3309296921825,1335.8396481005875,1498.9107062486921,1556.3482596945637,-86.03982649938524,43.01991324969262,23707.28690654563,24658.812586509288,0.0,28193.946182682685,1212.8352733146387,1200.0,208.4612135512946,3843.9003720706
2025-12-07,61360.13213703851,4246.163811473896,1646.7072758549361,7505.742433600229,2637.5412975655327,-3262.4154648157105,1631.2077324078552,60353.798571880834,58849.743972108816,0.0,65606.29594851242,1200.0,1268.269162369489,257.5150983681227,4830.905504418712
2025-12-08,62372.47585294485,3429.2983408165533,1569.8741223333448,6106.388888548547,3261.240477674949,-2397.056018189044,1198.528009094522,60309.76338436443,60086.867684625344,0.0,65801.7741937614,1268.269162369489,1810.9634295711348,1729.859207539291,4737.0238815943
2025-12-09,60129.938070748365,4159.873922416583,1472.1412091319398,2943.176724460473,1207.9364319792717,-1389.1168759994362,694.5584379997181,59616.56007676881,59032.73415542222,0.0,64289.81199316495,1810.9634295711348,1485.8569382329326,1216.9908779046568,4776.152738377298
2025-12-10,61501.33329454842,3336.879115100861,1183.84232348999,6498.88425853255,4453.018713645462,-1411.451774330983,705.7258871654915,57754.04046806845,59311.26783616778,-7.275957614183426e-12,64838.212409649284,1485.8569382329326,1621.3428082803161,516.3498796811754,4800.59783393371
2025-12-11,63628.74259794474,7.429539195491694,1.2790805191544319,7832.277849736123,0.0,-6405.032421049455,3202.5162105247273,66831.25880846947,60426.226387420014,0.0,63636.17213714024,1621.3428082803161,1969.5691530574425,4441.672555072892,4594.320855053644
2025-12-12,27457.09898502287,5.610247377774157e-11,1.4058088027013582e-11,2378.0366073324576,55.0894584193648,-1090.020588479145,545.0102942395725,27947.019820843077,26893.725537976847,-3.637978807091713e-12,27457.098985022923,1969.5691530574425,1818.1578361993754,3110.7408969685257,3422.8600428345817
2025-12-13,28784.385867113884,4.012380427909079e-11,9.846345960795588e-12,5302.847889994003,1222.3593390104147,-2847.6675465542603,1423.8337732771301,28985.860301380602,26953.09898083329,-7.275957614183426e-12,28784.385867113924,1818.1578361993754,1953.017060753247,3445.419038199675,3634.714112707561
2025-12-14,62515.616595145366,782.661998062547,195.91038750001218,3039.957750927535,1679.7626668539215,-963.6200479834307,481.81002399171535,61317.663952283154,61473.88568220234,7.275957614183426e-12,63298.27859320791,1953.017060753247,1842.4334286880965,2988.167090642311,4676.988751539863
2025-12-15,62175.88871356192,9.13419784254188e-11,2.1309620734655255e-11,1969.885072031644,1521.6189220441709,-57.3068345329058,28.6534172664529,60682.9232087842,61640.028988947415,0.0,62175.88871356202,1842.4334286880965,1520.1981817540072,2412.770741306007,4640.729845406942
2025-12-16,64200.48910489842,5.885229903412891e-11,1.454036890891075e-11,4074.5344500675387,2.884604555219994e-12,-3540.126392477993,1770.0631962389964,65970.55230113742,62430.425908659425,0.0,64200.48910489848,1520.1981817540072,1611.5580523418248,2400.8534749198125,4420.036712112851
2025-12-17,63202.538243423434,341.1713579887264,64.55604462743099,6575.677532390642,522.6968370765205,-5254.0968221655085,2627.0484110827542,65306.88981742966,60401.25755331517,7.275957614183426e-12,63543.70960141216,1611.5580523418248,1585.1830189189025,1915.0582819156452,4547.794006391651
2025-12-18,62765.263125234305,8.088692273616749e-11,1.9165509457241825e-11,2556.1819864144954,943.3831088704744,-1325.8869005301563,662.9434502650781,62484.823466628906,61787.85863867907,0.0,62765.263125234385,1585.1830189189025,1672.9121844262902,2770.1004304707376,4246.849878554658
2025-12-19,27010.241752221405,211.36823913388562,61.275036710790964,2798.8407334380295,593.6579868323267,-1762.4407186538547,881.2203593269273,27297.804124716007,25931.135397283702,0.0,27221.60999135529,1672.9121844262902,1428.7801466325554,2031.9919805555717,3485.8590176560697
2025-12-20,27432.942444764107,5.2838137865052204e-11,1.2922996006636822e-11,4493.234391694216,80.68498298480918,-3275.00322219764,1637.50161109882,28989.759072878114,25768.545839337014,3.637978807091713e-12,27432.94244476416,1428.7801466325554,1507.2507253370454,2044.7585646658865,3817.5003522686525
2025-12-21,64084.703934355464,1273.7856405342302,515.7584574411459,5151.5003657387115,1031.479983042634,-3036.1075651785636,1518.0537825892818,64571.27773390212,62222.82349075198,-7.275957614183426e-12,65358.489574889696,1507.2507253370454,1660.5867391268027,3116.4655768136786,4344.969808311919
2025-12-22,62527.05252549991,1007.8716471225667,225.0785911066058,1867.4342970370574,0.0,-1581.4711326313243,790.7355663156621,63317.78809181557,61736.316959184245,0.0,63534.92417262247,1660.5867391268027,1577.4367268115177,1969.4233942585179,4330.826508875689
2025-12-23,62916.37628975486,2338.6826058936927,592.3838328822603,6559.419791723274,495.53797210197456,-5103.609090189843,2551.8045450949217,64972.6428627478,60199.39242062595,0.0,65255.05889564855,1577.4367268115177,1761.5964051357555,2264.811074596419,4423.904387463779
2025-12-24,62829.381104349945,50.59643852463422,8.710758117354858,3822.764847094429,0.0,-3240.9119300078814,1620.4559650039407,64449.83706935389,61208.925139346,7.275957614183426e-12,62879.97754287458,1761.5964051357555,1526.371193856638,2394.100822557203,4353.27205046193
2025-12-25,62418.91248588664,1021.9142908607481,416.3022200044842,3738.7129670680206,1835.2320378880972,-1591.306296135943,795.6531480679715,61379.33359606652,61011.51532518932,-1.4551915228366852e-11,63440.82677674739,1526.371193856638,1668.3548167312874,2707.559246099243,4359.293078213032
2025-12-26,26887.941014320077,6.190180368292886e-11,1.5288659227508106e-11,1652.7155122348154,0.0,-1041.535304493214,520.767652246607,27408.708666566683,26367.173362073467,3.637978807091713e-12,26887.94101432014,1668.3548167312874,2252.6744916009984,1817.2501833852841,3495.780505380457
2025-12-27,27016.917218965635,5.949366976842896e-11,1.555799933328217e-11,2342.975098604905,107.62135179570299,-1544.5417459533583,772.2708729766791,27681.566740146613,26208.772562057053,3.637978807091713e-12,27016.917218965693,2252.6744916009984,1933.257178348538,2730.7459212497015,3585.829245106715
2025-12-28,62016.25524177793,4.7982981143945835e-11,1.1845857628145495e-11,3612.1117759096455,6.141774771468277,-3146.0771373009593,1573.0385686504796,63583.152035656945,60441.169414870295,0.0,62016.25524177798,1933.257178348538,1884.0512047079528,2485.8021809013158,4259.933831006173
2025-12-29,62670.398776259004,4.8044359823862234e-11,1.0754508394938966e-11,2052.4733103614317,578.8577495271201,-968.8613442079459,484.43067210397294,62575.971698835856,61993.01552097932,0.0,62670.398776259055,1884.0512047079528,1799.4254687835896,4013.1507718140874,4164.287609046039
2025-12-30,61602.320449649706,420.0274530139356,105.13828611112346,4141.244605263307,789.9368039488459,-2650.010160112471,1325.0050800562356,62137.38872575709,60014.00310161052,0.0,62022.34790266364,1799.4254687835896,1713.7884945045078,3277.497763364023,4430.041896335369
2025-12-31,61747.767051165836,1045.090348601157,376.7579900283081,2706.781274725792,35.729590361450846,-2082.6495070804995,1041.3247535402497,62753.36221434464,60694.53243417177,0.0,62792.857399766996,1713.7884945045078,1200.0,2084.8194834771325,4804.279683431296
