date,evaluation,start_soc_kwh,end_soc_kwh,solver_status,planner_fallback,solver_gap,solve_seconds,controller_seconds,purchase_kwh,charge_kwh,discharge_kwh,emergency_kwh,unused_kwh,plan_cost_yuan,emergency_cost_yuan,dispatch_fallback,total_cost_yuan
2025-02-01,True,1200.0,9703.782684320104,Optimal,False,0.0,0.07931689999531955,0.07395120000001043,54788.96905281111,27802.357967839504,14866.505538061907,9.964029601405855e-12,7474.940689700186,27815.7742611205,3.796117753473993e-11,0,27815.774261120536
2025-02-02,True,9703.782684320104,9502.839761386243,Optimal,False,0.0,0.0656965000089258,0.07371400001284201,91588.84719416813,21393.7322140829,17509.771724047623,1.0302869668521453e-11,9348.60875413287,58113.410042566524,3.8893716691745795e-11,0,58113.41004256656
2025-02-03,True,9502.839761386243,9326.37321634127,Optimal,False,0.0,0.0652708999987226,0.07485560000350233,90694.67016811288,21833.975827375067,17844.34031071428,1.2227552304011624e-11,6488.118151452107,57358.78690864848,4.956987664783696e-11,0,57358.78690864853
2025-02-04,True,9326.37321634127,9478.966192843918,Optimal,False,0.0,0.07136909999826457,0.07259559999511112,90786.9225580335,23678.122469482656,19041.94552142857,1.3574918966696714e-11,4955.8816599794345,57352.74012124487,5.011389703213354e-11,0,57352.74012124492
2025-02-05,True,9478.966192843918,9457.149270013226,Optimal,False,0.0,0.07313609999255277,0.07194570000865497,90284.75437397708,23151.85467794434,18772.63751968254,1.6382750000118147,5158.74850738195,57107.26596258071,3.4796961000440896,0,57110.74565868075
2025-02-06,True,9457.149270013226,9370.712395793653,Optimal,False,0.0,0.07564179999462795,0.07397129999299068,90859.41036484127,22237.132127998233,18089.870210476187,12.609090476200564,6453.700321128759,57580.58133129597,73.65600201670813,0,57654.23733331268
2025-02-07,True,9370.712395793653,9218.075419805993,Optimal,False,0.0,0.07744799999636598,0.07264199999917764,44029.96062767213,19016.28592293944,15540.564875969843,1.0739853451013914e-11,8748.559914035877,22838.451137798973,3.604054477079899e-11,0,22838.45113779901
2025-02-08,True,9218.075419805993,9431.44148624779,Optimal,False,0.0,0.10439880000194535,0.07955700000457,43173.6328162767,18649.292111841078,14913.897150793655,7.192468842731614e-12,7861.0751385626245,22385.342130860317,2.6386365981068138e-11,0,22385.342130860343
2025-02-09,True,9431.44148624779,9148.879535632277,Optimal,False,0.0001647207567022892,0.0427683000016259,0.07480560000112746,88219.26126766119,22161.064502255544,18204.76800238095,1.3884449145962208e-11,4707.548801119942,55729.3760306252,4.579200196808131e-11,0,55729.376030625244
2025-02-10,True,9148.879535632277,9048.292863256609,Optimal,False,0.0006149129080140188,0.0417985999956727,0.07829340000171214,88645.65804221666,19196.395320432097,15639.6082146881,9.704237413643568e-12,10762.233353139349,55961.84590546922,3.2048064646517105e-11,0,55961.84590546925
2025-02-11,True,9048.292863256609,8961.92835354497,Optimal,False,0.0,0.04177429999981541,0.07439789999625646,88133.52615493535,21214.76263676955,17261.68579452381,1.0587974941245193e-11,8959.852179356276,55344.60696963867,3.663841763312803e-11,0,55344.606969638706
2025-02-12,True,8961.92835354497,9048.266767306875,Optimal,False,0.0,0.08009699999820441,0.07310900000447873,87205.94141481776,21452.11579806585,17298.509224047626,9.705125592063268e-12,7785.598707466208,54682.75617379519,3.235717427330087e-11,0,54682.75617379522
2025-02-13,True,9048.266767306875,7798.242903269401,Optimal,False,0.0,0.10926549999567214,0.07903660000010859,81248.83062437341,19157.679427939936,16642.74181426508,18.165519822238885,7422.579513854127,50897.16633711743,84.7603154905484,0,50981.92665260798
2025-02-14,True,7798.242903269401,7503.187198361111,Optimal,False,0.0,0.1432721000019228,0.0779908999975305,35578.4036153591,18569.207227982555,15306.607989083332,2.1106571865204566,2516.113216979731,18530.39685660143,12.902447381172761,0,18543.299303982603
2025-02-15,True,7503.187198361111,8419.19853755247,Optimal,False,0.0,0.07798000000184402,0.07400580000830814,36930.92223147462,19524.34350035126,14990.308030012298,125.85724288453571,3242.652904020198,19022.938280222246,577.6592253559724,0,19600.59750557822
2025-02-16,True,8419.19853755247,8592.240942280865,Optimal,False,0.0,0.06718949999776669,0.07724730001064017,79703.95137137345,23877.380277414264,19184.93986045,784.9656650230366,419.09751943221744,49067.91695098733,4195.972461677729,0,53263.88941266506
2025-02-17,True,8592.240942280865,8650.490552373456,Optimal,False,0.0,0.06855720000748988,0.08065730000089388,81001.69446725652,20959.07499818244,16924.42609944445,32.20328761905793,5815.385689470909,49881.90229752761,224.65013443051308,0,50106.55243195812
2025-02-18,True,8650.490552373456,8813.254627432538,Optimal,False,0.0,0.07193700000061654,0.07372440000472125,79676.79920607682,22346.939605640797,17954.533413015874,33.37927361112915,3226.384503729694,49109.381641750566,151.8590052938158,0,49261.24064704438
2025-02-19,True,8813.254627432538,8340.925457327161,Optimal,False,0.0,0.06852660000731703,0.07417510000232141,78714.55170740353,23794.01864803845,19698.251358005986,150.30302572419106,1889.760059761923,48510.567006899495,773.1666963231548,0,49283.73370322265
2025-02-20,True,8340.925457327161,7291.724763225306,Optimal,False,0.0,0.1193012000003364,0.07790360000217333,76748.0599427056,21723.008199228392,18539.91726606667,63.68661620080602,2635.521892411349,47399.409815276864,284.4732934688813,0,47683.883108745744
2025-02-21,True,7291.724763225306,7275.481497618165,Optimal,False,0.0,0.1529752000060398,0.0758715999982087,34974.64984811288,17968.912626299727,14569.438166349208,8.55993054216242e-12,6014.913354829033,18120.945831454985,3.226229938757541e-11,0,18120.945831455017
2025-02-22,True,7275.481497618165,8736.95688530203,Optimal,False,0.0,0.08328549998987,0.07244939998781774,36731.2269537135,19528.169473969723,14502.489425,1.2410183991562462e-11,3860.7840214104576,18909.27128625126,4.562951472220078e-11,0,18909.271286251307
2025-02-23,True,8736.95688530203,8600.631913200617,Optimal,False,0.0009186932693168657,0.04110640000726562,0.07383809999737423,77965.38207040516,22747.649739944143,18548.288764246026,10.820996666683548,2244.9884080403913,47993.01886058964,50.68554838672136,0,48043.70440897636
2025-02-24,True,8600.631913200617,8672.32441423148,Optimal,False,0.0,0.0713019999966491,0.07169199999771081,77973.45317004116,21255.97463029296,17152.816199609522,70.28002515239919,5737.5411478434535,47811.34075853997,320.85180291607844,0,48132.192561456046
2025-02-25,True,8672.32441423148,8603.289781720901,Optimal,False,0.0,0.07308719999855384,0.07763259999046568,77607.09152400907,20457.106385760828,16632.387341725793,39.78543130953603,8000.834677950239,47645.70937505331,175.40536665861345,0,47821.11474171192
2025-02-26,True,8603.289781720901,8803.342626499998,Optimal,False,0.0,0.07095770000887569,0.07340619999740738,75397.24042358514,22217.394223381827,17816.041760638094,226.4446208698542,2407.4845483779363,46116.04711912289,1421.8005169846365,0,47537.84763610753
2025-02-27,True,8803.342626499998,6749.567321231043,Optimal,False,0.0,0.17379719999735244,0.07158200000412762,71296.881987646,20318.658023565065,18306.510773829767,971.9585302575498,3300.1090681682513,44039.11613326457,4712.175266516021,0,48751.291399780595
2025-02-28,True,6749.567321231043,6564.223096674167,Optimal,False,0.0,0.0815699999948265,0.07345850000274368,33857.44330578875,17234.19791642416,14126.51011440476,9.899747688280058e-12,7457.161953769363,17427.34647903098,3.8286791570474325e-11,0,17427.34647903102
2025-03-01,True,6564.223096674167,8820.306358441352,Optimal,False,0.0,0.13095079999766313,0.07610960000602063,36416.457798148636,19065.439979809908,13412.53144805556,9.459988348226034e-12,7104.78333306096,18620.504405284948,3.4615675659210865e-11,0,18620.504405284984
2025-03-02,True,8820.306358441352,8531.179969163582,Optimal,False,0.0,0.07568360000732355,0.0755191000062041,75863.45775737852,20398.786383350496,16783.230720863896,2581.7361086202463,2471.3311368454956,46647.29438300452,13017.595484817764,0,59664.88986782228
2025-03-03,True,8531.179969163582,8542.061537225309,Optimal,False,6.17411413980806e-05,0.041082099996856414,0.07526440000219736,78610.36950795118,23468.70402858417,18999.856851897624,447.1836301908891,2571.5593281222,48423.81599317623,1963.45058891411,0,50387.266582090335
2025-03-04,True,8542.061537225309,8722.903048225307,Optimal,False,6.278405513348866e-05,0.04176599999482278,0.07390420000592712,81196.65739566389,20210.269202711635,16207.560694296428,1.49036338825681e-11,7994.490953915361,50393.63553432975,4.837735945173449e-11,0,50393.6355343298
2025-03-05,True,8722.903048225307,8719.381963449294,Optimal,False,0.00014153332008496702,0.041318899995530955,0.07478840000112541,80294.09949051784,19140.678278771313,15507.118382103177,3.286666666681164,10533.354243849717,49546.70546682819,14.952690000049003,0,49561.65815682824
2025-03-06,True,8719.381963449294,6454.257153845239,Optimal,False,0.0,0.11637119999795686,0.0731684999918798,74764.75977626696,17322.47787800656,16069.819409828964,1.4378304102891093e-11,7571.4471747560465,46702.781835044814,5.564600495666649e-11,0,46702.78183504487
2025-03-07,True,6454.257153845239,5614.288250269839,Optimal,False,0.0,0.08409460000984836,0.07575239999277983,31523.207181330097,14518.360019787868,12515.843629246034,1.3365308859647484e-11,8598.405257454944,16584.4802282459,4.886363691447571e-11,0,16584.480228245946
2025-03-08,True,5614.288250269839,9097.624887842596,Optimal,False,0.0,0.1362572999933036,0.0747655000013765,34561.2971169,19357.269591213993,12544.385395067855,652.1498705321483,9337.423274619348,17870.310057603052,2407.4500862902796,0,20277.76014389333
2025-03-09,True,9097.624887842596,8902.319178475307,Optimal,False,0.0,0.07247819998883642,0.07247479999205098,71493.3258459558,21808.58765371105,17840.731137936513,9.491962771335238e-12,4191.944280181277,43763.3990030671,2.8692596298895978e-11,0,43763.39900306713
2025-03-10,True,8902.319178475307,8877.3616585,Optimal,False,0.0,0.07868710000184365,0.07504290000360925,71367.74937977806,21551.104681218887,17478.856559765078,969.4813209095505,222.91112923380643,43558.7222840061,4976.31296081183,0,48535.03524481793
2025-03-11,True,8877.3616585,8953.112037435185,Optimal,False,0.0,0.07678680001117755,0.07590739999432117,72400.19237722125,20719.326574576222,16714.479184365075,161.68380452382323,4618.1099915339255,43832.23589552018,695.096287941462,0,44527.33218346164
2025-03-12,True,8953.112037435185,8904.333585413584,Optimal,False,0.0,0.08580029998847749,0.07655729999532923,72918.10737670047,20152.053012842935,16367.063547222218,2.0078411155921572e-11,6697.583227746445,44389.82660994951,7.222949437168946e-11,0,44389.82660994958
2025-03-13,True,8904.333585413584,5247.590682512789,Optimal,False,0.0,0.08803030000126455,0.07485679999808781,68422.08715340387,17826.748686014107,17730.735048282146,744.711211598825,1525.1667106040702,42229.86837371867,3641.8224170747785,0,45871.69079079345
2025-03-14,True,5247.590682512789,5418.4965841543235,Optimal,False,0.0,0.14052629999059718,0.07603870000457391,31227.91480122379,15411.719841330094,12329.677759999995,8.950302304855384e-12,12116.446736560367,16387.320247381445,2.9172468647351015e-11,0,16387.320247381474
2025-03-15,True,5418.4965841543235,8697.03381367901,Optimal,False,0.0,0.11051820000284351,0.07556260000274051,35609.71573339163,19161.104133285316,12569.81084138889,7.08988423525625e-12,8094.297291495208,18236.39245243309,2.476214822078049e-11,0,18236.392452433116
2025-03-16,True,8697.03381367901,9193.398972382718,Optimal,False,0.0,0.07567930000368506,0.07639499999640975,73489.14778820988,20430.892222976683,16102.294057777777,1.6400000000169446,5811.142689677666,44644.896681526996,7.461180000060453,0,44652.35786152706
2025-03-17,True,9193.398972382718,9106.840853123462,Optimal,False,0.0,0.08911619998980314,0.07417900000291411,71826.87292339506,18648.64685548697,15183.306260277777,1.2380763081409896e-11,10503.400894852544,43579.5710193192,4.588390356552452e-11,0,43579.57101931924
2025-03-18,True,9106.840853123462,8915.753043953704,Optimal,False,0.0,0.07105690000753384,0.07557480000832584,70155.00308108024,21406.94294557269,17511.602814166665,1.409042327260579e-11,5133.704583007559,42441.553372029506,4.4360796841447226e-11,0,42441.55337202955
2025-03-19,True,8915.753043953704,9100.52829337963,Optimal,False,0.0,0.07891779999772552,0.07476950000273064,69537.58726781893,21391.619413628254,17160.914000555553,1.428612783627159e-11,5841.411404746243,42081.24395098579,4.277802023722188e-11,0,42081.24395098583
2025-03-20,True,9100.52829337963,5154.7602368179,Optimal,False,0.0,0.08403689999249764,0.07462739999755286,63929.13166216392,16795.327654574758,17155.406651111112,32.79941416668402,2113.048256200292,39719.78418580438,139.70910464297577,0,39859.49329044736
2025-03-21,True,5154.7602368179,4909.153386262345,Optimal,False,0.0,0.14248749999387655,0.07301100000040606,30215.920508082992,14862.306992524007,12259.514829444444,7.025935389037841e-12,15579.663828336774,15721.737343946575,2.25958276534044e-11,0,15721.737343946597
2025-03-22,True,4909.153386262345,9607.370003342592,Optimal,False,0.0,0.07939309999346733,0.07524939998984337,35741.185692743486,19342.57628818244,11439.091838055556,1.035546648431307e-11,11956.501509283278,18226.259113979435,3.378915373886127e-11,0,18226.259113979468
2025-03-23,True,9607.370003342592,8749.23497582407,Optimal,False,0.0,0.06933240000216756,0.07912949999445118,68067.59361578533,19540.48515838134,16600.114503055556,73.64190861112202,6431.1447524039995,41186.47063401427,513.7259544711367,0,41700.19658848541
2025-03-24,True,8749.23497582407,8962.99374867593,Optimal,False,0.0,0.07597760000498965,0.07539879999239929,67549.37677832648,20662.39998320988,16544.161090833335,1.7404300223233804e-11,5432.640802616618,40776.97367939306,6.31178223020612e-11,0,40776.97367939312
2025-03-25,True,8962.99374867593,8686.41745962037,Optimal,False,0.0,0.07753009999578353,0.07719339999312069,67353.14440580246,21144.495505301777,17375.960019444443,1.7065460156118206e-11,2634.4842032784854,40554.461420404914,5.6916545254637184e-11,0,40554.46142040497
2025-03-26,True,8686.41745962037,8845.682414577157,Optimal,False,0.0,0.07178410000051372,0.07759830000577495,67617.17944631688,20064.982890281204,16109.297681666669,6.607159264149232e-12,8068.939371035679,40619.68195775934,2.2824924172937243e-11,0,40619.68195775936
2025-03-27,True,8845.682414577157,5133.9958017284,Optimal,False,0.0,0.16418829999747686,0.07701100000122096,62349.875043738,16079.212865696169,16364.680372777779,1.656874637490091e-11,3918.353150819628,38518.85994835598,6.165314636596975e-11,0,38518.85994835604
2025-03-28,True,5133.9958017284,5301.191549799385,Optimal,False,0.0,0.14860200000111945,0.0803648000000976,30220.20981864883,14438.754794152945,11544.91521,7.125744438951642e-12,16504.48946782923,15601.433053579798,2.1628748125834817e-11,0,15601.43305357982
2025-03-29,True,5301.191549799385,9011.577766086422,Optimal,False,0.0,0.11211629999161232,0.0774468000017805,34192.78753073611,18477.09904805212,11627.102634263887,1.1760759033307977e-11,19635.581933614554,17084.068765854925,5.0256113603985855e-11,0,17084.068765854976
2025-03-30,True,9011.577766086422,9212.861646296295,Optimal,False,0.0,0.07830029999604449,0.07787979999557137,64316.3748723491,20252.039256474618,16222.996305555556,1.7720325207193355e-11,4941.712221430062,38921.38870439299,5.924993298767056e-11,0,38921.38870439305
2025-03-31,True,9212.861646296295,8891.225771237652,Optimal,False,0.0,0.07753329999104608,0.07812330000160728,62457.35836167696,19007.16200459534,15685.273511275005,331.4309058855107,2515.5112909088034,37593.871132245644,1274.3136407392467,0,38868.18477298489
2025-04-01,True,8891.225771237652,8755.441969148149,Optimal,False,0.0,0.07786649999616202,0.07508189999498427,63960.115683412696,19516.924511447665,15930.914276153164,647.5268932913012,812.7808247428236,38370.195588945484,3729.0961844225044,0,42099.291773367986
2025-04-02,True,8755.441969148149,8949.260574407404,Optimal,False,0.0,0.07145329999912065,0.07324670000525657,66446.40315461835,21429.074374499312,17183.113498611114,1452.5964819694634,3217.7033606996124,39550.774071197,7211.122514795724,0,46761.89658599272
2025-04-03,True,8949.260574407404,4528.4784310493815,Optimal,False,0.0,0.1441530000010971,0.07858919999853242,63299.06115135954,15607.783069369001,16621.008215211114,1.3523848707563957e-11,8448.756030534998,38570.63286017581,4.0482882823766885e-11,0,38570.63286017585
2025-04-04,True,4528.4784310493815,4844.729630487656,Optimal,False,0.0,0.14324330000090413,0.07708600000478327,29269.908465744174,14202.664806989027,11219.532414166666,9.35873600838022e-12,19855.973822921824,14871.967663004452,3.562877193274972e-11,0,14871.967663004489
2025-04-05,True,4844.729630487656,8984.513196407404,Optimal,False,0.0,0.13645540000288747,0.07382700000016484,34202.14678084705,18165.085453559666,10987.914008055557,8.23074941536106e-12,14980.860352009613,16968.125241515703,2.9856018990415126e-11,0,16968.125241515732
2025-04-06,True,8984.513196407404,8868.856084005734,Optimal,False,0.0,0.08106080000288785,0.07804909998958465,66088.58820242604,19515.851356443764,15911.930999880953,1.3140599719463353e-11,8074.5915791965635,39436.21584595573,3.532220782531681e-11,0,39436.21584595577
2025-04-07,True,8868.856084005734,9092.1900951821,Optimal,False,0.0,0.07882290000270586,0.076354300006642,65756.98269523565,19138.837385189097,15301.457671944441,1.2675194227540487e-11,8676.88369865767,39124.364786933256,4.508211048914745e-11,0,39124.3647869333
2025-04-08,True,9092.1900951821,8727.441120001764,Optimal,False,0.0,0.07669139999779873,0.07499880000250414,64684.761941455516,20228.29829070693,16713.19569313492,1.5327100699735752e-11,6816.4657272168515,38543.650013021645,5.805422421956141e-11,0,38543.6500130217
2025-04-09,True,8727.441120001764,8996.918172272046,Optimal,False,0.0,0.079234799995902,0.07545259999460541,64373.98803604693,20713.883905702038,16535.7166165754,244.11387072620778,1305.6236009798351,38393.89623823043,908.1196645692478,0,39302.01590279968
2025-04-10,True,8996.918172272046,4404.187398730155,Optimal,False,0.0,0.0860811000020476,0.07488120000925846,59063.19595922349,15385.687256078287,16595.864373611115,1.6757262244482263e-11,5812.7351767563405,36170.68614727161,5.596216734460313e-11,0,36170.68614727167
2025-04-11,True,4404.187398730155,4333.616931392854,Optimal,False,0.0,0.1776815000048373,0.0747519000142347,28298.312919619835,13347.928267528418,10875.33531730159,7.577938276881468e-12,20509.06980272635,14353.820839797858,2.2696284851519976e-11,0,14353.82083979788
2025-04-12,True,4333.616931392854,9239.046092594357,Optimal,False,0.0,0.12125299999024719,0.07542300000204705,34062.05869836028,18169.268323488635,10302.221096944444,1.1291717560979464e-11,17169.850921816098,16839.37109684716,3.7081739859279316e-11,0,16839.371096847197
2025-04-13,True,9239.046092594357,9022.869116852291,Optimal,False,0.0,0.07085349998669699,0.07333549999748357,62684.974412667056,20032.822460031843,16421.145470793654,1.0871303857129533e-11,4796.938940095548,37328.017960010045,4.267919218037264e-11,0,37328.01796001009
2025-04-14,True,9022.869116852291,8768.857074403435,Optimal,False,0.0,0.07420319999800995,0.07540690001042094,62268.7021834514,19808.836746779343,16273.76860309524,1.0579537246258042e-11,6205.602239767307,36971.89209514389,3.18659347797734e-11,0,36971.89209514392
2025-04-15,True,8768.857074403435,8993.781923781306,Optimal,False,0.0,0.08368559999507852,0.07345460000215098,62913.36206856016,18919.07806667108,15122.020869563494,1.1425527191022411e-11,8976.87603811925,37361.29818947974,3.8464162965823335e-11,0,37361.29818947978
2025-04-16,True,8993.781923781306,8936.31737962434,Optimal,False,0.0,0.07730119999905583,0.07650700000522193,61933.869851596115,19686.63161824025,15997.889700515874,1.6548151737794115e-11,2465.535983871756,36848.54692838518,4.876033107836797e-11,0,36848.54692838523
2025-04-17,True,8936.31737962434,4081.8717544598753,Optimal,False,0.0,0.1484574999922188,0.07641449999937322,55854.96972843229,14063.155681720064,15760.157164841272,1.2848500041684474e-11,4683.628861553513,34218.31559600785,4.3178781161667953e-11,0,34218.315596007895
2025-04-18,True,4081.8717544598753,4244.099184930777,Optimal,False,0.0,0.15906380000524223,0.07538110000314191,27332.521291889996,12901.378621851361,10304.111996275793,5.4073689970124406e-12,18381.137482981096,13778.314564241276,1.953715089708652e-11,0,13778.314564241296
2025-04-19,True,4244.099184930777,9213.854621944882,Optimal,False,0.0,0.07670000000507571,0.07477259999723174,33020.38812058611,18655.94811207672,10638.538077469448,6.763700710621379e-12,18218.298835978847,16140.35530481427,1.8344153418503596e-11,0,16140.355304814288
2025-04-20,True,9213.854621944882,9231.139579384035,Optimal,False,0.0,0.12503309999010526,0.0777646999922581,60676.7751520777,19723.464727989416,15960.44996797619,1.5529688646154227e-11,4956.015508731158,36066.448466887814,5.4938955273975406e-11,0,36066.44846688787
2025-04-21,True,9231.139579384035,8785.911224294974,Optimal,False,0.0,0.07959399999526795,0.07781600000453182,60038.76793604841,18062.4701766892,15031.306362698408,1.4474810239306635e-11,8490.693738724296,35593.79419996594,4.3945348388030326e-11,0,35593.79419996598
2025-04-22,True,8785.911224294974,9029.251375860233,Optimal,False,0.0,0.08329359999333974,0.07741059998807032,60108.30658487018,19208.033700543798,15339.501161031743,1.6592338614174196e-11,4086.844728691475,35814.22605660259,6.003563099432619e-11,0,35814.226056602645
2025-04-23,True,9029.251375860233,9118.084018530424,Optimal,False,0.0,0.07558060000883415,0.0760395000106655,60137.55080691308,18488.93319786204,14896.08651186508,1.2641165891835726e-11,5144.787404249471,35739.70425649418,4.342458057027265e-11,0,35739.704256494224
2025-04-24,True,9118.084018530424,3439.9494809669327,Optimal,False,0.0,0.09790769999381155,0.07597520000126678,52903.319660513414,11871.328423969233,14726.097107222222,1.4697132399987822e-11,8667.98164376642,32588.458451507686,5.883615572521705e-11,0,32588.458451507744
2025-04-25,True,3439.9494809669327,3345.703049244712,Optimal,False,1.3129494180594256e-16,0.20651129999896511,0.07606819999637082,26265.759212090437,12288.351182713108,10038.386246547616,6.208034086796488e-12,22015.43662592495,13031.634796868675,2.4960308542265608e-11,0,13031.6347968687
2025-04-26,True,3345.703049244712,8943.24178107187,Optimal,False,0.0,0.10034109999833163,0.07717479999701027,32725.178317389767,18603.100117129135,10030.726236230157,8.486988889444547e-12,24082.610803157466,15734.193653709948,3.904273482291387e-11,0,15734.193653709986
2025-04-27,True,8943.24178107187,8659.800740444445,Optimal,False,0.0,0.07778430001053493,0.07841849999385886,56514.452458737505,19876.061734494906,16354.706941505558,329.25318456588707,4748.879666980709,33487.6564717765,1755.7292232485406,0,35243.38569502504
2025-04-28,True,8659.800740444445,8681.272633574075,Optimal,False,0.0,0.06964829999196809,0.07900110000628047,56653.57864561239,16140.98997574613,13054.877176537699,3923.063312946444,868.5618426837319,33609.851832313485,24479.776153671606,0,58089.62798598509
2025-04-29,True,8681.272633574075,9046.96396918386,Optimal,False,0.0,0.0763948999956483,0.07749759999569505,58122.497596674635,18266.1500933005,14466.4593735246,261.1561330047764,7150.749293236846,34506.02886317504,1132.3444402120886,0,35638.373303387125
2025-04-30,True,9046.96396918386,8802.370650676366,Optimal,False,0.0,0.07879040000261739,0.07878259998688009,56991.36172764942,18007.162818746325,14805.935869841267,1.1266682031774167e-11,5533.280345411041,33986.863080720264,4.3118889125892676e-11,0,33986.86308072031
2025-05-01,True,8802.370650676366,1805.1082076428563,Optimal,False,0.0,0.08549570001196116,0.08413800000562333,49570.98019777288,12753.692814030961,16628.027378095238,1673.2922342857312,4107.22819612289,30875.683780893633,10261.505273611016,0,41137.18905450465
2025-05-02,True,1805.1082076428563,2046.9853735529096,Optimal,False,0.0,0.1046383000066271,0.07900700000755023,27275.92192808054,13817.016877207523,10974.094221219048,1999.3356805269946,12142.014869285724,13417.291078690436,11655.375710238412,0,25072.666788928847
2025-05-03,True,2046.9853735529096,8365.162878203704,Optimal,False,0.0,0.08893330000864808,0.07626289999461733,34218.20857207231,20048.961846731334,10553.299341666667,1294.2144727777832,17149.588889785427,16453.67128571918,7301.011853232191,0,23754.68313895137
2025-05-04,True,8365.162878203704,8212.177376055557,Optimal,False,0.0,0.08179500000551343,0.07410630000231322,59555.35498325397,17195.778726890065,14066.267720714288,1217.083420952399,5908.260064697255,35343.003922557604,7459.573378277679,0,42802.577300835284
2025-05-05,True,8212.177376055557,8314.49480587037,Optimal,False,0.0,0.08080439998593647,0.07633539999369532,60480.10341039389,20161.199036507936,16238.485532738097,1574.7916644047823,3056.17477102883,35792.77191947882,9616.51444189346,0,45409.28636137228
2025-05-06,True,8314.49480587037,8168.755867,Optimal,False,0.0,0.08569259999785572,0.07792229999904521,59868.937463723014,20198.747439112285,16492.150470664285,880.7094545809691,4172.967583189321,35658.53656330854,5460.674342304694,0,41119.21090561323
2025-05-07,True,8168.755867,8352.790904685186,Optimal,False,0.0,0.083882499995525,0.0752241000009235,60956.57653453557,19689.0178412669,15782.472917509525,1424.4463577844365,3406.6320185626305,36143.8436441308,9192.729569020255,0,45336.57321315106
2025-05-08,True,8352.790904685186,2597.656264219577,Optimal,False,0.0,0.1282336000003852,0.0736252000060631,55037.044186616695,12842.08036184891,15581.706269516666,496.4088614357351,2446.5665557201887,34158.31671093848,2902.345530231925,0,37060.66224117041
2025-05-09,True,2597.656264219577,3016.9807021481483,Optimal,False,0.0,0.1135937999933958,0.07717800000682473,28270.57716118754,13667.543712016459,10693.318412597617,346.28471049762453,17143.250722266323,14461.15568168107,1912.1270620519651,0,16373.282743733034
2025-05-10,True,3016.9807021481483,8458.357056370369,Optimal,False,0.0,0.08598380000330508,0.07483159999537747,34351.261387198705,18986.515208689,10481.838600238094,266.96126023810666,13992.50075565257,17070.538680586567,1332.899931195531,0,18403.438611782098
2025-05-11,True,8458.357056370369,8541.220971611112,Optimal,False,0.0,0.09530600000289269,0.07827420000103302,62598.75278828925,18844.944106587303,15189.827202619048,444.7587835714466,3904.3155845591036,37353.25826799748,3010.550263620298,0,40363.808531617775
2025-05-12,True,8541.220971611112,8790.5568615,Optimal,False,0.0,0.07658649999939371,0.07564689998980612,64053.09046288654,16894.232299917694,13459.925862033335,124.74660653811321,8812.33539820696,38219.427038682436,839.9705810130881,0,39059.39761969553
2025-05-13,True,8790.5568615,8779.88040162963,Optimal,False,0.0,0.07204420000198297,0.07699719999800436,62990.22850789536,18491.5996465873,14987.804527619046,42.85684142858627,6400.077463689024,37787.26984417355,298.9693258057522,0,38086.2391699793
2025-05-14,True,8779.88040162963,8676.113852481481,Optimal,False,0.0,0.08221940000657924,0.07475339999655262,63582.08947777778,18165.973327054675,14807.828289147621,7.175331328585694,7216.97098786598,38051.569349875615,50.055111348164424,0,38101.62446122378
2025-05-15,True,8676.113852481481,3449.7106739338637,Optimal,False,0.0,0.11029719999351073,0.07682750000094529,56872.93787918284,12318.213626128752,14681.515897857145,1.3366488471611149e-11,6471.181867577914,35741.26335823721,4.9887053869823725e-11,0,35741.26335823726
2025-05-16,True,3449.7106739338637,3276.212110060844,Optimal,False,1.1335456170923513e-16,0.11985629999253433,0.07793070000479929,27876.4721820868,11804.132355681952,9717.495915588099,6.405098673667453e-12,23074.32920865962,15051.349893528559,2.9474905405280085e-11,0,15051.349893528588
2025-05-17,True,3276.212110060844,9205.697527878305,Optimal,False,0.0,0.10747210000408813,0.07712380000157282,34952.713313326196,18913.324838736036,9983.256243340475,6.487393955367793e-12,15573.845634597305,17986.451399208923,2.66202952736716e-11,0,17986.45139920895
2025-05-18,True,9205.697527878305,9377.882237134922,Optimal,False,0.0,0.08035010000457987,0.07565020000038203,61747.29876981775,18385.709886534394,14737.458769761904,5.2366666666787385,4428.116219711945,37655.8827464199,35.318698333374336,0,37691.20144475327
2025-05-19,True,9377.882237134922,9194.668432238097,Optimal,False,0.0,0.07670190000499133,0.07683209999231622,61864.48450405349,16944.47922912698,13889.920599999998,67.00333333334402,11361.712658259858,37616.55017087194,451.9039816667034,0,38068.454152538645
2025-05-20,True,9194.668432238097,9177.9619120582,Optimal,False,0.0,0.07791709998855367,0.07423369999742135,61306.62120189888,17601.468582222216,14272.225419761904,1.503064339658522e-11,3449.983222771919,37330.80454742092,5.476740261300961e-11,0,37330.80454742098
2025-05-21,True,9177.9619120582,9318.777665164023,Optimal,False,0.0,0.07209059999149758,0.07582769999862649,61990.21437743681,16937.61620627279,13592.73494928572,1.7671197838353692e-11,7282.717837116422,37710.7438766608,5.955766546605901e-11,0,37710.74387666086
2025-05-22,True,9318.777665164023,3978.468513828043,Optimal,False,1.3777503522470954e-16,0.15859349998936523,0.07578990000183694,54669.97459275132,10792.431293930043,13548.147584285718,1.184652376196027e-11,6609.060066440343,35089.73760201626,3.914140478400441e-11,0,35089.7376020163
2025-05-23,True,3978.468513828043,4085.701324727516,Optimal,False,0.0,0.22038879999308847,0.07621500000823289,27464.273616631774,12618.241863453852,10124.266379588094,6.723510637129948e-12,18549.34924943269,15240.34207742432,3.363665435074381e-11,0,15240.342077424353
2025-05-24,True,4085.701324727516,10315.527206658731,Optimal,False,0.0,0.0816122000105679,0.0765294000011636,35040.032689888096,19202.38123520576,9947.085506778574,6.481037928551814e-12,22030.23557812758,18570.878611880227,2.2934191878931643e-11,0,18570.87861188025
2025-05-25,True,10315.527206658731,9897.358996764555,Optimal,False,0.0,0.07583159999921918,0.08073829999193549,61004.739475329625,15652.806723885955,13055.124835252383,1.0241779646591453e-11,9862.04740336273,37828.25509275793,3.311085240709222e-11,0,37828.255092757965
2025-05-26,True,9897.358996764555,9871.822659592595,Optimal,False,0.0,0.07803150000108872,0.08106149999366608,60438.06073299823,18324.72590137859,14866.010683571425,2.0118129384627537e-11,2399.5125651910835,37346.30113873345,7.402971169412353e-11,0,37346.30113873352
2025-05-27,True,9871.822659592595,9722.824684148147,Optimal,False,0.0,0.07842549998895265,0.07986750001145992,61410.74203137178,16301.50436847148,13338.316716361904,1.0535128325273035e-11,9057.187079262212,38009.94382190106,3.538657833423997e-11,0,38009.9438219011
2025-05-28,True,9722.824684148147,10063.211175587303,Optimal,False,1.9464630295190986e-16,0.07452429999830201,0.07739089999813586,61068.65045013578,18362.879859685476,14567.584844049996,1.7126411400170127e-11,4999.531334500314,37786.66117460764,5.6886074129014474e-11,0,37786.661174607696
2025-05-29,True,10063.211175587303,4119.05862684127,Optimal,False,0.0,0.09472900000400841,0.07899819999875035,53676.80204745802,11701.734650241031,14828.142360566666,1.3771206397450442e-11,2693.086257783671,34755.01369205539,4.676975517980964e-11,0,34755.013692055436
2025-05-30,True,4119.05862684127,4391.790251103171,Optimal,False,0.0,0.09430149999388959,0.07713399999192916,27741.418265834036,12861.331252254558,10172.219852490482,9.008294110657289e-12,18456.073599403302,15403.431264017629,3.4763126960379865e-11,0,15403.431264017663
2025-05-31,True,4391.790251103171,10388.814160113752,Optimal,False,0.0,0.09714399999938905,0.07966239999223035,35014.27622662619,19779.846573847735,10624.354206707145,7.688016889773053e-12,17469.602309485606,18609.022291773137,2.958678677056348e-11,0,18609.022291773166
2025-06-01,True,10388.814160113752,7971.385585981482,Optimal,False,0.0,0.07240940000338014,0.07690039998851717,62000.13269456497,12697.811479303358,12460.913014954764,9466.771441450304,5.179371666679787,38332.62755472857,53995.55119708752,0,92328.1787518161
2025-06-02,True,7971.385585981482,7913.803352185186,Optimal,False,0.0,0.06578259999514557,0.07729059999110177,67151.01667828042,20165.107482721927,16385.56107142143,6064.834384210564,795.4972011904873,40698.755977112145,31239.9098551813,0,71938.66583229345
2025-06-03,True,7913.803352185186,8069.570383574074,Optimal,False,1.7725081997595648e-16,0.06781649999902584,0.07627780000620987,68983.22820069372,21041.75104759847,16903.62802030476,3696.610923980963,349.349264047635,41932.05508746784,19824.407189666683,0,61756.46227713452
2025-06-04,True,8069.570383574074,8040.306640333332,Optimal,False,0.0,0.061953900003572926,0.07865339999261778,76005.04095753675,21110.10589164119,17125.523141146034,517.6910608381064,2892.888451213028,46583.25801450094,2951.022941085895,0,49534.28095558684
2025-06-05,True,8040.306640333332,2064.670430651676,Optimal,False,0.0,0.13829220000479836,0.07424609998997767,68747.89222639869,16516.909523121696,18756.769302442066,1090.2464271214446,928.6804161738379,43378.17978743133,6768.008223549137,0,50146.18801098046
2025-06-06,True,2064.670430651676,2403.5028008421523,Optimal,False,0.0,0.14521700001205318,0.07961869999417104,32960.80964666471,14328.538989521847,11301.167448341268,3141.691922293657,2220.1346277777875,18092.089504793894,16152.617122330645,0,34244.70662712454
2025-06-07,True,2403.5028008421523,8449.504176537035,Optimal,False,0.0,0.11641469999449328,0.08014340000227094,40623.74527853812,20556.23399234764,11209.148295676192,768.325646704771,918.4720619047748,21807.27635723909,5071.423781042526,0,26878.700138281616
2025-06-08,True,8449.504176537035,8438.23998631658,Optimal,False,0.0002936730490571181,0.04022580001037568,0.07979920000070706,83964.00515234045,16644.44148126886,13492.135371026186,144.37283126985832,15771.148606700974,52312.672553931865,974.8665426567986,0,53287.53909658866
2025-06-09,True,8438.23998631658,8501.878511611112,Optimal,False,0.0003198978042127426,0.04007149999961257,0.0773172000044724,81423.55613294999,20435.20826547521,16495.24402226984,629.6636766055765,7180.542833016872,50541.52043832057,4260.169512808083,0,54801.689951128654
2025-06-10,True,8501.878511611112,10800.0,Optimal,False,0.00012260448796475861,0.047788999989279546,0.07850719999987632,90575.05084669284,21516.162104448365,15359.781965053178,6.650680006714538e-12,12800.226473964338,57921.208889957474,3.0185745458766175e-11,0,57921.2088899575
2025-06-11,True,10800.0,10800.0,Optimal,False,1.3091759380401878e-16,0.08120590000180528,0.07698929999605753,86916.78709985463,21964.521326131686,17791.262274166667,1511.884761552385,8170.966492775335,55692.732222308034,7316.353400654068,0,63009.0856229621
2025-06-12,True,10800.0,6705.774668732363,Optimal,False,0.0,0.08005760000378359,0.07452809999813326,82992.38694357878,14428.989784286205,15372.2845234127,7.286948822127215e-12,11483.290249371947,54772.97619442115,3.0122965843926155e-11,0,54772.97619442118
2025-06-13,True,6705.774668732363,7282.704561060404,Optimal,False,0.0,0.08132990000012796,0.07823099999222904,41336.70793372882,13783.891509628647,10645.715219703969,1.1376677377938904e-11,9853.217943804155,25235.894155129114,3.2649308590038115e-11,0,25235.894155129146
2025-06-14,True,7282.704561060404,10750.691078004853,Optimal,False,1.7189353914054529e-16,0.0748576000041794,0.08336279999639373,46244.58634571963,15878.177700979812,9740.136072543644,1.0739409361804064e-11,13913.201967283476,27212.88553373829,3.396808612166069e-11,0,27212.88553373832
2025-06-15,True,10750.691078004853,10800.0,Optimal,False,0.00019379289041635106,0.03955510001105722,0.08086830000684131,87406.07004226379,18339.11213389182,14810.302798656743,8.480327551296796e-12,13250.286373695386,56343.97014145202,4.228400918293573e-11,0,56343.97014145206
2025-06-16,True,10800.0,10756.254825630951,Optimal,False,7.011779065253808e-07,0.040246100004878826,0.0842139999876963,86658.05115706251,19894.356676186067,16153.799564642859,5.562217353372034e-12,10223.441228852644,55627.56966104987,2.2603395377629453e-11,0,55627.56966104989
2025-06-17,True,10756.254825630951,10331.173342066137,Optimal,False,0.00016360555085119746,0.04171869999845512,0.07798370000091381,85281.40935626342,20181.107194300406,16729.270162591663,2.2772402777894394,7194.838348165806,54357.90862008324,15.352015332689149,0,54373.26063541593
2025-06-18,True,10331.173342066137,10631.684961924164,Optimal,False,0.0,0.0749367000098573,0.07604459999129176,88133.47705396483,17914.86602314227,14240.581020873014,7.641887123099877e-12,13530.801151695581,56414.18156567515,3.2233208990817273e-11,0,56414.18156567518
2025-06-19,True,10631.684961924164,6231.17243887169,Optimal,False,0.0,0.07815999999002088,0.07684929999231827,82252.46171959434,13822.6178522521,15156.781731071429,2.4869252777855566,15329.608323691462,54005.606745290446,16.76560676017286,0,54022.37235205062
2025-06-20,True,6231.17243887169,5842.391996285272,Optimal,False,0.0,0.10192809998989105,0.08305850000760984,37278.81508149184,12403.42952401528,10396.680312780154,9.318767979493714e-12,12871.485020256723,22933.876404745533,3.1097624919596e-11,0,22933.876404745566
2025-06-21,True,5842.391996285272,10800.0,Optimal,False,1.864165540210516e-16,0.07672300000558607,0.0881909000017913,43740.057945605164,19107.596143445033,11015.305672847222,6.13709083552294e-12,16313.027075007358,25525.66627114353,1.8360284737006792e-11,0,25525.66627114355
2025-06-22,True,10800.0,10316.943672759702,Optimal,False,0.00036362287178270746,0.0433364999917103,0.08173819999501575,81014.1962685783,17839.49208525328,14884.739283571427,9.392486788328824e-12,10602.102366896444,51628.726102260116,3.942594606343164e-11,0,51628.72610226015
2025-06-23,True,10316.943672759702,10457.632313917991,Optimal,False,7.59098471812045e-05,0.04087919999437872,0.08790360001148656,82102.03550240985,19456.715293477846,15633.319610674598,1.1610490346924962e-11,11217.353819606618,52071.11980486389,5.2036213227246716e-11,0,52071.11980486394
2025-06-24,True,10457.632313917991,10641.562945186512,Optimal,False,1.4218795096257318e-16,0.07695679999596905,0.08258529999875464,81111.38458524691,21728.752459793748,17434.751924291268,2274.783936303986,2823.37573604842,51639.1427697935,10752.562948527679,0,62391.70571832118
2025-06-25,True,10641.562945186512,10467.576858535276,Optimal,False,0.0005537451871428915,0.04083090000494849,0.07999270000436809,84754.59889263117,19221.646409248482,15726.121069477384,8.635758774744318e-12,10821.652186193422,54167.55205749548,3.715824803407486e-11,0,54167.552057495515
2025-06-26,True,10467.576858535276,6247.84244341094,Optimal,False,0.0,0.07687679999799002,0.07891620000009425,81561.05798827209,13927.817547471093,15079.29318706349,9.398259948056875e-12,15165.149794531168,53394.47692237838,3.928433689459609e-11,0,53394.47692237842
2025-06-27,True,6247.84244341094,7057.558122500002,Optimal,False,0.0,0.10765160000300966,0.08288389998779166,38262.98267523032,13274.00244991133,10023.197873248022,1.1219913886861832e-11,15240.532231900359,22539.441898624562,3.7388611096034195e-11,0,22539.4418986246
2025-06-28,True,7057.558122500002,10756.344169122583,Optimal,False,0.0,0.09100929999840446,0.08049140000366606,40902.443509511904,19091.689907539687,12135.361383146825,1.1237233366045984e-11,12169.188868452387,23440.20734445555,4.4366233353798636e-11,0,23440.207344455594
2025-06-29,True,10756.344169122583,10653.99651842769,Optimal,False,0.0002530322289252392,0.041190200005075894,0.09800310000719037,82718.64577413889,18075.96526773172,14733.644752488099,1.1514900144504736e-11,10108.55672556194,52799.57167961462,5.1560154701313365e-11,0,52799.57167961467
2025-06-30,True,10653.99651842769,10212.695079519402,Optimal,False,0.0005309511770456046,0.04115030000684783,0.08044119999976829,82110.95663702619,18574.745648172648,15442.715270037303,9.43423117405473e-12,9101.242275557519,52553.18922676093,4.1320456389826174e-11,0,52553.18922676097
2025-07-01,True,10212.695079519402,8032.671563496913,Optimal,False,0.0001623078249350492,0.04136309999739751,0.08283260000462178,82880.13277563933,20587.790042090437,18638.131098513495,1255.688634026201,3319.6184327552546,52424.248669219734,6449.9997642011085,0,58874.24843342084
2025-07-02,True,8032.671563496913,8063.5336102716055,Optimal,False,0.00015177729289500485,0.04195610000169836,0.07908260000112932,82519.42547603518,19482.45317532481,15753.011229915874,1983.1426432190576,7868.359807178635,51601.632881971826,9159.022624284313,0,60760.65550625614
2025-07-03,True,8063.5336102716055,2410.1407113245155,Optimal,False,0.0,0.08127890000469051,0.07870510000793729,74928.105127186,16067.410574746717,18102.65617459722,3228.1960453047827,431.12783900795665,48148.7626798234,16116.132011582864,0,64264.89469140626
2025-07-04,True,2410.1407113245155,2059.0902980783144,Optimal,False,0.0,0.14756240000133403,0.0770195000077365,37049.21087005095,13493.783052257004,11245.909644249754,3874.026389063498,9794.496384440532,21418.41190864339,15278.04566619363,0,36696.45757483702
2025-07-05,True,2059.0902980783144,8111.499125003085,Optimal,False,0.0,0.08263109999825247,0.07883640000363812,44467.746514878694,19910.231491029484,10680.119563501588,3922.6556768158775,10370.210297500005,24374.965641345414,17970.868887686174,0,42345.83452903159
2025-07-06,True,8111.499125003085,7864.852736672841,Optimal,False,0.0,0.06897000000753906,0.07785489999514539,77851.12579173624,21107.933781577507,17319.408112575,6289.1484661551685,557.7670388889009,48153.48597281903,33061.47836441853,0,81214.96433723756
2025-07-07,True,7864.852736672841,9062.814839627865,Optimal,False,0.0,0.059991600006469525,0.07632170000579208,85610.87449620229,20474.683154762883,15506.327462698417,65.18086412699462,7298.216901598145,53532.5743007775,439.5738852999297,0,53972.14818607743
2025-07-08,True,9062.814839627865,10800.0,Optimal,False,0.0006306868015234272,0.0389831999927992,0.07690279999224003,98367.33690863484,19765.263382569075,14446.396695546031,7.591982598142977e-12,17477.083204945142,63229.137983875386,3.405080006846362e-11,0,63229.13798387542
2025-07-09,True,10800.0,10800.0,Optimal,False,0.0005125853663414385,0.03739379999751691,0.07928450001054443,95452.81585874339,17119.91382255536,13867.130196269845,4.838796030526282e-12,18141.307215791214,61674.74612422878,2.4412106114368725e-11,0,61674.746124228805
2025-07-10,True,10800.0,7306.631283488977,Optimal,False,0.0,0.13134130000253208,0.07862219998787623,90042.02536492897,13741.68708646629,14274.798384897616,6.796341267545358e-12,17721.51328002696,59537.824084130385,2.8861672163316143e-11,0,59537.824084130414
2025-07-11,True,7306.631283488977,7246.230212201502,Optimal,False,0.0,0.10982710000826046,0.07910719999927096,49641.311049648284,14324.065452047815,11656.853980317457,1.326139198454257e-11,14455.32242791794,31233.710210578138,4.0524110733741735e-11,0,31233.710210578178
2025-07-12,True,7246.230212201502,10384.211555517637,Optimal,False,1.674453385437378e-16,0.09132740000495687,0.07719579999684356,51223.80282143928,18608.3905987233,12248.613175981354,9.817924251365184e-12,13779.782065364012,30593.222193884252,2.8778268656992623e-11,0,30593.22219388428
2025-07-13,True,10384.211555517637,10460.319601033068,Optimal,False,0.0008168754402970695,0.07767270000476856,0.07497919999877922,89220.13976255977,17605.456961066524,14191.922897499997,6.095679516704422e-12,16538.885298993253,57144.92498215783,3.075290572196465e-11,0,57144.924982157856
2025-07-14,True,10460.319601033068,10285.41057772443,Optimal,False,0.0,0.07767830000375398,0.07819960000051651,87262.63573353738,17259.60683962816,14137.699661076584,7.430500659211248e-12,12333.049338319142,55572.2937433919,3.419536120929934e-11,0,55572.293743391936
2025-07-15,True,10285.41057772443,10690.55809449956,Optimal,False,0.0,0.06888710000202991,0.07803770000464283,86756.50154944912,18171.982353758078,14354.672941446426,1.1764811347347859e-11,10190.141553804151,55475.11094667739,4.727520419578468e-11,0,55475.110946677436
2025-07-16,True,10690.55809449956,10400.851803032188,Optimal,False,5.371325752059334e-16,0.06652999999641906,0.07796220001182519,85307.5696364952,18030.113740472272,14865.127792103176,9.57633972120675e-12,10008.020304792779,54401.40854098197,4.131068465085264e-11,0,54401.40854098201
2025-07-17,True,10400.851803032188,5500.439369403882,Optimal,False,0.0,0.17621910000161733,0.07423890000791289,79357.91759850382,14560.396263732606,16204.292163888887,1.368327673390013e-11,8281.397431993451,51890.227496040636,5.228123622913472e-11,0,51890.22749604069
2025-07-18,True,5500.439369403882,5567.851300278661,Optimal,False,0.0,0.2273940000013681,0.07980089999909978,45270.93783233761,13275.308472776796,10692.329125161903,1.0736300737335114e-11,11413.710384722724,27602.266984214722,3.3497672191629134e-11,0,27602.266984214755
2025-07-19,True,5567.851300278661,10103.01581058245,Optimal,False,0.0,0.08658730000024661,0.08047030000307132,51324.24154824127,18231.54281716686,10685.901622631749,6.680878072984342e-12,16595.781303706164,30256.90383729389,2.1150749596188234e-11,0,30256.90383729391
2025-07-20,True,10103.01581058245,10334.171392477514,Optimal,False,0.0,0.08053569999174215,0.07767220000096131,85321.2937135587,18960.115505505582,15149.653535753967,6.811218256075335e-12,9420.853527140423,54439.76022281884,3.222382372047861e-11,0,54439.76022281887
2025-07-21,True,10334.171392477514,10522.187792313493,Optimal,False,1.335147296885203e-16,0.06523530000413302,0.0791390000085812,86758.47556006529,19512.929697287378,15636.258294950398,7.721823180872889e-12,8892.054807728313,55401.87251032072,2.997835490958778e-11,0,55401.87251032075
2025-07-22,True,10522.187792313493,10066.189813925484,Optimal,False,4.0190514860513234e-16,0.06853730000148062,0.07464279999840073,85471.85110799482,19417.724730509504,16138.755212261907,5.9041660449565825e-12,8397.736973080557,54352.03073821106,2.6858546497976476e-11,0,54352.03073821109
2025-07-23,True,10066.189813925484,10036.102423018961,Optimal,False,2.676032122418934e-16,0.0682373000017833,0.07753180000872817,86663.80651108519,20554.651551712715,16676.346408703175,8.93862761586206e-12,8568.954251408983,54979.64348848596,3.391614100678453e-11,0,54979.643488486
2025-07-24,True,10036.102423018961,5761.397486807321,Optimal,False,0.0,0.09986899999785237,0.07768180000130087,80499.67699744955,14245.043738228493,15385.719870555557,1.3674394949703128e-11,8023.881129776628,52359.783660427966,5.1587921490181546e-11,0,52359.78366042802
2025-07-25,True,5761.397486807321,5403.101343099207,Optimal,False,0.0,0.10748449999664444,0.07488349999766797,44369.48989703313,13416.211062830194,11189.59749022976,9.066525308298878e-12,15637.556757766033,27046.546137502482,2.7601213758998712e-11,0,27046.54613750251
2025-07-26,True,5403.101343099207,10390.204761706353,Optimal,False,0.0,0.09812739999324549,0.07729549999930896,51580.107158115476,19136.060425068586,11011.815867559124,8.663292305755022e-12,14986.771033939356,30441.335517991654,3.0849132137689136e-11,0,30441.335517991683
2025-07-27,True,10390.204761706353,10334.780695645502,Optimal,False,0.0,0.0637840999988839,0.07533449999755248,85437.76609059524,21268.79524641093,17277.60580904762,289.33270710318084,8050.719560335109,54248.08721117372,1444.1993901129829,0,55692.2866012867
2025-07-28,True,10334.780695645502,10050.632522299387,Optimal,False,1.3413477733473963e-16,0.06571689998963848,0.07784680000622757,85428.02374106385,21048.175085066632,17304.755174915477,1.3933743048255565e-11,3729.7265975793816,54215.82139375981,6.249419914894361e-11,0,54215.82139375988
2025-07-29,True,10050.632522299387,10206.312140604943,Optimal,False,0.0,0.09841750000487082,0.07889710000017658,87881.25300880388,20228.033074960313,16244.595134242856,22.357068809533054,7850.926186895956,55721.15107362631,150.53014429456013,0,55871.681217920865
2025-07-30,True,10206.312140604943,10152.921713688273,Optimal,False,0.0004986463808129544,0.03953239999827929,0.07861680000496563,87188.99204837547,19392.541364370463,15756.00988936508,8.489653424703647e-12,9449.206523370092,55438.46233583883,2.925508657547482e-11,0,55438.462335838856
2025-07-31,True,10152.921713688273,4571.230245249559,Optimal,False,1.8257690775708172e-16,0.10708700001123361,0.07794310001190752,80357.6223353248,14394.06551233637,16682.715386587304,9.610090501155355e-12,7951.275942909088,51992.24732403042,3.67913308707557e-11,0,51992.24732403045
2025-08-01,True,4571.230245249559,4584.5760024492965,Optimal,False,0.0,0.09863410000980366,0.07526030000008177,43008.55880017341,12710.296989150991,10283.329379732539,5.902833777327032e-12,19330.231524088293,25813.099893017028,1.9134062556602773e-11,0,25813.099893017046
2025-08-02,True,4584.5760024492965,9544.796728238975,Optimal,False,0.0,0.11564519999956246,0.07392740000796039,48374.74068358928,18587.175251835193,10591.413300775796,5.778669209810516e-12,19451.95379919656,28031.39103350033,2.1517744724919298e-11,0,28031.391033500353
2025-08-03,True,9544.796728238975,8762.234478239858,Optimal,False,0.0,0.09962140000425279,0.07515479999710806,82580.79048403907,16748.462378672837,14270.560551724206,148.66306456349827,17412.071738320607,51904.43550162547,1002.3456956212073,0,52906.78119724668
2025-08-04,True,8762.234478239858,9245.84415895326,Optimal,False,0.0,0.0746791999990819,0.07573820000106934,81074.36295204145,18719.648792258475,14727.666809087305,34.56785932540396,11701.293744862347,50734.921222017176,232.75915291791972,0,50967.680374935095
2025-08-05,True,9245.84415895326,9250.831088462524,Optimal,False,0.0,0.14978580000752117,0.07519909999973606,78453.4704718695,18557.047066934654,15026.719887658732,14.712630357156897,9785.546189617395,49340.505885377686,99.11163440093276,0,49439.61751977862
2025-08-06,True,9250.831088462524,8527.173056125665,Optimal,False,0.0,0.09165820000634994,0.07539739999629091,73694.69099870909,18111.313117509297,15321.455854285707,999.633567738116,3790.068036556949,46712.8216406143,3795.2984283908736,0,50508.12006900517
2025-08-07,True,8527.173056125665,3670.1960083377435,Optimal,False,0.0,0.16443370000342838,0.0758823000069242,69843.93314075985,13546.644981391824,15344.061777936507,5.090126785726633,8258.454814090257,45672.996136510184,34.391441627717796,0,45707.3875781379
2025-08-08,True,3670.1960083377435,3957.972064750443,Optimal,False,0.0,0.14905870000075083,0.0765460999973584,41459.67184532775,13259.028273488142,10480.814450753966,9.00435281891987e-12,22906.28677259358,24685.489531017705,4.1263593431040135e-11,0,24685.489531017745
2025-08-09,True,3957.972064750443,9195.646932201498,Optimal,False,0.0,0.09230649999517482,0.07554759999038652,46582.886518430954,18929.76797782334,10619.204681330955,6.676104113978454e-12,19350.394221938575,26715.658885734738,2.2149009459848656e-11,0,26715.65888573476
2025-08-10,True,9195.646932201498,9550.047676420194,Optimal,False,0.0,0.07743089999712538,0.07555920000595506,73710.58113609525,18116.2943581261,14355.237760285316,5.283410277792618,4650.188898532255,47161.21137339311,35.63396061852539,0,47196.84533401164
2025-08-11,True,9550.047676420194,9113.214924829366,Optimal,False,0.0,0.07730460001039319,0.08094680000795051,74505.09767011071,19110.85283328043,15872.940271388894,122.57476571429706,6828.506540600149,47218.02954552527,826.15207571775,0,48044.18162124302
2025-08-12,True,9113.214924829366,9074.73264541491,Optimal,False,0.0,0.07953080000879709,0.08055429998785257,76549.18697316089,18421.64463555164,14956.166206269838,1.819944195347034e-11,5323.164893879106,48419.197607173446,7.380461652939374e-11,0,48419.19760717352
2025-08-13,True,9074.73264541491,9540.26783655335,Optimal,False,1.504647656228137e-16,0.07545079999545123,0.08001349998812657,77553.19262715364,18472.406300412495,14543.667431309525,15.702400912707153,7519.17670896337,49087.01059695024,106.41642849856402,0,49193.42702544881
2025-08-14,True,9540.26783655335,3929.4016124845707,Optimal,False,0.0,0.07868320000125095,0.07716289999370929,70502.45172744856,13803.557546400163,16230.661214246034,35.11557777778456,7038.379989738882,45911.95439028297,237.157651472805,0,46149.112041755776
2025-08-15,True,3929.4016124845707,4217.3260249078485,Optimal,False,0.0,0.07600549999915529,0.07857800000056159,41201.67399999944,13309.75710689349,10521.771285402778,6.487255177489715e-12,21253.9612951754,24534.772323548925,2.103904872541307e-11,0,24534.772323548947
2025-08-16,True,4217.3260249078485,9598.9661283836,Optimal,False,0.0,0.08965150000585709,0.07921619999979157,47301.11068559881,18853.042128931018,10427.48803130595,6.632916438320535e-12,21946.276221307086,27134.818579115978,2.092234208106447e-11,0,27134.818579116
2025-08-17,True,9598.9661283836,9350.34152436993,Optimal,False,0.0,0.07250010001007468,0.08072830000310205,73901.0529866696,18450.35018131344,15168.54579047619,66.33945658731118,7520.194435753002,47113.397365288016,446.94696363512674,0,47560.34432892314
2025-08-18,True,9350.34152436993,9263.146588933863,Optimal,False,0.0,0.07803239999338984,0.07785610000428278,73361.84095492342,19435.953236098376,15821.597563132143,77.94003845239365,5431.3097037429125,46784.81826087662,526.0145031365656,0,47310.83276401319
2025-08-19,True,9263.146588933863,9212.766003680334,Optimal,False,0.0,0.09449380000296514,0.07970950000162702,73664.21071802077,18154.679535638348,14750.632950595238,60.423483809536165,6002.9275667872,47028.93576756415,407.5600757012835,0,47436.49584326544
2025-08-20,True,9212.766003680334,8886.311128,Optimal,False,1.55471693993992e-16,0.09985210000013467,0.07931200000166427,74618.10050565256,20314.953183535174,16748.92146677579,1168.7562318353332,1570.1339540618442,47503.43495165579,6389.799337838157,0,53893.23428949395
2025-08-21,True,8886.311128,4480.180145910495,Optimal,False,0.0,0.10636350000277162,0.07790279999608174,72097.64425317216,13199.164333539586,14656.84099404762,1.4011902749189176e-11,7710.902430346873,46649.759209931886,4.1820071405851424e-11,0,46649.75920993193
2025-08-22,True,4480.180145910495,4087.4681444929465,Optimal,False,0.0,0.1437759999971604,0.0776311999943573,40804.18187652055,13418.51185822555,11222.435406438492,1.1538325850324327e-11,17377.5360247335,24223.105382408296,4.22178951797747e-11,0,24223.10538240834
2025-08-23,True,4087.4681444929465,9382.793439462965,Optimal,False,0.0,0.08907029998954386,0.07736189999559429,46933.1327161699,18804.60556485989,10465.937742063494,8.069184209702485e-12,16064.458743373514,26888.688442042483,2.7136722854925744e-11,0,26888.68844204251
2025-08-24,True,9382.793439462965,9403.118612240742,Optimal,False,1.5128868272633943e-16,0.07299260000581853,0.08034580000094138,76632.99506770086,19362.60031175779,15665.413597023811,1.5341949932690113e-11,9202.21886963356,48657.16638878515,5.2302246089652724e-11,0,48657.1663887852
2025-08-25,True,9403.118612240742,9167.865592153441,Optimal,False,0.0,0.07344049999665003,0.07986230000096839,75803.6835232618,20341.13789371056,16688.049411984124,43.43760853176543,1420.9456334004697,48262.211882660566,292.84458996336633,0,48555.05647262393
2025-08-26,True,9167.865592153441,9422.790403636685,Optimal,False,0.0,0.07861199999751989,0.07986629998777062,77425.37059940721,19919.499081836173,15905.36192595238,9.575673587391975e-12,7882.415060190095,49138.50424307934,3.853356089766891e-11,0,49138.50424307938
2025-08-27,True,9422.790403636685,9170.417448546299,Optimal,False,0.0,0.07831290000467561,0.07955439999932423,76386.97219000784,20583.74165052665,16899.966396507934,26.60090166667961,4815.648970989138,48775.82517494644,179.1856550883834,0,48955.01083003482
2025-08-28,True,9170.417448546299,4716.728792108469,Optimal,False,0.0,0.07172730000456795,0.08077549999870826,72896.2453131163,15946.736414020672,16925.176286150792,63.56616666668576,3170.4563685797752,47510.305202528936,428.25233350006397,0,47938.557536029
2025-08-29,True,4716.728792108469,4639.684338348764,Optimal,False,0.0,0.07783139999082778,0.07927149999886751,41589.54486187359,14144.864907003232,11526.680583056352,6.850742195751991e-12,16416.14018792672,24911.552893088698,2.3959376482807215e-11,0,24911.552893088723
2025-08-30,True,4639.684338348764,9043.24001168298,Optimal,False,0.0,0.09860399999888614,0.08163840000634082,46884.02482552714,18116.557129640405,10711.211169007935,1.0264455951869422e-11,20965.95903156135,27039.78513929519,3.634107115235708e-11,0,27039.785139295225
2025-08-31,True,9043.24001168298,9545.093307246914,Optimal,False,1.4953464187569313e-16,0.06930909999937285,0.08371160000388045,77981.46193952723,20228.794558269154,15933.655626190475,2.3990842857286316,7042.099008400954,49435.91887459461,16.209412976472496,0,49452.12828757108
2025-09-01,True,9545.093307246914,10800.0,Optimal,False,0.0,0.07217890000902116,0.07896990000153892,76142.61348684598,17367.676732492648,12938.402129841268,5.9046101341664325e-12,18139.204350861266,48383.99278561297,2.55169467777705e-11,0,48383.992785613
2025-09-02,True,10800.0,10800.0,Optimal,False,0.0,0.07004709998727776,0.08058639999944717,75025.57613752598,18006.986330785814,14585.65892793651,3.9470648971473565e-12,17546.492884676674,47941.64610985117,1.788998460483526e-11,0,47941.646109851186
2025-09-03,True,10800.0,10800.0,Optimal,False,1.5276142910528028e-16,0.07114200000069104,0.08376819999830332,74717.47595988047,15947.864602194792,12917.770327777782,2.3305801732931286e-12,16139.664435463459,47793.070377961616,1.1972950630934064e-11,0,47793.07037796163
2025-09-04,True,10800.0,7915.282014570547,Optimal,False,0.0,0.09142720000818372,0.08343439998861868,69270.92239740741,14214.404807978643,14109.914081349209,3.7552183584921295e-12,15240.866120777984,45434.41526939044,1.7384593320457496e-11,0,45434.415269390454
2025-09-05,True,7915.282014570547,7985.530693625219,Optimal,False,0.0,0.08473440000670962,0.08095560000219848,37700.55673550595,14645.899844180869,11799.9550626373,8.043343768804334e-12,28030.350287295725,22977.868206644467,2.7802926183539968e-11,0,22977.868206644496
2025-09-06,True,7985.530693625219,10754.581671017198,Optimal,False,0.0,0.07224799999676179,0.08025289999204688,38270.46852466588,19436.365785698115,13251.310406762694,1.0335288180840507e-11,24364.329445730466,21695.641886095895,3.2613342026976965e-11,0,21695.641886095927
2025-09-07,True,10754.581671017198,10085.682478061288,Optimal,False,0.0,0.07812369999010116,0.08405279999715276,65139.452744472364,18072.359047411326,15240.620102063494,5.263345315142942e-12,7346.730182457879,41541.18262842136,2.3318673214589582e-11,0,41541.18262842138
2025-09-08,True,10085.682478061288,7836.442863873456,Optimal,False,0.0,0.08125060000747908,0.08065309999801684,53581.20426574907,16315.498281701444,15239.86926094722,6889.994288338509,1.5548451415270392e-11,32693.633064314337,37319.834624881805,0,70013.46768919614
2025-09-09,True,7836.442863873456,7930.343039867284,Optimal,False,0.0,0.08139600000868086,0.07846969999081921,57867.46668408346,21316.19908881442,17181.611103545238,2853.3525762420777,3483.3970083896847,35078.17972235507,16412.493885112257,0,51490.673607467324
2025-09-10,True,7930.343039867284,8137.299535904321,Optimal,False,0.0,0.08076189999701455,0.07840830000350252,57967.63773244366,18145.248513239763,14511.390449290875,7074.199885949685,91.98090444445909,35428.02758151251,41057.15315104639,0,76485.1807325589
2025-09-11,True,8137.299535904321,3237.6858501058196,Optimal,False,0.0,0.15334449999500066,0.07974009998724796,54222.399273291696,15839.249334378308,17239.444278065082,1590.6706043952502,3717.1790380403836,34114.15199310394,9504.203136853086,0,43618.355129957024
2025-09-12,True,3237.6858501058196,4100.130565414463,Optimal,False,0.0,0.07079779999912716,0.08025320000888314,32306.451727896336,15321.065433238293,11633.86275714524,156.2554329341333,17223.848284737418,17736.982903476197,575.6278807159216,0,18312.61078419212
2025-09-13,True,4100.130565414463,9151.141389561284,Optimal,False,0.0,0.08299949999491218,0.0801082999969367,37877.95829826622,19876.210691781795,11553.820918611116,1.0947687201223744e-11,21548.467041762215,20296.683183043773,3.6262696845312804e-11,0,20296.68318304381
2025-09-14,True,9151.141389561284,8674.642429118607,Optimal,False,0.0,0.0759299000055762,0.07986579999851529,64808.25882070743,20593.743723748776,17109.78148063492,1.7500223492561418e-11,1224.9718275935898,40255.94343793201,5.981059536530608e-11,0,40255.94343793207
2025-09-15,True,8674.642429118607,9057.592366,Optimal,False,0.0,0.07934129999193829,0.08006209999439307,67379.8901001117,21422.59110990937,17007.643855833332,16.492731587315124,7914.404944289651,41764.21208490332,113.99275762417297,0,41878.2048425275
2025-09-16,True,9057.592366,8706.555617746912,Optimal,False,0.0,0.07697199999529403,0.07837930000096094,66005.68780006956,20024.942733422497,16536.136687500002,35.54556730160161,3060.6573381153426,41269.53138698638,153.92014200782188,0,41423.45152899421
2025-09-17,True,8706.555617746912,9030.772985808642,Optimal,False,0.0,0.07653370000480209,0.0783510000037495,67670.97186915638,21198.603912043898,16879.0735375,4.316503412710954,3395.6395980251923,42041.34061519049,19.63793227611333,0,42060.978547466606
2025-09-18,True,9030.772985808642,4452.718895128748,Optimal,False,0.0,0.1274202999920817,0.07350280000537168,61720.771382697436,15780.378981696058,16902.355656785712,1.316563524866865e-11,3886.696941120437,39544.071443447196,4.457528018919632e-11,0,39544.07144344724
2025-09-19,True,4452.718895128748,5505.657669630506,Optimal,False,0.0,0.149727999989409,0.07628999999724329,34283.85922230109,15556.757680957275,11653.32882452381,1.0678569140054606e-11,14279.078049200974,19086.38698624231,3.744192911270261e-11,0,19086.386986242345
2025-09-20,True,5505.657669630506,9376.114994958556,Optimal,False,0.0,0.13300570000137668,0.07699659999343567,37795.34035364207,19605.677864670783,12397.18747758809,9.526157640493693e-12,14941.41623322605,20602.26629105554,3.656860148026908e-11,0,20602.266291055577
2025-09-21,True,9376.114994958556,9165.765989373018,Optimal,False,0.0,0.07378219999372959,0.08068620000267401,69961.60004456936,18370.199981889084,15069.176090357143,1.266253768505976e-11,8373.088669704102,43742.70767428773,4.366541206390906e-11,0,43742.707674287776
2025-09-22,True,9165.765989373018,9051.714581634918,Optimal,False,0.0,0.07368240000505466,0.07738119999703486,69484.1901876504,19385.091736013128,15804.570573134926,12.92132666667867,5302.570468105538,43436.506112329866,53.92176819115091,0,43490.42788052102
2025-09-23,True,9051.714581634918,9280.386826857586,Optimal,False,0.0,0.07383789999585133,0.0770568000007188,71311.17578796243,20852.3727845439,16684.61693478016,123.38227937382372,5150.186634239189,44469.0749329396,443.5745693818851,0,44912.64950232148
2025-09-24,True,9280.386826857586,9383.27938418871,Optimal,False,0.0,0.13007509999442846,0.07207610001205467,70776.32825215216,20339.970949160783,16382.773167222222,9.78905845272493e-12,5755.905370213616,44216.223232473196,3.920592561712511e-11,0,44216.22323247323
2025-09-25,True,9383.27938418871,5580.269569473546,Optimal,False,0.0,0.13188849999278318,0.07790839999506716,66467.93461100334,15333.686009516952,15842.99450095238,13.705786388903727,6655.499988827665,42716.5587938455,92.28105975643602,0,42808.83985360194
2025-09-26,True,5580.269569473546,5933.7114063840445,Optimal,False,0.0,0.1994760999950813,0.07627619999402668,34782.109341143936,14664.358158099647,11560.032454841266,9.181544413650045e-12,13983.540137885568,19577.851093631423,3.663908398898741e-11,0,19577.85109363146
2025-09-27,True,5933.7114063840445,9015.458503532187,Optimal,False,2.2380404542049587e-16,0.11379960000340361,0.07519940000202041,38568.127046476584,19196.344797967373,12775.466898920246,1.2537255955624715e-11,14345.946897429467,21234.954774652306,4.3290099404486026e-11,0,21234.95477465235
2025-09-28,True,9015.458503532187,9267.318289069224,Optimal,False,1.6267660922190826e-16,0.07655089999025222,0.07880780000414234,72195.9349366113,21277.094102340776,17007.772415912696,1.584536388902177,4440.56861990546,45278.361691791106,10.682152065743104,0,45289.043843856845
2025-09-29,True,9267.318289069224,9234.514605947092,Optimal,False,0.0,0.07425940000393894,0.0792723000049591,73238.70707638645,20362.893807455905,16523.467298849206,25.04952726191621,6664.438495041659,45955.739898251224,130.2139042948063,0,46085.95380254603
2025-09-30,True,9234.514605947092,9520.441232706793,Optimal,False,0.0,0.07136119999631774,0.08065079999505542,73632.55368287968,21403.280375950908,17079.323140436507,14.106576944458185,3900.528257643067,46546.44296329978,95.31108712518021,0,46641.754050424955
2025-10-01,True,9520.441232706793,10800.0,Optimal,False,1.5893515846896991e-16,0.06804050000209827,0.07918739999877289,73872.63035570252,17905.992738742403,13352.25122781746,9.691802915767767e-12,19657.36731144426,46356.9938160693,3.113337143645367e-11,0,46356.99381606933
2025-10-02,True,10800.0,8053.126509810846,Optimal,False,0.0,0.12712520000059158,0.0814851000031922,66865.36783540076,14838.961114075542,14491.744643571428,5.31841237716435e-12,14787.368248229977,43105.21597941301,1.9267407225243004e-11,0,43105.215979413035
2025-10-03,True,8053.126509810846,8010.903694757938,Optimal,False,0.0,0.086218700002064,0.07497519999742508,32336.035169068535,15407.417460077897,12518.008676210715,1.0746958878371515e-11,21629.472685201363,18138.611706432155,3.348218768906008e-11,0,18138.611706432188
2025-10-04,True,8010.903694757938,10800.0,Optimal,False,0.0,0.14570990001084283,0.07763450000493322,37985.07776539246,18733.578237017442,12664.011697266273,9.203304784932698e-12,18819.528792307967,21254.173264207588,2.7976549965558208e-11,0,21254.173264207617
2025-10-05,True,10800.0,10800.0,Optimal,False,0.0,0.07285500000580214,0.07703480000782292,68794.42389971144,17997.14599872624,14577.688258968255,3.8120617773529375e-12,10639.005093286794,43616.898600037704,1.5700198474632997e-11,0,43616.89860003772
2025-10-06,True,10800.0,10800.0,Optimal,False,0.0,0.0734591999935219,0.07486219999555033,68615.36304199931,18516.881703360763,14998.67417972222,8.480438573599258e-12,7364.04626836078,43789.462271709825,3.345870641657811e-11,0,43789.46227170986
2025-10-07,True,10800.0,10800.0,Optimal,False,0.0,0.07611109998833854,0.07748350000474602,67601.66052086714,19370.971005976873,15690.486514841268,5.806272129760259e-12,6149.613029731542,43014.574599390966,2.0883012874506336e-11,0,43014.57459939099
2025-10-08,True,10800.0,9163.430660367725,Optimal,False,0.0,0.07849590000114404,0.07825550000416115,62990.26961748726,18723.658523277485,16639.075809523812,6.6417982225175365e-12,4427.191237066931,38895.85752454146,2.78297802580596e-11,0,38895.85752454149
2025-10-09,True,9163.430660367725,5091.180862014109,Optimal,False,0.0,0.13783009999315254,0.07593190000625327,59867.56571224035,16133.011266076815,16732.763944040475,573.4534487373107,5280.790155607992,36826.82584265318,3702.5026211105715,0,40529.328463763755
2025-10-10,True,5091.180862014109,5813.093701667107,Optimal,False,0.0,0.15050020000489894,0.07734350000100676,32058.62771841466,16702.087380725552,12878.9692227,501.3294201571487,19393.22806387959,16111.14617729176,2597.2922157602084,0,18708.43839305197
2025-10-11,True,5813.093701667107,8709.868212308204,Optimal,False,0.0,0.11271950000082143,0.08106650000263471,35676.45869030522,19173.78344321527,12923.667529427381,212.3633039853276,15532.392497169323,17881.95495468514,1298.176877262287,0,19180.131831947427
2025-10-12,True,8709.868212308204,8871.496559700177,Optimal,False,0.0,0.0743400999926962,0.07628750000731088,66938.11025195914,20323.53313466833,16316.596326428571,9.79459841271334,4426.012058798763,41063.38848879734,45.87789896512996,0,41109.26638776247
2025-10-13,True,8871.496559700177,9142.414299395503,Optimal,False,0.0,0.07766449998598546,0.07721980000496842,67395.40327140702,20473.965070413975,16340.085741309527,1.007283145781912e-11,6234.1286423025795,41508.84473112674,3.3716365699376635e-11,0,41508.844731126774
2025-10-14,True,9142.414299395503,8975.224700674165,Optimal,False,0.0,0.07671170000685379,0.08210780000081286,67823.35796347051,20903.54413678229,17082.341389642857,9.198419803624347e-12,3228.3259329977495,41710.04559596838,3.2874885924627505e-11,0,41710.04559596842
2025-10-15,True,8975.224700674165,9113.07722267328,Optimal,False,0.0,0.07190460000128951,0.07974699999613222,68232.13477947237,20860.653755582014,16773.06227222223,1.4239276424632408e-11,2224.5196461125925,42126.81398035417,4.839983880344789e-11,0,42126.81398035422
2025-10-16,True,9113.07722267328,6190.9976206926785,Optimal,False,0.0,0.07607389999611769,0.0789294999995036,66313.29545992994,18065.572337060545,17262.985234801585,407.7136677777928,2951.9490754487765,41699.207649997006,1530.508251407593,0,43229.7159014046
2025-10-17,True,6190.9976206926785,6594.371513457229,Optimal,False,0.0,0.11685269999725278,0.07768270000815392,34042.83813152312,15801.289749015286,12436.008193214286,9.942269230123202e-12,14673.357259055469,18044.368560661253,3.2756561907376636e-11,0,18044.368560661285
2025-10-18,True,6594.371513457229,9650.54813012919,Optimal,False,0.0,0.07732170000963379,0.07916770000883844,36185.49367709484,18497.721498095238,12232.59545845238,1.0448530929352273e-11,13843.774370785328,19052.785632647392,3.485862354324354e-11,0,19052.78563264743
2025-10-19,True,9650.54813012919,9085.515343989859,Optimal,False,0.0,0.0729175999877043,0.07582199999887962,71210.09469814031,21239.312855690765,17712.37292063492,1.4868106745780096e-11,3797.4322297511476,44069.77487826388,5.747678066825301e-11,0,44069.77487826394
2025-10-20,True,9085.515343989859,9041.102275076279,Optimal,False,0.0,0.07199199999740813,0.07630559999961406,72050.49840392465,21612.932123526843,17546.44678207897,448.37667554009204,3991.607371350201,44582.14812607327,2149.7163856944276,0,46731.86451176769
2025-10-21,True,9041.102275076279,9194.787943207231,Optimal,False,0.0,0.0807658999983687,0.07671210000989959,73329.26278499902,22000.86185553645,17682.38100166667,1.4571011064390404e-11,2548.2005811292524,45320.40622604478,4.4757983763688e-11,0,45320.406226044826
2025-10-22,True,9194.787943207231,8959.286334087303,Optimal,False,0.0,0.07275839999783784,0.07783749999362044,73934.76026695964,22047.390534400354,18070.337781072223,77.26270380874156,4480.073517440248,45640.83912970835,374.97655874776876,0,46015.81568845612
2025-10-23,True,8959.286334087303,6796.129726299383,Optimal,False,0.0,0.1771403000020655,0.07950890000211075,72714.15773361502,18241.58162744317,16722.522065238096,9.7497565576532e-12,7815.601138076632,45653.4495380853,3.619295785295407e-11,0,45653.44953808533
2025-10-24,True,6796.129726299383,6798.009929026892,Optimal,False,0.0,0.12542430000030436,0.0804152999917278,33734.12914301636,16577.726116346268,13426.265971785719,7.687850356319359e-12,12162.618281789157,17845.786390340578,2.7034405380987893e-11,0,17845.786390340603
2025-10-25,True,6798.009929026892,8852.59617238977,Optimal,False,0.0,0.0813825000077486,0.07810649999009911,36748.92613193906,18560.863818169222,13185.172073690479,8.979483823168266e-12,11974.80165412699,19124.988659560964,3.086524724693618e-11,0,19124.988659560993
2025-10-26,True,8852.59617238977,9396.473388436065,Optimal,False,0.0,0.07089490001089871,0.08166300000448246,74413.00759691064,21382.33799044337,16830.20427781747,1.1372236485840403e-11,5316.5618676180775,46197.01874318642,3.731874897994203e-11,0,46197.018743186454
2025-10-27,True,9396.473388436065,9119.603600836417,Optimal,False,0.0,0.07535179999831598,0.08172300001024269,73732.41407127376,21097.572900952382,17338.216858611115,19.744933333349906,6440.221295599173,45782.04932698385,92.48526773339042,0,45874.53459471724
2025-10-28,True,9119.603600836417,8947.02068112037,Optimal,False,0.0,0.07490859999961685,0.07734030000574421,73754.45898186362,21660.460437724865,17700.297582301584,1.553734918502414e-11,3821.8744264403517,45689.04371298699,5.2699414609946874e-11,0,45689.04371298704
2025-10-29,True,8947.02068112037,8882.74460042284,Optimal,False,0.0,0.07849879999412224,0.08012929999676999,74026.68339734421,22664.361298462667,18415.98112438254,804.9415286333508,1270.9879518974317,46035.91546434531,3930.7372211460784,0,49966.65268549138
2025-10-30,True,8882.74460042284,7122.87513473854,Optimal,False,0.0,0.11483829999633599,0.07649149998906069,73487.71655781452,19206.732274607093,17141.33566154762,1.5440093648066977e-11,6634.502294755059,46074.16604838145,5.414955328575388e-11,0,46074.1660483815
2025-10-31,True,7122.87513473854,7419.880952857142,Optimal,False,0.0,0.09067499999946449,0.07387030000973027,35297.9075297183,16819.484869779048,13356.477508214288,8.153921982057e-12,7930.60810148688,18923.16113012304,2.876875604407303e-11,0,18923.16113012307
2025-11-01,True,7419.880952857142,9595.035506024693,Optimal,False,0.0,0.09873260000313167,0.08303760000853799,37000.21771742857,18750.50387828924,13230.269043563489,1.1859624393650847e-11,8935.9444493695,19650.56509045035,4.483811522071335e-11,0,19650.565090450393
2025-11-02,True,9595.035506024693,8790.725520500002,Optimal,False,0.0,0.06559509999351576,0.07908290000341367,76743.3656627817,21850.014737581325,18422.390924413095,60.91889388890149,4580.276810169032,47806.24525493517,424.9702037689232,0,48231.21545870409
2025-11-03,True,8790.725520500002,9277.37485789903,Optimal,False,0.0,0.07909270000527613,0.07634840000537224,79047.19955619125,20985.447815540854,16560.22832692897,1.753164280415831e-11,5117.049784246047,49343.57383538582,5.687078735716611e-11,0,49343.573835385876
2025-11-04,True,9277.37485789903,8819.448987068781,Optimal,False,0.0,0.07534000001032837,0.08196360000874847,78073.37594469989,20663.259653829118,17149.37360334881,20.865938730175674,7000.283799616421,48713.933295070376,97.73605701211828,0,48811.66935208249
2025-11-05,True,8819.448987068781,9412.221373650795,Optimal,False,1.5096569418960576e-16,0.0668671000021277,0.08152839999820571,78643.60195853112,22301.480961054767,17530.70443053055,5.0002738777941005,4199.805635218026,49153.98080629707,10.698085961558974,0,49164.67889225863
2025-11-06,True,9412.221373650795,7185.715278070547,Optimal,False,0.0,0.11883619999571238,0.07580740000412334,75443.59965087737,20329.4899259563,18470.742326046828,654.4994722194598,2869.7669731873525,47541.25889272369,3192.8297700006588,0,50734.088662724345
2025-11-07,True,7185.715278070547,7590.95837901367,Optimal,False,0.0,0.16655770000943448,0.07987620000494644,35889.02847618019,18036.546340309134,14244.88374480159,8.799849737783916e-12,8778.904097339318,19191.27675569483,3.444976837130298e-11,0,19191.276755694864
2025-11-08,True,7590.95837901367,9307.707631895062,Optimal,False,0.0,0.08124280000629369,0.07944249999127351,37410.90272059769,18612.441669868214,13531.003425000003,6.235900684714579e-12,8538.257375729481,19720.749500102447,2.2858921422397318e-11,0,19720.74950010247
2025-11-09,True,9307.707631895062,8848.28320477249,Optimal,False,1.4842349188876278e-16,0.07335859999875538,0.07925640000030398,78987.53792490593,21117.284007243783,17518.48203027778,1.8946288982135684e-11,4041.9187646066193,49563.363444114126,7.527120238215446e-11,0,49563.3634441142
2025-11-10,True,8848.28320477249,8736.979531669755,Optimal,False,0.0,0.06396710000990424,0.07786660001147538,79417.17124918335,22677.22039992651,18468.72182973294,59.98953439208065,1410.2191133818485,49669.86067609419,384.6257897173505,0,50054.48646581154
2025-11-11,True,8736.979531669755,8998.439999959875,Optimal,False,0.0006549049025180498,0.041379000002052635,0.08128179999766871,81165.14439370026,21569.441133148153,17235.9328963889,1.2410683591923544e-11,5272.616490274357,50842.640566367176,4.1416957946571744e-11,0,50842.64056636722
2025-11-12,True,8998.439999959875,8982.37460090741,Optimal,False,0.0,0.07925349999277387,0.08037579999654554,81309.0485282631,21733.483925291497,17618.580838633334,1.2104539592883157e-11,6238.15769160495,51083.839194266315,4.050619589746063e-11,0,51083.83919426636
2025-11-13,True,8982.37460090741,7925.271833614199,Optimal,False,2.098980253702154e-16,0.08899830000882503,0.07535429998824839,79874.46335601002,19737.842833350474,16939.045185577776,1.5942358544407398e-11,4679.794391570665,50551.7663053194,6.129388752107446e-11,0,50551.766305319456
2025-11-14,True,7925.271833614199,7980.041527833336,Optimal,False,0.0,0.13816669999505393,0.07448250000015832,35997.44934099451,17199.768789873113,13882.519995,1.3146816968401254e-11,5081.74524612141,19310.4984078448,5.0090589454043764e-11,0,19310.49840784485
2025-11-15,True,7980.041527833336,9002.8792245463,Optimal,False,0.0,0.14204089999839198,0.07975010000518523,37222.20879897805,18952.781223713988,14431.198864166665,1.4456436048249088e-11,4488.739522764074,19774.17576829652,4.693429045410369e-11,0,19774.17576829657
2025-11-16,True,9002.8792245463,8936.571110481484,Optimal,False,0.0001258098583079683,0.04063799999130424,0.07766039999842178,82459.96194605967,22421.29496448216,18220.926223888884,1.8335111207079535e-11,3825.0488221330806,51941.97994143437,6.620197323670141e-11,0,51941.97994143444
2025-11-17,True,8936.571110481484,9149.900507249999,Optimal,False,0.0,0.07706140000664163,0.0760290000034729,83262.79283639573,21762.08416341906,17435.291715277774,1.54207757674385e-11,6240.24605492114,52464.4528217482,5.780591894044562e-11,0,52464.45282174826
2025-11-18,True,9149.900507249999,8970.390359385801,Optimal,False,0.0008393361605820252,0.041841400001430884,0.08264630001212936,82484.61004961592,21534.28583536352,17604.33065972223,1.5480172699255945e-11,3664.103040641309,52135.608200109644,4.7817661552596034e-11,0,52135.608200109695
2025-11-19,True,8970.390359385801,8770.199912129625,Optimal,False,0.0,0.042407100001582876,0.08562920000986196,83006.31204285665,22845.308821978735,18684.871548333336,1.3850000000154772,3478.948169211271,52356.20094624489,6.30105750005331,0,52362.50200374494
2025-11-20,True,8770.199912129625,8239.167225416668,Optimal,False,0.0,0.10390190000180155,0.07672459998866543,82486.2237469033,21410.81094377573,17820.686282500003,1.808686533877335e-11,4103.023052294258,52197.049826002345,7.057933570919772e-11,0,52197.04982600242
2025-11-21,True,8239.167225416668,8482.900809018522,Optimal,False,0.0,0.07440859999042004,0.08316070000000764,37059.265048395064,17974.470858665984,14339.961170277778,1.2137846283621911e-11,4560.371293340207,19873.72368991863,4.062763903078803e-11,0,19873.72368991867
2025-11-22,True,8482.900809018522,9014.92809818827,Optimal,False,0.0,0.07552639998903032,0.07948640000540763,37778.38749609396,18802.030494482162,14750.82014027778,1.562772133922863e-11,3507.3476585562585,20098.45720580455,4.51676701596071e-11,0,20098.457205804592
2025-11-23,True,9014.92809818827,8929.775895824074,Optimal,False,0.0009129637061856489,0.0666540999955032,0.08302120000007562,83987.5346799639,23076.10201971879,18768.279618099998,7.274626900015274,4454.890621911782,53079.32684643619,29.062134465555424,0,53108.38898090174
2025-11-24,True,8929.775895824074,8672.592013512347,Optimal,False,0.0,0.0707953999954043,0.08001399999193382,84303.85810454046,21304.79209475652,17488.347090833337,15.860516666685463,6341.329917283965,53125.99318486538,74.29066006673662,0,53200.28384493211
2025-11-25,True,8672.592013512347,8923.713516253085,Optimal,False,0.0,0.06153819999599364,0.07864340000378434,84178.97817194101,23226.821091522634,18587.71573166667,1.4635403999818664e-11,3371.212345418395,53073.79989678316,5.5405390941842826e-11,0,53073.79989678322
2025-11-26,True,8923.713516253085,9043.592250691356,Optimal,False,0.0,0.06507489999057725,0.0849686000001384,84303.34685708504,23451.6456932716,18887.94215055555,28.79267500001673,3010.7691060356833,53236.89077898713,134.86488970006474,0,53371.7556686872
2025-11-27,True,9043.592250691356,8500.490815944444,Optimal,False,0.0,0.0818320000107633,0.08252070000162348,83749.68060740054,21843.030146577505,18181.64571,1.5012879828191217e-11,4307.403437489728,53111.98418788164,6.008840136573213e-11,0,53111.984187881695
2025-11-28,True,8500.490815944444,8403.656875228395,Optimal,False,0.0,0.07390489999670535,0.0811799999937648,38516.728059742796,18495.640814156377,15068.619606111111,1.5488055282730784e-11,4168.468301697544,20520.136482502094,5.121775181748944e-11,0,20520.136482502145
2025-11-29,True,8403.656875228395,8961.782995623455,Optimal,False,0.0,0.07276439999986906,0.07966819999273866,39540.34638506858,19239.68260290809,15081.8294,2.1589396936860794e-11,453.0430821605155,20923.818934463226,8.134622464517349e-11,0,20923.818934463307
2025-11-30,True,8961.782995623455,8855.359487555557,Optimal,False,0.0,0.04043700000329409,0.08066730000427924,87162.66251708505,24298.481914903976,19777.55150833333,6.06283333334834,2402.966827181087,55213.317525309845,28.398311333391007,0,55241.715836643234
2025-12-01,True,8855.359487555557,8649.076254388885,Optimal,False,0.0,0.03986209999129642,0.07890330000373069,88278.37013104938,24603.933363827153,20114.84093455,3786.3864237833536,1276.7363922222453,55895.74856819055,15150.021727690635,0,71045.77029588119
2025-12-02,True,8649.076254388885,8546.976842999999,Optimal,False,4.086022615964732e-06,0.04078270000172779,0.08017129999643657,89458.97512179012,24589.604498456792,20009.469114,4116.775328777793,357.8051161111282,56821.915767809725,16975.517979540422,0,73797.43374735015
2025-12-03,True,8546.976842999999,8784.187384506175,Optimal,False,3.3908016731742756e-05,0.07173520000651479,0.08177879999857396,90171.62054852222,24378.078691083676,19532.754252422223,2300.552699611127,464.10024280522225,57458.31433197828,7713.051060413533,0,65171.36539239182
2025-12-04,True,8784.187384506175,8670.1058175,Optimal,False,1.8352330801506675e-16,0.07615560000704136,0.07952369999838993,90287.37608702331,24746.260680919062,20147.14456185,2962.6065203722333,1879.6577383264867,57657.948534964176,10473.770911604835,0,68131.71944656901
2025-12-05,True,8670.1058175,8690.854518586422,Optimal,False,0.0,0.07579709999845363,0.07801889999245759,44032.12311648121,20176.325509794235,16324.14983195555,1899.0714551777914,767.3912104869834,23165.571036029283,6571.706887778218,0,29737.2779238075
2025-12-06,True,8690.854518586422,8525.174263203702,Optimal,False,0.0,0.08263270001043566,0.07965390000026673,44439.26381807956,18971.493395857335,15516.02188048889,2820.0398322889005,139.20131833335105,23319.25299326508,11910.664227136926,0,35229.91722040201
2025-12-07,True,8525.174263203702,8652.097726611111,Optimal,False,0.00011606475501786224,0.039966399999684654,0.0814548000053037,92419.6753603389,24883.939834602195,20041.76014896111,915.1726451444542,839.987069842262,59100.191611057366,2360.997018525184,0,61461.18862958255
2025-12-08,True,8652.097726611111,8923.470709543213,Optimal,False,0.0,0.07280470000114292,0.07497370000055525,93845.783856262,25505.167792908094,20414.950227616668,285.40650238334695,1193.7616766872566,59943.76571920564,787.6503627392659,0,60731.41608194491
2025-12-09,True,8923.470709543213,8718.017673172837,Optimal,False,0.0,0.07017059999634512,0.08165839999855962,94161.8216296502,25450.283242750338,20799.637159361115,246.29249563890318,2369.0137752332143,60133.11709334463,1298.098516415592,0,61431.21560976022
2025-12-10,True,8718.017673172837,8889.736236746914,Optimal,False,0.0,0.07707709999522194,0.07637749999412335,94155.8895105144,25419.633477359395,20435.356409444445,15.28703666668756,799.2810125994719,60144.51102612582,61.07171148341256,0,60205.582737609235
2025-12-11,True,8889.736236746914,9106.131018216052,Optimal,False,0.0,0.07160189999558497,0.07790200000454206,104200.27336417009,21903.26438990398,17546.8888525,8.993694677883468e-12,13882.643126766121,67342.40084462715,4.148686727489803e-11,0,67342.40084462719
2025-12-12,True,9106.131018216052,9039.754392966051,Optimal,False,0.0,0.08101490000262856,0.07972249999875203,53754.64851716735,18807.506319681066,15293.819081666667,9.454659277707833e-12,6526.547795819625,28489.801845143942,3.5703845213674866e-11,0,28489.80184514398
2025-12-13,True,9039.754392966051,9175.32857072839,Optimal,False,0.0,0.084530200008885,0.07733249999000691,55002.066169591904,19234.142831601504,15457.638933611113,9.662493027917662e-12,7427.028888268194,29034.909349232676,3.4385812419657214e-11,0,29034.90934923271
2025-12-14,True,9175.32857072839,9019.969524003087,Optimal,False,0.00035845846590315636,0.041149199998471886,0.0776802000036696,101336.08068669424,22990.628173103567,18762.231962266666,1.0373035763677763e-11,8328.962675857352,65426.59569325279,3.817136962069867e-11,0,65426.59569325283
2025-12-15,True,9019.969524003087,9047.029234132719,Optimal,False,0.0,0.03860580000036862,0.08603590000711847,101315.0648885631,23516.242668319617,19023.80282222222,1.4284573524037114e-11,7353.067075799054,65215.68720380037,5.274560699319863e-11,0,65215.68720380042
2025-12-16,True,9047.029234132719,8966.848058827158,Optimal,False,0.0007221147220738281,0.05890089999593329,0.08422940000309609,101773.97098650277,22894.104032784635,18616.38732433056,1.2532197501968767e-11,8078.162944715378,65940.23692990313,4.0532166956097627e-11,0,65940.23692990317
2025-12-17,True,8966.848058827158,8957.378778793209,Optimal,False,2.783192804909275e-05,0.04030300000158604,0.09081680000235792,101251.43825158093,22304.81103315844,18075.419288888894,1.3505641049960104e-11,8830.199440644732,65107.04888145969,4.645834206229438e-11,0,65107.048881459734
2025-12-18,True,8957.378778793209,8973.474619666666,Optimal,False,0.0,0.0791826999920886,0.08483210000849795,100593.23980932441,23669.81225666324,19158.061671111118,1.190958442975898e-11,8715.222257105635,64801.71813360938,4.112791840427121e-11,0,64801.71813360942
2025-12-19,True,8973.474619666666,8899.889448725311,Optimal,False,0.0,0.08379800000693649,0.08550970000214875,54282.44085188272,18716.373964043207,15226.489564722218,1.5023315924622693e-11,7884.165152561744,28783.15272740118,5.067557895532815e-11,0,28783.15272740123
2025-12-20,True,8899.889448725311,9074.067465533948,Optimal,False,0.0,0.07249560000491329,0.07612059998791665,54333.42975411523,19327.306730953354,15498.358236944445,8.594014389018412e-12,7648.129010106323,28792.70803777393,3.335648912639044e-11,0,28792.708037773962
2025-12-21,True,9074.067465533948,9088.185544478398,Optimal,False,0.0006506902563377648,0.04080479999538511,0.07893329999933485,100750.89761490833,22708.27111457819,18380.99333175833,9.375389353749597e-12,7385.837965421819,65241.17657256557,3.5998104719325853e-11,0,65241.17657256561
2025-12-22,True,9088.185544478398,8674.673349339502,Optimal,False,0.0006087978676034372,0.04113409999990836,0.07868540000345092,100939.79094659838,23150.41863849794,19124.00007280834,7.322142892007832e-12,7975.945297575457,65019.383309469566,2.8647453298447087e-11,0,65019.383309469595
2025-12-23,True,8674.673349339502,9182.402782660496,Optimal,False,0.0,0.04052189999492839,0.07837869999639224,101837.92339883403,23399.08767625515,18496.30452777778,1.473099420223889e-11,9677.047717023335,65543.8616077422,5.516514167691611e-11,0,65543.86160774226
2025-12-24,True,9182.402782660496,8876.676322101854,Optimal,False,0.00034009360597970215,0.039944100004504435,0.08566050000081304,100711.22286076332,23267.940357205072,19122.18550383889,1.4513279467109896e-11,8710.908690730472,64804.78257547467,5.5112902241916117e-11,0,64804.782575474725
2025-12-25,True,8876.676322101854,8942.121642398146,Optimal,False,1.578117791796112e-16,0.07098829999449663,0.07677500000863802,100624.61517955762,23098.4440376406,18650.838882222226,1.2532197501968767e-11,8364.561490805918,64704.41590711426,5.029762384367587e-11,0,64704.41590711431
2025-12-26,True,8942.121642398146,9656.328314771612,Optimal,False,0.0,0.0806085000076564,0.08191459999943618,53936.22648909123,19627.048229934844,15255.123061111106,1.4554135674416102e-11,6556.67888693417,28679.99160453223,5.252160728552724e-11,0,28679.991604532283
2025-12-27,True,9656.328314771612,9314.334323774696,Optimal,False,0.0,0.07390649999433663,0.07931510001071729,53733.858717112475,18341.20606178669,15164.171501944445,1.3130385667636801e-11,7218.015090603577,28522.497771839,4.870114711508222e-11,0,28522.497771839047
2025-12-28,True,9314.334323774696,9262.867722138886,Optimal,False,0.0,0.03987450001295656,0.07921470000292175,100785.48707395403,22161.93974852537,17997.49113777778,1.1489420526089589e-11,9811.783713206461,65095.706191313584,4.684837515145368e-11,0,65095.70619131363
2025-12-29,True,9262.867722138886,9114.311953368606,Optimal,False,0.00010757074599433277,0.0381887999974424,0.07924499998625834,100573.5079242936,22247.673550382126,18154.315767702774,1.3066075998935389e-11,8956.383874947594,64899.74457106852,4.800822984984965e-11,0,64899.74457106857
2025-12-30,True,9114.311953368606,9002.02134387478,Optimal,False,0.0005438683384163887,0.04027489999134559,0.08328809999511577,99387.95812844043,22735.06972467568,18516.468025531743,1.1095124818893964e-11,8944.953829296508,63977.92216056955,4.107934969965754e-11,0,63977.92216056959
2025-12-31,True,9002.02134387478,1200.0,Optimal,False,4.241607673958958e-05,0.021766000005300157,0.08144589999574237,90902.7844749804,15544.221103934939,19612.638303674605,1.0952766471561404e-11,6324.778741386748,60264.6883460243,3.557535727116701e-11,0,60264.68834602433
