date,total_cost_yuan_new,total_cost_yuan_baseline,saving_yuan
2025-02-01,26184.765052134662,27815.774261120536,1631.0092089858736
2025-02-02,57239.53321039069,58113.41004256656,873.8768321758689
2025-02-03,56209.89299671269,57358.78690864853,1148.8939119358402
2025-02-04,56355.99598046443,57352.74012124491,996.7441407804799
2025-02-05,56075.85552346292,57107.26596258075,1031.4104391178334
2025-02-06,56169.35899642045,57654.23733331268,1484.8783368922304
2025-02-07,21843.05453654287,22838.45113779901,995.3966012561395
2025-02-08,21131.46559382506,22385.34213086034,1253.8765370352776
2025-02-09,54896.67062933737,55729.37603062525,832.7054012878798
2025-02-10,55411.361930233084,55961.84590546925,550.4839752361659
2025-02-11,54424.549006000605,55344.60696963871,920.057963638108
2025-02-12,54239.76250219981,54682.75617379522,442.99367159541
2025-02-13,49615.492873088224,50981.92665260798,1366.433779519757
2025-02-14,21958.456488213124,18543.29930398261,-3415.157184230513
2025-02-15,22773.419399990595,19600.59750557821,-3172.8218944123837
2025-02-16,56886.415596473176,53263.88941266506,-3622.5261838081133
2025-02-17,50843.76798078426,50106.55243195812,-737.2155488261342
2025-02-18,49868.70890406869,49261.24064704438,-607.4682570243094
2025-02-19,54038.984551410496,49283.73370322265,-4755.250848187847
2025-02-20,48974.96162475624,47683.883108745744,-1291.0785160104933
2025-02-21,17848.11136678795,18120.945831455017,272.83446466706664
2025-02-22,18864.01202691478,18909.27128625131,45.259259336529794
2025-02-23,49112.300236071445,48043.70440897636,-1068.5958270950869
2025-02-24,49884.15021614659,48132.192561456046,-1751.9576546905446
2025-02-25,47469.65988258199,47821.11474171192,351.4548591299317
2025-02-26,47220.61650963561,47370.761310816895,150.14480118128267
2025-02-27,50329.96878742497,48751.2913997806,-1578.6773876443694
2025-02-28,17541.357630931914,17427.346479031028,-114.01115190088603
2025-03-01,19547.29439995756,18620.50440528498,-926.7899946725774
2025-03-02,62329.686145875305,60922.26519121757,-1407.420954657733
2025-03-03,50192.40790974268,50382.2177816625,189.80987191981694
2025-03-04,49108.03547543273,50393.6355343298,1285.600058897071
2025-03-05,48328.09120692317,49561.65815682824,1233.566949905071
2025-03-06,45364.520187844464,46702.78183504487,1338.2616472004083
2025-03-07,15985.989886455598,16584.480228245957,598.4903417903588
2025-03-08,21267.570299873412,20303.9139633601,-963.6563365133115
2025-03-09,42708.784809995035,43763.39900306713,1054.6141930720914
2025-03-10,57360.18602661427,48533.03274481793,-8827.153281796338
2025-03-11,45349.10946708516,44479.47653714491,-869.6329299402496
2025-03-12,43594.06779847903,44409.4522801982,815.3844817191712
2025-03-13,49813.174090994056,45045.16582134686,-4768.0082696471945
2025-03-14,16635.817372210004,16387.320247381478,-248.49712482852556
2025-03-15,18285.43925576312,18236.39245243312,-49.04680333000215
2025-03-16,43230.236280407684,44652.35786152705,1422.1215811193688
2025-03-17,42037.9668297945,43579.57101931924,1541.60418952474
2025-03-18,41191.780587083034,42441.55337202955,1249.7727849465155
2025-03-19,40801.69131814189,42081.24395098583,1279.5526328439373
2025-03-20,40753.60779079331,39719.78418580444,-1033.8236049888656
2025-03-21,15378.564706232155,15736.772433428185,358.20772719602974
2025-03-22,17867.44461215013,18226.259113979475,358.8145018293435
2025-03-23,39995.74508839406,41693.665230691935,1697.920142297873
2025-03-24,40328.86908975497,40776.97367939312,448.1045896381547
2025-03-25,43269.8125142784,40584.341597524966,-2685.470916753431
2025-03-26,39059.893687483214,40619.68195775936,1559.788270276149
2025-03-27,37338.84269621262,38518.85994835605,1180.0172521434288
2025-03-28,14999.21695304401,15601.433053579824,602.2161005358139
2025-03-29,16653.08508157339,17084.068765854972,430.9836842815821
2025-03-30,37971.903100652315,38921.38870439305,949.4856037407371
2025-03-31,39435.98995905833,39895.187892741305,459.1979336829754
2025-04-01,48638.70534615338,42078.16560822159,-6560.539737931787
2025-04-02,48042.257331980014,46761.89658599271,-1280.360745987302
2025-04-03,37331.397986027936,38570.63286017584,1239.2348741479072
2025-04-04,14066.574921055493,14871.967663004489,805.3927419489955
2025-04-05,16534.28100888284,16968.125241515736,433.844232632895
2025-04-06,38431.98144934982,39436.21584595577,1004.2343966059489
2025-04-07,37665.64584869472,39124.3647869333,1458.7189382385768
2025-04-08,37546.6264226355,38543.6500130217,997.0235903862049
2025-04-09,42126.34425846032,39474.417622107765,-2651.926636352553
2025-04-10,35006.22704358065,36170.68614727166,1164.4591036910133
2025-04-11,14034.119462961924,14353.82083979788,319.70137683595567
2025-04-12,16082.663739612532,16839.371096847197,756.7073572346653
2025-04-13,36108.08402831556,37328.01796001009,1219.933931694526
2025-04-14,35865.4502270035,36971.89209514392,1106.4418681404204
2025-04-15,36135.36436100652,37361.298189479785,1225.9338284732657
2025-04-16,35779.69773092317,36848.54692838522,1068.8491974620483
2025-04-17,33102.729945415726,34218.31559600789,1115.585650592162
2025-04-18,13404.915583114533,13778.314564241296,373.39898112676383
2025-04-19,15762.961947505213,16140.355304814288,377.3933573090744
2025-04-20,34715.4470519498,36066.448466887865,1351.0014149380659
2025-04-21,34230.69868640432,35593.794199965974,1363.0955135616532
2025-04-22,35289.98349935741,35814.226056602645,524.2425572452339
2025-04-23,34659.880884383354,35739.704256494224,1079.82337211087
2025-04-24,31111.96952910387,32588.458451507737,1476.488922403867
2025-04-25,12487.974707930449,13031.6347968687,543.6600889382516
2025-04-26,14852.20832266256,15734.193653709986,881.9853310474264
2025-04-27,34058.2787125715,35243.29253292893,1185.0138203574315
2025-04-28,68719.39391597116,58078.13048598509,-10641.263429986066
2025-04-29,34355.01782312379,35476.38212149191,1121.3642983681202
2025-04-30,32612.59925550957,34006.07401140814,1393.4747558985728
2025-05-01,41448.19763677983,41079.91951737941,-368.2781194004201
2025-05-02,28611.79049398668,25806.005023632497,-2805.7854703541816
2025-05-03,26300.436007665856,23752.680638951373,-2547.7553687144828
2025-05-04,45372.16137696705,42810.992300835285,-2561.169076131766
2025-05-05,51843.24361914567,43738.81079166191,-8104.432827483761
2025-05-06,40852.99915575756,41117.20840561323,264.2092498556667
2025-05-07,47654.340133258826,45298.278213151054,-2356.0619201077716
2025-05-08,38388.54227647283,37058.659741170406,-1329.8825353024222
2025-05-09,15779.628374946338,16373.282743733034,593.6543687866961
2025-05-10,22574.116780042343,18403.438611782098,-4170.678168260245
2025-05-11,38835.1792617149,40372.223531617776,1537.044269902879
2025-05-12,37202.2116897655,39059.39761969553,1857.1859299300268
2025-05-13,36888.40201401674,38086.23916997929,1197.837155962552
2025-05-14,36881.14773065458,38101.62446122378,1220.4767305692003
2025-05-15,34849.728177261066,35741.26335823726,891.5351809761924
2025-05-16,14516.932073494232,15051.349893528588,534.4178200343558
2025-05-17,17297.338567600746,17986.45139920896,689.112831608214
2025-05-18,37360.777657551014,37691.20144475328,330.42378720226407
2025-05-19,36800.899232858195,38068.45415253864,1267.5549196804423
2025-05-20,36575.91306623812,37330.80454742099,754.8914811828654
2025-05-21,36969.614058336,37710.74387666085,741.1298183248437
2025-05-22,34290.63930768775,35089.7376020163,799.098294328549
2025-05-23,14814.689031188063,15240.342077424357,425.65304623629345
2025-05-24,17683.060123397725,18570.87861188025,887.8184884825241
2025-05-25,36811.237988180306,37828.255092757965,1017.0171045776588
2025-05-26,36190.43616759733,37346.30113873352,1155.864971136194
2025-05-27,36827.16208505441,38009.94382190109,1182.7817368466785
2025-05-28,36344.62330504104,37786.66117460769,1442.0378695666514
2025-05-29,34593.5074038951,34755.01369205544,161.5062881603444
2025-05-30,15536.017436942015,15403.431264017669,-132.5861729243461
2025-05-31,17258.283004652705,18609.02229177317,1350.7392871204647
2025-06-01,103403.38817833204,92823.023415914,-10580.364762418045
2025-06-02,81468.78439119477,72142.53496985046,-9326.249421344313
2025-06-03,73100.748512655,62069.91773861754,-11030.830774037458
2025-06-04,54093.1498233832,49357.86601969311,-4735.283803690094
2025-06-05,60875.62553808134,49953.39921891506,-10922.226319166279
2025-06-06,39984.81811705736,36198.70829132749,-3786.1098257298654
2025-06-07,27790.92969707306,26906.505906096598,-884.4237909764634
2025-06-08,51623.43685167609,53287.53909658866,1664.102244912574
2025-06-09,53750.42489807983,54797.68495112866,1047.260053048827
2025-06-10,57130.28474752747,57921.2088899575,790.9241424300344
2025-06-11,64484.37539464798,63009.0856229621,-1475.2897716858788
2025-06-12,53416.88863964444,54772.97619442118,1356.0875547767355
2025-06-13,24699.886699521947,25235.89415512914,536.0074556071922
2025-06-14,26899.823250688933,27212.88553373832,313.0622830493885
2025-06-15,54824.44500021709,56343.97014145205,1519.5251412349608
2025-06-16,54193.618572610954,55627.56966104989,1433.9510884389383
2025-06-17,52937.50621257163,54373.26063541593,1435.7544228443003
2025-06-18,54894.22161603193,56414.18156567519,1519.9599496432638
2025-06-19,52601.76164139504,54022.37235205062,1420.6107106555792
2025-06-20,23354.853011280054,22933.87640474556,-420.97660653449566
2025-06-21,25552.889148847473,25525.666271143546,-27.222877703927225
2025-06-22,50399.10915101704,51628.72610226015,1229.6169512431152
2025-06-23,50791.199216163855,52071.11980486394,1279.9205887000862
2025-06-24,67908.06049622394,61925.806942339696,-5982.253553884249
2025-06-25,52333.90861076218,54167.55205749552,1833.6434467333456
2025-06-26,51675.89385691257,53394.47692237841,1718.583065465842
2025-06-27,22257.747641866576,22539.441898624595,281.69425675801904
2025-06-28,23372.279036602155,23440.20734445559,67.9283078534354
2025-06-29,51490.378060749485,52799.57167961467,1309.193618865189
2025-06-30,52630.020919183786,52553.18922676097,-76.83169242281292
2025-07-01,59386.735785974015,58406.61356997352,-980.1222160004982
2025-07-02,61629.96003185019,60166.253964346215,-1463.7060675039756
2025-07-03,70970.44910191736,64767.04821422124,-6203.400887696116
2025-07-04,32871.305929195034,36989.83439992735,4118.528470732315
2025-07-05,38557.89876495058,42867.38679456391,4309.488029613327
2025-07-06,93830.21470061397,81838.02838490906,-11992.186315704908
2025-07-07,51914.55986743903,53972.14818607743,2057.5883186384017
2025-07-08,62690.98158829624,63229.13798387542,538.1563955791789
2025-07-09,61337.89880473138,61674.746124228805,336.84731949742127
2025-07-10,58813.55771157989,59537.82408413041,724.266372550519
2025-07-11,32023.662336156274,31233.710210578178,-789.9521255780965
2025-07-12,31566.152439683163,30593.22219388428,-972.9302457988815
2025-07-13,56220.65425824798,57144.924982157856,924.2707239098745
2025-07-14,54794.97067102594,55572.293743391936,777.3230723659944
2025-07-15,54967.99770610242,55475.11094667744,507.113240575025
2025-07-16,53872.94092945182,54401.40854098201,528.4676115301918
2025-07-17,51155.35254623687,51890.22749604069,734.874949803816
2025-07-18,28443.337325546847,27602.26698421475,-841.0703413320953
2025-07-19,31075.492039405442,30256.90383729391,-818.5882021115322
2025-07-20,53463.0369970999,54439.76022281887,976.723225718968
2025-07-21,54481.11866904479,55401.87251032075,920.7538412759604
2025-07-22,53521.56402568215,54352.03073821109,830.4667125289416
2025-07-23,52838.6388282703,54979.643488486,2141.0046602157017
2025-07-24,50497.32969727515,52359.78366042802,1862.4539631528678
2025-07-25,28484.1798161764,27046.546137502504,-1437.6336786738975
2025-07-26,31696.362062603566,30441.335517991683,-1255.0265446118829
2025-07-27,59201.1856404136,55692.2866012867,-3508.8990391268962
2025-07-28,66592.52654112349,54215.82139375988,-12376.70514736361
2025-07-29,60017.68259678592,55871.68121792087,-4146.001378865047
2025-07-30,52369.00406544867,55438.462335838856,3069.4582703901833
2025-07-31,49670.84132633021,51992.24732403045,2321.40599770024
2025-08-01,26924.245372594483,25813.099893017046,-1111.145479577437
2025-08-02,25204.637612903272,28031.391033500357,2826.753420597084
2025-08-03,52392.110925161855,52906.78119724668,514.6702720848261
2025-08-04,49920.36046602334,50967.680374935095,1047.3199089117552
2025-08-05,47342.17774997864,49439.61751977861,2097.4397697999666
2025-08-06,52375.4492385749,50787.69324632809,-1587.7559922468135
2025-08-07,44227.798543506025,45741.80676445711,1514.0082209510874
2025-08-08,23534.593507522848,24685.489531017745,1150.8960234948972
2025-08-09,25680.65508557609,26715.658885734763,1035.0038001586727
2025-08-10,46422.163412536545,47196.84533401163,774.6819214750867
2025-08-11,46045.72060777504,48044.18162124302,1998.4610134679824
2025-08-12,49976.7010539274,48419.19760717352,-1557.503446753879
2025-08-13,47039.61482682823,49193.42702544881,2153.8121986205806
2025-08-14,44713.50605565717,46149.112041755776,1435.605986098606
2025-08-15,23406.714452875985,24534.772323548947,1128.0578706729611
2025-08-16,25856.17145401737,27134.818579116,1278.6471250986287
2025-08-17,45291.90986786125,47560.344328923136,2268.4344610618864
2025-08-18,45072.69453930857,47310.83276401318,2238.138224704613
2025-08-19,45679.84591078148,47436.49584326543,1756.6499324839533
2025-08-20,67215.59076289508,53893.23428949395,-13322.35647340113
2025-08-21,44779.87160545328,46649.75920993192,1869.8876044786448
2025-08-22,26003.94483118382,24223.10538240834,-1780.8394487754813
2025-08-23,25594.525250444167,26888.68844204251,1294.1631915983417
2025-08-24,47039.641394972576,48657.1663887852,1617.5249938126217
2025-08-25,54246.92593022368,48555.05647262393,-5691.869457599751
2025-08-26,46788.92807756606,49138.50424307938,2349.5761655133174
2025-08-27,47141.499575769136,48955.01083003482,1813.5112542656861
2025-08-28,47250.34121449941,47938.557536029,688.216321529595
2025-08-29,23989.64968892108,24911.552893088723,921.9032041676437
2025-08-30,26289.91170057852,27039.785139295236,749.8734387167169
2025-08-31,47312.77239338389,49452.12828757108,2139.355894187189
2025-09-01,46042.25539764383,48383.992785613,2341.737387969173
2025-09-02,45263.12864317309,47941.64610985119,2678.517466678102
2025-09-03,45239.07149832588,47793.07037796163,2553.99887963575
2025-09-04,43308.596727847194,45434.41526939045,2125.8185415432526
2025-09-05,22194.550381785,22977.868206644485,783.317824859485
2025-09-06,21004.3132626163,21695.641886095927,691.3286234796287
2025-09-07,40164.715620126844,41541.18262842138,1376.4670082945377
2025-09-08,80915.79169841099,70012.89120907524,-10902.900489335749
2025-09-09,55923.78456872417,51587.00119739502,-4336.783371329155
2025-09-10,83140.60016138153,76450.26522545978,-6690.334935921754
2025-09-11,54208.1535514346,43514.67870626367,-10693.474845170931
2025-09-12,22927.921471086054,18312.610784192115,-4615.310686893939
2025-09-13,21833.74393227421,20296.68318304381,-1537.0607492304007
2025-09-14,47310.267873134384,40255.94343793207,-7054.3244352023175
2025-09-15,42555.49189158446,41878.20484252749,-677.2870490569694
2025-09-16,41581.80503482128,41324.9131346531,-256.89190016817884
2025-09-17,43818.07404663698,42060.978547466606,-1757.0954991703766
2025-09-18,38070.85963481313,39544.07144344724,1473.211808634107
2025-09-19,19996.306326820537,19086.386986242345,-909.9193405781916
2025-09-20,22046.810736978277,20602.266291055577,-1444.5444459227
2025-09-21,43402.41692356981,43742.707674287776,340.2907507179698
2025-09-22,43032.6435215655,43448.39949081991,415.75596925440914
2025-09-23,44496.68506093392,44918.500724909136,421.8156639752124
2025-09-24,43664.088754792145,44216.22323247323,552.1344776810874
2025-09-25,41995.25944217291,42808.83985360193,813.5804114290222
2025-09-26,20227.806436952895,19577.85109363146,-649.9553433214351
2025-09-27,22113.920325873132,21234.954774652357,-878.9655512207755
2025-09-28,45513.68569346843,45289.043843856845,-224.64184961158753
2025-09-29,45221.55061624103,46085.95380254603,864.4031863049968
2025-09-30,48160.17235713084,46641.75405042496,-1518.4183067058766
2025-10-01,45029.683629096224,46356.99381606933,1327.3101869731036
2025-10-02,41911.095465038066,43105.21597941304,1194.1205143749758
2025-10-03,18575.703125515643,18138.611706432188,-437.09141908345555
2025-10-04,22108.137476688516,21254.173264207613,-853.9642124809034
2025-10-05,42822.798816943425,43616.89860003772,794.0997830942943
2025-10-06,43326.46119468367,43789.462271709854,463.001077026187
2025-10-07,40532.509904117825,43014.57459939099,2482.064695273162
2025-10-08,37839.54638074442,38895.85752454148,1056.3111437970656
2025-10-09,41049.45242362595,40516.90846376375,-532.5439598622033
2025-10-10,21199.904785275496,18708.43839305197,-2491.466392223527
2025-10-11,20974.510606329175,19180.131831947427,-1794.3787743817484
2025-10-12,40051.89964169278,41109.26638776247,1057.366746069696
2025-10-13,40076.40309065169,41508.84473112677,1432.4416404750737
2025-10-14,40839.510499653814,41710.04559596842,870.5350963146047
2025-10-15,41558.59960022498,42126.81398035421,568.2143801292259
2025-10-16,43375.535543322025,43070.45889102346,-305.076652298565
2025-10-17,16915.3853156622,18066.485460248383,1151.100144586184
2025-10-18,19145.743892032522,19052.78563264743,-92.9582593850937
2025-10-19,47084.2810017117,44069.77487826394,-3014.5061234477616
2025-10-20,45633.99897677892,46731.86451176769,1097.8655349887704
2025-10-21,45542.017547146395,45320.406226044826,-221.61132110156905
2025-10-22,46440.38596298462,46015.81568845612,-424.5702745285016
2025-10-23,44066.771036996164,45653.44953808533,1586.678501089169
2025-10-24,17746.347800759686,17845.786390340603,99.43858958091732
2025-10-25,19251.761659524695,19124.988659560997,-126.77299996369766
2025-10-26,45030.58032409955,46197.01874318645,1166.438419086895
2025-10-27,45162.27939447344,45874.53459471723,712.2552002437951
2025-10-28,45067.334026324934,45689.04371298705,621.7096866621141
2025-10-29,53708.76597379323,49345.13225737069,-4363.633716422541
2025-10-30,45902.577294330455,46074.1660483815,171.58875405104482
2025-10-31,18411.872591878975,18923.16113012307,511.2885382440945
2025-11-01,18719.445760166425,19650.5650904504,931.1193302839747
2025-11-02,47554.257866272594,48231.21545870409,676.9575924314995
2025-11-03,48026.80413233208,49343.57383538588,1316.7697030538038
2025-11-04,48866.4936637335,48811.66935208249,-54.8243116510057
2025-11-05,48155.13601616377,49153.98080629712,998.8447901333493
2025-11-06,52772.114121028106,50723.483224141215,-2048.6308968868907
2025-11-07,19147.492885983433,19191.276755694864,43.78386971143118
2025-11-08,19245.61674956614,19720.74950010247,475.1327505363297
2025-11-09,50267.71963924806,49563.3634441142,-704.3561951338634
2025-11-10,52428.82380011408,50046.68789321783,-2382.1359068962483
2025-11-11,49399.41975735579,50842.64056636722,1443.220809011429
2025-11-12,49671.41132139216,51083.83919426635,1412.427872874192
2025-11-13,48923.245031964914,50551.766305319456,1628.5212733545413
2025-11-14,18737.24989765508,19310.49840784485,573.2485101897691
2025-11-15,19443.146444955888,19774.17576829657,331.029323340681
2025-11-16,50964.32993968874,51941.97994143444,977.6500017457001
2025-11-17,51122.2807710045,52464.45282174826,1342.1720507437567
2025-11-18,51159.72212947213,52135.608200109695,975.8860706375635
2025-11-19,51623.46531644748,52362.50200374494,739.0366872974628
2025-11-20,50336.584740741324,52197.04982600241,1860.4650852610866
2025-11-21,19566.280294843084,19873.723689918665,307.44339507558107
2025-11-22,19277.757186576604,20098.457205804592,820.7000192279884
2025-11-23,55327.545750525685,53079.32684643624,-2248.2189040894445
2025-11-24,51923.33704337179,53200.28384493211,1276.946801560327
2025-11-25,51790.22062809095,53073.79989678321,1283.5792686922578
2025-11-26,53905.04390425469,53371.7556686872,-533.2882355674956
2025-11-27,52148.3839548419,53111.98418788171,963.6002330398114
2025-11-28,19936.003380814618,20520.136482502145,584.1331016875265
2025-11-29,26914.997208511475,21160.500034919143,-5754.497173592332
2025-11-30,55657.56982994696,55264.51550353123,-393.05432641573134
2025-12-01,79389.4609358669,71856.07916978275,-7533.381766084145
2025-12-02,80600.55108920144,75741.98130378475,-4858.569785416694
2025-12-03,72105.35877084553,64981.72992242819,-7123.628848417342
2025-12-04,70029.6361834698,69242.22721212194,-787.4089713478606
2025-12-05,33492.73239206537,29740.0335901045,-3752.6988019608725
2025-12-06,41970.60449346765,37680.82217961464,-4289.7823138530075
2025-12-07,61004.0258599241,61130.29218633005,126.26632640595199
2025-12-08,60033.74280473351,60517.72734650985,483.9845417763354
2025-12-09,62565.77012813942,61494.89011392949,-1070.880014209928
2025-12-10,59865.14569650125,60144.51102612589,279.36532962464116
2025-12-11,67177.23520478066,67342.40084462719,165.16563984652748
2025-12-12,27773.700257688015,28489.80184514398,716.1015874559635
2025-12-13,28332.445488425,29034.909349232712,702.4638608077112
2025-12-14,64994.2943349563,65426.59569325283,432.30135829652863
2025-12-15,64891.59032916395,65215.68720380042,324.09687463647424
2025-12-16,65534.468254358464,65940.23692990317,405.76867554470664
2025-12-17,64836.98454594156,65107.04888145973,270.06433551816735
2025-12-18,64536.02245494123,64801.718133609415,265.695678668184
2025-12-19,28270.90497914883,28783.15272740123,512.2477482524009
2025-12-20,28295.287785974982,28792.70803777396,497.4202517989761
2025-12-21,64991.42523925185,65241.17657256561,249.75133331376128
2025-12-22,65190.44562060909,65019.3833094696,-171.06231113948888
2025-12-23,65370.799297688005,65543.86160774225,173.06231005424343
2025-12-24,64396.28024824428,64804.78257547472,408.5023272304388
2025-12-25,64585.12370811417,64704.41590711431,119.29219900013413
2025-12-26,27783.154849667826,28679.991604532283,896.8367548644565
2025-12-27,28256.454955243527,28522.497771839047,266.04281659552
2025-12-28,64895.63059080446,65095.70619131363,200.075600509168
2025-12-29,64807.94388658719,64899.74457106856,91.80068448136444
2025-12-30,63747.171211089146,63977.92216056959,230.75094948044716
2025-12-31,60301.72318644745,60264.688346024326,-37.0348404231263
