date,load_kwh,pv_kwh,net_import_no_storage_kwh,surplus_no_storage_kwh,fixed_tariff_no_storage_yuan,varying_tariff_no_storage_yuan,price_mean,price_min,price_max
2025-01-01,127286.15238333332,35250.982366666656,92035.17001666664,0.0,73322.71323137163,86577.7599686017,0.9265215277777783,0.4038,1.5993
2025-01-02,127657.0784833333,34771.83921666666,92885.2392666667,0.0,74075.24690858832,87483.93837483831,0.926602777777778,0.3623,1.6098
2025-01-03,81883.55671666666,36378.615349999985,50979.25585000001,5474.314483333333,38237.87308352999,35854.927053404994,0.7386236111111111,0.2766,1.4264
2025-01-04,81891.73006666666,37126.127700000005,50776.288083333355,6010.685716666667,38166.33423080501,35465.300260968324,0.7303166666666668,0.3175,1.4459
2025-01-05,127674.11883333331,36638.408533333335,91035.71030000004,0.0,72810.46132814998,85936.18625079,0.9252319444444441,0.391,1.5747
2025-01-06,126826.69011666671,36194.209016666675,90632.48110000002,0.0,72497.47138260995,86002.50649569833,0.9289923611111112,0.371,1.6135
2025-01-07,126927.46215000004,34360.561200000004,92566.90095000002,0.0,73741.60979927336,86885.70229740332,0.9234222222222225,0.3841,1.5672
2025-01-08,126695.94395000004,37169.942633333325,89526.00131666662,0.0,71741.47051356334,84188.80284277332,0.917373611111111,0.3663,1.5968
2025-01-09,127066.61819999992,35975.06208333333,91091.55611666664,0.0,72808.08188202999,85594.00230652666,0.9205923611111115,0.307,1.5726
2025-01-10,81486.63841666664,35995.9717,50117.26973333332,4626.603016666666,37746.36995160164,34677.19698178332,0.7293041666666668,0.2836,1.4151
2025-01-11,81610.19496666665,36744.308349999985,50476.30393333331,5610.417316666666,37865.685799976694,35368.695843626665,0.7342124999999997,0.2503,1.4519
2025-01-12,126519.32696666667,35653.43856666667,90865.88839999995,0.0,72440.78529529167,85648.35464066832,0.9254215277777775,0.3872,1.6226
2025-01-13,126980.35978333336,38706.40281666667,88273.95696666672,0.0,70425.57728944336,82074.40414383166,0.9149201388888888,0.3812,1.5303
2025-01-14,127109.49061666663,37829.17768333334,89280.31293333333,0.0,71355.07566211167,83571.12350176832,0.9169013888888888,0.3771,1.5809
2025-01-15,126963.89896666665,36893.55603333334,90070.34293333332,0.0,72205.08065099666,85045.18510430664,0.9231027777777777,0.4052,1.5854
2025-01-16,126807.7641833333,37733.61273333333,89074.15145,0.0,71408.42870741164,83532.84300444499,0.9150513888888884,0.3275,1.6041
2025-01-17,80876.07619999997,38186.962733333334,48967.43318333332,6278.319716666668,36650.02656514501,33751.40514483999,0.724536111111111,0.2934,1.4338
2025-01-18,81208.0575,37965.54848333335,49229.72451666666,5987.215500000001,36703.55697455166,33753.43903797667,0.722370138888889,0.2881,1.3945
2025-01-19,126210.84621666658,37527.70674999999,88683.13946666672,0.0,71077.36701955502,83147.86088947665,0.9176687500000001,0.3757,1.5934
2025-01-20,126565.66615,38498.5896,88067.07654999998,0.0,70598.65206259665,82354.93065504167,0.9134951388888888,0.383,1.5695
2025-01-21,125750.14588333346,42274.2412,84258.40456666666,782.4998833333333,67361.07016085171,77380.09831865666,0.8955743055555554,0.3668,1.5603
2025-01-22,126679.58854999994,37780.824183333345,88898.76436666666,0.0,71071.98297201666,83167.72157471497,0.919116666666667,0.3719,1.5811
2025-01-23,126355.43114999997,36789.50555,89565.92559999996,0.0,71380.609887665,83832.67906107164,0.9220041666666668,0.34,1.6401
2025-01-24,80339.5357,40510.12254999999,48391.698533333336,8562.285383333334,36048.970894495,32922.95047282168,0.7098805555555554,0.2582,1.4135
2025-01-25,80632.06428333337,42192.488816666664,48296.865966666686,9857.290500000001,35972.67301590001,33029.85972363334,0.7049715277777779,0.2605,1.4005
2025-01-26,126385.04864999997,38686.058616666654,87698.99003333335,0.0,69788.05655464999,81350.88331487335,0.9162173611111112,0.3577,1.6006
2025-01-27,125642.95023333332,41448.03345,84393.41106666665,198.4942833333333,67201.8585161733,77205.0141973817,0.8984333333333328,0.3871,1.5717
2025-01-28,126496.6109333333,39516.21156666667,86980.39936666668,0.0,69348.02344951998,79738.96004093999,0.9057340277777778,0.3261,1.6056
2025-01-29,125425.44486666673,44040.243816666676,81515.20404999999,130.00299999999984,64816.191166981655,73244.80718406335,0.889815972222222,0.3689,1.593
2025-01-30,126011.04994999997,42268.467166666655,83970.14404999999,227.56126666666646,67309.998554345,77538.11259417333,0.900129861111111,0.3538,1.5522
2025-01-31,80009.91998333338,41245.59693333334,47079.72001666668,8315.396966666667,35095.43078256,32071.924079748336,0.7113951388888888,0.2432,1.4161
2025-02-01,76305.20628333332,41927.03034999999,44850.17781666667,10472.001883333332,33395.590330068335,28669.564965088313,0.6514930555555556,0.2537,1.1766
2025-02-02,121705.97265000001,43349.694699999985,78793.47050000001,437.19255000000004,63072.04040677496,67546.67090201497,0.8363881944444445,0.3697,1.3998
2025-02-03,122603.76899999993,42386.85249999999,80297.58298333331,80.66648333333342,64141.34542608166,69484.62294374837,0.8447902777777778,0.3709,1.3447
2025-02-04,121578.09885,40383.2349,81513.91230000001,319.0483500000002,65335.22689001669,71108.64784185834,0.8491895833333337,0.381,1.3987
2025-02-05,121991.08443333331,41242.657450000006,80789.60933333333,41.18235000000004,64568.293645558326,70078.19174462663,0.8482541666666666,0.3423,1.3848
2025-02-06,122252.16269999999,41981.105483333326,80272.45803333334,1.400816666666742,64219.98475558499,69545.33933927833,0.8439645833333331,0.3228,1.447
2025-02-07,76168.59693333339,44362.91726666665,44205.082900000016,12399.403233333333,33184.20402778332,28138.24216379999,0.6440388888888888,0.2631,1.2102
2025-02-08,75746.78751666668,44169.62480000001,43232.71175,11655.549033333335,32202.794781853332,27137.061220251664,0.6423513888888889,0.2752,1.1675
2025-02-09,121547.90356666669,41992.48760000001,79607.84538333335,52.42941666666669,63585.96153378836,68077.37552288332,0.841384027777778,0.3001,1.3378
2025-02-10,121477.56451666668,47150.92693333334,75778.36535,1451.7277666666666,60293.64279805999,63586.77388735,0.8180638888888886,0.3637,1.352
2025-02-11,121441.2816166667,46220.684483333316,76202.93678333332,982.3396500000003,61020.33046754336,65022.31825415667,0.828492361111111,0.36,1.343
2025-02-12,121363.8528833333,46097.11675000001,76631.57463333334,1364.8385,61312.97990572334,65112.17775830504,0.8264243055555558,0.3727,1.3314
2025-02-13,121310.28371666664,49980.80470000001,73521.42235000002,2191.943333333334,58376.740201648325,61817.15060152335,0.8147909722222225,0.3026,1.3496
2025-02-14,75872.63794999999,46070.83613333332,42609.102133333356,12807.300316666666,31690.29062133501,26695.45971173667,0.6310999999999999,0.2247,1.1609
2025-02-15,76054.55224999996,46774.461149999996,42635.89363333335,13355.802533333333,31622.365308859997,26825.70881937834,0.6378472222222226,0.2846,1.1564
2025-02-16,121276.97728333331,45899.59818333332,75948.42713333336,571.0480333333331,60551.294956564954,64451.33676925168,0.8303222222222222,0.34,1.3733
2025-02-17,120960.37281666668,49776.50965000002,73082.76455000002,1898.9013833333331,57898.71065764168,60976.86206305,0.8173527777777777,0.3597,1.3221
2025-02-18,121331.27123333335,49239.883450000016,73288.42194999997,1197.0341666666664,58291.85024810001,61058.785789973335,0.8145215277777781,0.3707,1.3605
2025-02-19,121866.79411666672,48987.46673333333,75154.35691666669,2275.0295333333333,59826.837577171675,63139.931215274984,0.816429861111111,0.3736,1.3304
2025-02-20,121105.25703333343,50112.123299999985,72792.92208333334,1799.7883499999998,57877.93990020332,61281.6480469683,0.8168069444444446,0.3079,1.3465
2025-02-21,75802.00203333332,50241.74,41472.25103333333,15911.989,30531.94597934833,25618.130774260007,0.6208499999999999,0.2473,1.1504
2025-02-22,75682.24226666665,47837.479383333346,41634.6347,13789.871816666666,30752.324178613344,26208.761772231665,0.6352840277777775,0.2472,1.2217
2025-02-23,121142.14093333337,49610.287250000016,72896.99576666666,1365.1420833333336,57917.928294751655,60716.577833113355,0.8153784722222226,0.3868,1.375
2025-02-24,120628.98855000001,52425.954933333334,71333.93281666667,3130.8992000000003,56525.91951412833,59298.90119469334,0.8082493055555555,0.3649,1.3842
2025-02-25,121093.33288333344,55272.00964999996,70550.58276666667,4729.259533333334,55679.35860885666,58040.19026242499,0.7940965277777777,0.3725,1.3107
2025-02-26,121060.73411666667,52245.886083333324,71523.06521666666,2708.217183333334,56525.86541963003,59175.74767225168,0.8055381944444445,0.3378,1.3369
2025-02-27,120599.4889333333,53642.90473333332,71643.15313333333,4686.568933333332,57143.35826494166,59459.829668876635,0.7979118055555552,0.3235,1.3501
2025-02-28,75385.10795000003,52092.51439999999,40462.45056666666,17169.857016666672,29822.12198352334,24800.403988306658,0.6166784722222224,0.2409,1.1629
2025-03-01,72244.16015,48585.39421666669,39313.385266666664,15654.61933333333,29243.468775971665,24196.162165206664,0.6142222222222223,0.2405,1.1576
2025-03-02,117860.41708333325,45502.110016666695,72595.20049999996,236.89343333333318,58087.43062672669,60316.94552957668,0.8122930555555549,0.3093,1.3111
2025-03-03,117958.74559999995,45941.598966666665,73189.57896666667,1172.4323333333332,58616.38204186668,60741.80198765997,0.8118500000000001,0.3264,1.3164
2025-03-04,118139.02498333341,48939.56704999999,70914.67113333334,1715.2132000000001,56408.40757361003,58083.252591258344,0.800627777777778,0.3381,1.3441
2025-03-05,118073.44383333332,51942.971816666686,68767.90856666667,2637.4365500000004,54611.443876583355,55916.05743846167,0.7945006944444445,0.3644,1.3305
2025-03-06,117673.59854999995,51732.94441666666,68907.43651666665,2966.7823833333327,54624.78426541499,55962.137345038325,0.7918569444444445,0.3327,1.3434
2025-03-07,71680.36144999997,50758.075916666654,38142.22400000001,17219.938466666663,28202.81063302167,23250.198703871672,0.608501388888889,0.1545,1.1883
2025-03-08,72344.71158333331,53281.572066666675,38475.91366666666,19412.77415,28325.77250605333,23215.925163461656,0.5972631944444449,0.21,1.1729
2025-03-09,117692.98650000006,54359.46145,67661.33004999998,4327.804999999999,53629.30056377166,54421.46238637666,0.7838090277777777,0.3641,1.3356
2025-03-10,117943.06436666667,49900.99291666667,68972.21489999998,930.14345,54677.11599664836,56268.26534304668,0.8024513888888887,0.3691,1.3308
2025-03-11,117499.55295000004,53560.63415,67540.96113333333,3602.0423333333333,53341.51802573333,54525.203765576654,0.7893930555555556,0.3822,1.3372
2025-03-12,118112.23683333331,55676.70214999999,67323.01068333331,4887.476,53066.561099063336,54115.01098431667,0.7801680555555556,0.35,1.3485
2025-03-13,118237.27704999998,50691.65903333336,68272.85921666668,727.2411999999999,54208.62788672333,55332.262400369975,0.7996375,0.3312,1.3317
2025-03-14,72108.86894999999,56079.442966666655,37424.63611666667,21395.210133333334,27645.698979685007,22551.245485898326,0.5913868055555551,0.1602,1.1955
2025-03-15,72724.98178333334,51800.85663333334,38207.635466666674,17283.510316666667,28139.148937295,23117.874697824995,0.6047722222222226,0.2699,1.1777
2025-03-16,117983.21598333337,54632.16905,66922.08571666667,3571.0387833333334,52702.462446106685,53854.119628773326,0.7848951388888887,0.3598,1.3095
2025-03-17,117693.62179999995,59835.49036666667,64277.59396666666,6419.462533333335,50476.296153095,50577.25406617499,0.7601756944444444,0.367,1.3189
2025-03-18,117253.42358333338,56127.465216666664,66005.03358333335,4879.075216666667,52236.450644575,52832.67118176166,0.7760166666666665,0.3707,1.3196
2025-03-19,117281.558,57816.08754999999,65489.434733333335,6023.964283333334,51736.84297793836,52115.01734165832,0.7718381944444447,0.3401,1.3494
2025-03-20,117648.3817333333,55439.419916666666,66119.83850000003,3910.8766833333334,52290.65284492998,52862.415101828316,0.7786381944444443,0.2794,1.3228
2025-03-21,72593.53221666669,60560.067700000014,36968.94994999999,24935.48543333334,27165.358333253334,22024.907505969997,0.5702902777777777,0.1352,1.1788
2025-03-22,71936.9295333333,56055.7298,36745.131100000006,20863.93136666666,26870.6129199,21777.715614021672,0.5873881944444442,0.1546,1.1642
2025-03-23,117739.97726666661,58970.25715,64423.69705000001,5653.976933333334,50706.0367036883,50851.890562970024,0.767178472222222,0.3404,1.3289
2025-03-24,117425.17061666667,59426.67353333335,64983.405866666675,6984.908783333335,51085.255666161655,51563.049949809974,0.7674861111111111,0.3336,1.3583
2025-03-25,118053.1678166667,57103.04309999999,65738.09268333334,4787.967966666668,51779.39996320669,52110.39722633833,0.7712756944444445,0.3706,1.3143
2025-03-26,117704.62780000002,62112.072933333344,63767.07140000004,8174.516533333334,50047.30889506836,50301.95752165833,0.7566111111111111,0.3654,1.3062
2025-03-27,117952.59836666672,59235.608966666645,64449.9248,5732.935399999999,50617.261105793325,50598.2331697983,0.7664159722222225,0.3125,1.3182
2025-03-28,71891.76726666666,61069.886499999986,36217.22091666665,25395.340150000004,26486.01063578333,21720.69608784167,0.5747680555555558,0.1269,1.1837
2025-03-29,72118.2774666667,64411.06828333332,36391.040733333335,28683.83155,26592.70320056667,21621.915327295,0.5630868055555557,0.0913,1.1833
2025-03-30,117994.70584999997,62649.08615000002,63156.19126666669,7810.571566666668,49404.11842554001,48771.551124511665,0.7520270833333335,0.3471,1.3168
2025-03-31,117075.6656166666,60124.276133333355,62629.74600000001,5678.356516666667,48914.62466033335,48576.61748140498,0.7607041666666666,0.3473,1.3379
2025-04-01,117967.14630000007,57758.294783333346,63278.996666666695,3070.1451500000003,49384.179659081674,49347.485015411665,0.7731090277777779,0.3582,1.3193
2025-04-02,117986.62945000002,57551.294049999975,64232.82499999998,3797.489600000001,50617.702841031685,50558.97979427834,0.7723201388888893,0.3693,1.3316
2025-04-03,117884.45609999997,62020.92583333332,63767.760083333334,7904.229816666666,50029.54018828334,50670.884127685014,0.7644638888888888,0.3202,1.3867
2025-04-04,71735.75181666664,65304.94956666668,35225.74093333333,28794.938683333337,25609.88635901666,20755.89798041001,0.5595027777777779,0.0905,1.2001
2025-04-05,72602.7425666667,60558.62758333331,35634.94331666667,23590.82833333332,25875.733296478324,21093.25643718334,0.575528472222222,0.1482,1.1736
2025-04-06,117205.43058333332,62795.354316666664,62308.39568333336,7898.319416666664,48662.103800358316,48510.82809916165,0.7556868055555556,0.3579,1.3107
2025-04-07,117015.14203333338,63772.42275000002,61239.47338333332,7996.754099999999,47497.31738293998,47110.719032626665,0.7517159722222224,0.3671,1.3349
2025-04-08,117713.29026666668,63360.096649999985,63275.16041666668,8921.9668,49598.2647958433,49706.33162365833,0.7519159722222226,0.3246,1.3574
2025-04-09,117677.5225333334,58543.21151666666,63209.33521666668,4075.0241999999994,49344.682634283345,48921.49798856499,0.7662708333333332,0.3756,1.321
2025-04-10,117668.70068333333,63208.062783333306,62629.065750000016,8168.42785,49047.83926465997,49111.58924149001,0.7580270833333335,0.2828,1.3433
2025-04-11,72091.99675,66775.34658333332,34977.685566666674,29661.035399999993,25298.390436523343,20533.394336948335,0.5514784722222226,0.1092,1.1471
2025-04-12,71957.17576666667,62932.01521666666,34387.49596666668,25362.335416666665,24851.554438990006,19928.927381729998,0.563867361111111,0.214,1.1558
2025-04-13,117283.06220000006,63006.703716666634,61213.74331666667,6937.384833333333,47857.46604342331,47435.49567001667,0.7562548611111114,0.3493,1.3312
2025-04-14,117901.37268333329,65373.340883333316,60261.84811666668,7733.816316666668,46766.59569732333,46174.39530583166,0.7465972222222222,0.3437,1.3446
2025-04-15,117056.90516666672,66917.4763333333,59767.99498333333,9628.56615,46467.86023067333,45793.972952716686,0.7385326388888891,0.3275,1.3283
2025-04-16,117924.88506666674,62145.29311666666,61259.50154999999,5479.9096,47503.25930294834,46996.085834995,0.7623541666666672,0.3669,1.364
2025-04-17,117487.04263333329,64618.70028333331,60428.69360000003,7560.351249999999,47210.487345136666,46602.25388037166,0.7477673611111112,0.3043,1.3148
2025-04-18,71490.16935,65136.05216666668,33809.68674999999,27455.569566666672,24295.134567093326,19725.168838501675,0.5594201388888891,0.1948,1.1711
2025-04-19,71905.41535000002,65120.73610000002,33756.50838333335,26971.829133333333,24189.784945933337,19643.263210070007,0.5579763888888888,0.1113,1.1659
2025-04-20,117197.81634999998,65240.07146666667,60224.36933333336,8266.624450000001,46861.11804619167,46151.47828521498,0.7454388888888891,0.3618,1.3046
2025-04-21,118481.63788333337,69964.72750000001,59067.63620000001,10550.725816666663,45553.372129116666,44716.54325033833,0.7339520833333336,0.2898,1.3263
2025-04-22,117811.00101666666,65658.0717,59612.315099999956,7459.38578333333,46015.090501321654,45373.96401380832,0.7509583333333331,0.3534,1.3399
2025-04-23,118030.51476666663,66630.59805000002,58967.73508333333,7567.818366666669,45451.3615988217,45130.041216865,0.7479125000000001,0.3289,1.3932
2025-04-24,117497.77966666674,70407.67296666668,58038.56606666667,10948.459366666668,45039.94504092332,44547.46907900832,0.7361847222222222,0.3044,1.349
2025-04-25,71763.32120000002,69762.96355,32989.684183333346,30989.32653333333,23669.429465246663,19041.911384613337,0.5406916666666668,0.1126,1.1686
2025-04-26,72100.92436666669,72030.73073333332,33485.732866666665,33415.53923333334,24004.49292098166,19518.860186085,0.5378048611111109,0.0076,1.196
2025-04-27,117032.52253333345,68459.05135000001,59589.03588333332,11015.564700000003,46296.78376349998,45473.40923613667,0.7337826388888888,0.272,1.3177
2025-04-28,117537.30080000008,60915.3334833333,60437.56039999998,3815.593083333333,46990.79101999,46447.85186768,0.7660520833333335,0.3592,1.3403
2025-04-29,117252.7587166666,69819.54500000006,58240.499516666656,10807.2858,44971.432112903334,43797.21175851832,0.7303826388888891,0.3089,1.3284
2025-04-30,117682.88071666665,69426.02628333335,57032.84836666664,8775.993933333333,43843.67901680167,42741.057040833344,0.7294423611111112,0.3282,1.3318
2025-05-01,120364.58391666668,69353.20511666668,62268.91393333332,11257.535133333333,48974.53646682165,49220.51570406171,0.7473263888888889,0.2921,1.3606
2025-05-02,74761.02673333332,60470.706650000015,36812.23609999999,22521.91601666666,27186.20218978667,22716.648019805,0.5869513888888889,0.2486,1.2187
2025-05-03,74894.84928333331,66027.67763333333,35954.40625000002,27087.234599999992,26485.425800128334,22086.949115558327,0.5698243055555552,0.14,1.2238
2025-05-04,120670.08423333331,68935.41690000003,60023.49866666668,8288.831333333334,46763.41647671999,46981.85658726001,0.7461284722222223,0.3732,1.3892
2025-05-05,120612.16386666667,65536.15706666665,62605.940383333305,7529.9335833333325,49118.076398248326,49490.09583202167,0.7604611111111113,0.3375,1.3756
2025-05-06,121017.1901,68147.10773333335,62619.353399999985,9749.271033333333,48962.929606566664,49572.85127729498,0.7532361111111113,0.3324,1.343
2025-05-07,121160.21501666668,66092.36906666664,63256.45956666668,8188.613616666666,49587.28397359499,50039.340556750016,0.7587291666666666,0.347,1.3712
2025-05-08,120445.47738333333,64618.96498333333,61436.527833333304,5610.015433333334,48136.698206336645,48388.08186680501,0.7616590277777774,0.3201,1.4134
2025-05-09,74253.82544999999,65754.43959999998,35550.557733333335,27051.171883333333,26227.580727386667,21736.330705796663,0.5667381944444446,0.1705,1.1847
2025-05-10,74647.98704999998,62526.941766666656,35635.610633333345,23514.565349999993,26131.93517960665,21834.22442695667,0.5753076388888889,0.1241,1.1933
2025-05-11,120743.09041666666,65259.01133333331,61357.39640000003,5873.317316666665,47985.509546340014,48219.04876036502,0.7607819444444444,0.3089,1.3772
2025-05-12,120448.60361666675,68517.40838333334,59196.45891666668,7265.263683333334,45988.709470838345,46156.42573738165,0.7517881944444444,0.3229,1.3827
2025-05-13,120269.63160000001,67140.41883333336,60032.25418333331,6903.041416666667,47011.96801435832,46988.31549501001,0.7564458333333335,0.2841,1.3607
2025-05-14,120592.00526666665,67577.85648333332,60100.389983333305,7086.241200000001,46827.949023335015,46442.612476053335,0.7475513888888887,0.2722,1.3983
2025-05-15,119598.30981666672,66833.25153333334,60761.21736666665,7996.159083333332,47314.990239850005,47257.94780836833,0.7527770833333335,0.3356,1.3271
2025-05-16,74681.34475,71965.83821666673,34564.5663,31849.059766666673,25118.506620301672,20850.531682610006,0.5453854166666668,0.0992,1.2252
2025-05-17,75274.53043333332,64825.73134999999,35508.19875,25059.399666666664,25989.13387529,21753.639955899995,0.5734159722222221,0.2134,1.2422
2025-05-18,120687.037,67010.86889999999,60069.27995,6393.111850000001,46649.43281868002,46287.90667621666,0.7506812499999999,0.377,1.3468
2025-05-19,120072.38798333332,72557.17143333334,58731.657250000026,11216.4407,45720.74397216335,45534.21167007168,0.7317597222222223,0.2653,1.3957
2025-05-20,120437.57771666664,65910.1829,59974.841283333335,5447.446466666666,46730.77351000166,46341.87997346998,0.7565819444444442,0.3146,1.373
2025-05-21,120283.05128333338,68920.43600000002,59960.26363333334,8597.648350000001,46566.71881362668,46375.63331478999,0.7458243055555553,0.311,1.3612
2025-05-22,119729.68001666667,68913.0492,59131.75305,8315.122233333332,46119.407869901646,45638.234463175,0.7461930555555556,0.3239,1.3576
2025-05-23,74983.38438333331,68562.43549999999,34474.98308333335,28054.03419999999,25139.160944801668,20752.035283471665,0.5569743055555553,0.1593,1.188
2025-05-24,74693.81781666665,70939.31643333337,34373.46258333334,30618.9612,24911.795795436657,20848.614907409996,0.5532048611111109,0.1275,1.1755
2025-05-25,120319.8776,71774.86741666669,58581.407483333336,10036.397299999999,45547.899161295,45367.52832807167,0.7379618055555555,0.3608,1.4094
2025-05-26,119407.96936666667,64828.13641666667,59881.76523333333,5301.932283333333,46815.924629255,46221.43268293335,0.7524722222222225,0.3289,1.3799
2025-05-27,120046.82735000005,70656.46005,58423.55568333335,9033.188383333334,45400.25848585332,45241.185967846664,0.7429215277777779,0.3312,1.3497
2025-05-28,119921.84721666668,67648.02311666666,59615.69503333332,7341.8709333333345,46440.48342948168,46516.45046405669,0.7512673611111116,0.2285,1.3888
2025-05-29,120439.31426666665,66329.19076666668,60704.46505000003,6594.341550000002,47701.50270768334,47807.006037336665,0.7595125000000001,0.3164,1.3731
2025-05-30,74612.22448333334,68015.99121666666,34628.71036666667,28032.477100000004,25340.706253598328,20914.208736813333,0.5609930555555557,0.0389,1.2666
2025-05-31,74778.3325833333,66389.15103333334,34655.00574999999,26265.824200000003,25148.58243755666,20793.93418293833,0.5663548611111112,0.1409,1.2
2025-06-01,128248.56003333337,57023.73373333335,71783.85753333337,559.0312333333333,56634.345835685,59902.438260389994,0.8191805555555551,0.3697,1.406
2025-06-02,128080.53698333337,59439.72953333331,72574.25300000001,3933.4455499999985,57421.498256536666,60978.94798445333,0.8099458333333331,0.3546,1.3869
2025-06-03,128076.84056666672,59884.47373333334,71309.91296666667,3117.5461333333333,56527.58375099831,59705.357543490005,0.8062826388888885,0.3586,1.4412
2025-06-04,128539.84358333325,58894.58276666667,71016.93365000002,1371.6728333333333,55721.926842314984,59162.549187113305,0.8136590277777775,0.3598,1.4185
2025-06-05,128455.92066666669,57306.60264999998,73034.46285,1885.144833333333,57738.348086716636,61579.87677375333,0.8220694444444444,0.3403,1.4022
2025-06-06,82747.41500000005,51892.419600000016,43688.08140000002,12833.085999999996,32742.138865628323,29146.895488298334,0.6492826388888888,0.2445,1.2673
2025-06-07,83156.75974999998,52030.246583333326,42513.658200000005,11387.145033333334,31726.657412508324,28215.700598695006,0.6502881944444442,0.2901,1.2859
2025-06-08,128266.94665,63082.02338333335,68798.46563333331,3613.542366666665,53862.45597046332,56662.607803250015,0.7970791666666667,0.3642,1.4164
2025-06-09,128169.18798333335,57236.47525000002,72898.13276666665,1965.420033333333,57796.05908358165,61776.34273552001,0.81925625,0.3522,1.4169
2025-06-10,127414.4917833333,55796.04755000005,72991.72328333337,1373.2790499999999,57787.450864096674,61317.47323578335,0.8168180555555553,0.377,1.4372
2025-06-11,128236.6773166667,52152.23100000001,77108.24150000002,1023.7951833333331,61636.19644956834,65795.5901330367,0.8316965277777778,0.2889,1.442
2025-06-12,127721.81298333332,55269.42155,73573.88460000003,1121.4931666666669,58602.98553783501,62450.02775024003,0.8219833333333334,0.3069,1.4394
2025-06-13,81889.5904,53544.27670000002,42078.504883333335,13733.191183333327,31621.699408678323,27912.268295555,0.6400291666666668,0.2565,1.298
2025-06-14,82253.15711666667,56059.81436666666,42171.84741666668,15978.504666666673,31414.82589648334,28099.508876818334,0.6368673611111111,0.2585,1.238
2025-06-15,127368.88451666664,56741.91018333335,71341.95015,714.9758166666669,56661.75394869,59854.569794448355,0.8178270833333333,0.3571,1.4464
2025-06-16,127618.6320166667,54924.579200000015,73880.85633333334,1186.8035166666666,58763.16157304833,62330.01351378501,0.8232416666666663,0.3023,1.3988
2025-06-17,127311.75460000006,52674.74338333333,75038.94765,401.9364333333333,59640.967664375006,63561.03354543334,0.8286263888888892,0.3465,1.4509
2025-06-18,126909.07891666662,55980.68801666666,71316.05611666666,387.66521666666677,56402.24621122333,59596.47967999835,0.8200499999999998,0.3499,1.4109
2025-06-19,127349.06689999999,59089.5627,71107.39088333334,2847.8866833333336,56515.686059828324,59636.98151744669,0.8079104166666671,0.3554,1.4236
2025-06-20,81137.07971666665,58736.49886666663,40371.6677,17971.086850000003,30076.49048147167,26413.25909139832,0.6213069444444443,0.2668,1.2402
2025-06-21,81408.06480000001,62073.32439999999,40294.02645,20959.286050000006,29668.184927576673,26073.634212804987,0.6095256944444444,0.1828,1.2633
2025-06-22,126539.46191666667,59082.12081666667,69328.11858333334,1870.7774833333333,54616.84371514334,57590.33377084665,0.8074916666666666,0.3355,1.4122
2025-06-23,126690.87308333332,59629.58708333335,70408.85521666666,3347.5692166666668,56001.32420740666,58881.27741326999,0.804872222222222,0.3539,1.4023
2025-06-24,127112.84501666676,50844.05276666666,76438.0751,169.2828499999999,61065.51190393002,65444.402306695,0.840534722222222,0.3611,1.4158
2025-06-25,126310.40843333332,55872.98706666666,71238.16965000001,800.7482833333337,56437.71603395331,59146.49267488,0.8163465277777779,0.3384,1.4004
2025-06-26,126697.44536666667,59150.06153333333,69907.77159999996,2360.3877666666667,55575.93193468333,58204.97597079333,0.8059743055555555,0.3376,1.417
2025-06-27,79563.25500000002,59791.60913333334,39671.32189999997,19899.67603333334,29544.006192078337,25624.037964409992,0.6051201388888892,0.1708,1.2437
2025-06-28,80661.57280000001,58884.646683333325,40203.92734999999,18427.00123333333,29629.74020729,26028.910211841667,0.6229888888888887,0.1995,1.2402
2025-06-29,126384.80871666671,57117.04018333332,70513.86369999997,1246.095166666667,55758.94793037834,58552.35183314499,0.8118270833333335,0.3508,1.3938
2025-06-30,125947.3205833333,56069.63659999999,71110.56381666666,1232.8798333333332,56269.157286379974,58870.33206152167,0.8101881944444442,0.3316,1.4347
2025-07-01,141546.85106666668,62680.30703333337,80294.37959999997,1427.8355666666673,62984.13327614667,73527.7572975717,0.8907618055555557,0.3868,1.7322
2025-07-02,141198.65821666666,68293.89184999997,76775.89256666669,3871.1262000000006,59726.051379673336,69834.41004020497,0.8753215277777782,0.4184,1.727
2025-07-03,141565.53863333332,61805.11969999998,81179.88468333334,1419.4657500000003,63956.35510449001,75257.63160330337,0.9014361111111108,0.3737,1.7936
2025-07-04,95795.06575000005,66914.19828333335,49308.52366666667,20427.656199999998,36510.87205041499,37231.26544299501,0.6903083333333333,0.1337,1.5677
2025-07-05,95872.83490000002,67082.75493333334,49820.43660000001,21030.356633333337,36871.08142462168,36745.55504330001,0.6843187499999996,0.168,1.5334
2025-07-06,141244.57465000002,61450.593100000006,82083.70813333335,2289.7265833333336,64731.41940119331,76480.02628440833,0.8986708333333335,0.4315,1.7731
2025-07-07,141495.39415000004,68085.91138333334,76766.88904999998,3357.4062833333337,59618.60222149664,69449.35514229834,0.8773902777777776,0.3983,1.7052
2025-07-08,141285.22700000004,65713.83998333334,80694.59884999998,5123.211833333336,63401.40315201832,74547.21028130168,0.8836034722222221,0.3935,1.7507
2025-07-09,140590.7049666667,66531.97995000002,77753.26461666664,3694.5396,60892.031901018345,71330.95558016995,0.8791770833333334,0.3976,1.7416
2025-07-10,140463.54225000003,67609.91886666666,78148.55506666665,5294.931683333334,61278.55928271333,71991.41345281167,0.8775076388888884,0.4072,1.7648
2025-07-11,94741.08840000007,62222.31125,49467.08228333333,16948.305133333324,36612.37419614998,37243.24543124666,0.7069465277777779,0.2855,1.5451
2025-07-12,95318.3711,64234.127766666665,49767.157499999994,18682.914166666666,36842.40852743999,37018.49962353499,0.6942819444444446,0.2556,1.5783
2025-07-13,139893.36648333338,70625.64608333334,76623.76595000002,7356.04555,60028.24826892165,69277.35727999166,0.8542875000000003,0.3392,1.7345
2025-07-14,141062.42346666675,69254.74425000002,76145.37486666667,4337.695650000001,59518.70120983499,69474.17917433499,0.8722152777777779,0.3522,1.7345
2025-07-15,139545.1626666667,66796.11208333333,75795.90461666667,3046.854033333335,59200.87096963834,68582.59251613669,0.8721083333333335,0.3419,1.7416
2025-07-16,140365.2653833333,68230.70199999998,76881.34649999999,4746.783116666666,59763.120542926656,69753.49325982165,0.8758020833333336,0.3718,1.6813
2025-07-17,139569.15928333334,66848.74321666665,78184.85710000001,5464.441033333333,61385.55535736333,71532.00921210831,0.8748208333333338,0.3696,1.7092
2025-07-18,93698.07320000004,62423.82510000001,48192.449933333344,16918.201833333336,35660.104682188336,35577.64118194667,0.6942027777777778,0.3031,1.5835
2025-07-19,94564.52240000003,67381.70334999997,48853.698066666664,21670.87901666667,36211.157036128316,36379.15660628501,0.6802993055555555,0.1583,1.5795
2025-07-20,138750.53876666666,66660.56054999998,75708.25031666666,3618.2721000000006,59137.76700355334,68334.91839862503,0.8676125,0.3497,1.7018
2025-07-21,138442.81980000008,64453.07044999997,77551.18291666663,3561.433566666666,60812.888540021646,71108.44810623668,0.8791791666666666,0.3888,1.7317
2025-07-22,139514.8588166667,65719.7142,77131.44821666664,3336.3035999999993,60178.952504205,70087.73031144834,0.8751333333333328,0.3953,1.7059
2025-07-23,139450.03365,65233.48653333332,78489.76571666668,4273.2186,61662.19447138166,71458.990097565,0.8755840277777777,0.4298,1.7196
2025-07-24,138902.2175166666,65285.745516666655,77244.59883333332,3628.1268333333337,60251.684172715,70209.46480599002,0.8774458333333333,0.4014,1.7129
2025-07-25,92354.83968333325,65849.52011666667,47724.334833333334,21219.015266666658,35366.74729732166,35275.032549803334,0.67696875,0.192,1.5162
2025-07-26,93187.68993333331,64718.59836666665,48174.377683333325,19705.28611666667,35730.50184343833,35858.605403193345,0.6880090277777774,0.2778,1.5779
2025-07-27,138110.19628333327,64425.00648333333,78473.11241666666,4787.922616666667,61579.063797713374,71606.79159219662,0.8771312499999999,0.3756,1.6917
2025-07-28,138228.99843333327,60274.12119999999,79139.17681666666,1184.2995833333337,62362.27824150163,72344.41804443665,0.8862368055555553,0.3783,1.7444
2025-07-29,138314.7451166667,62245.49916666664,77369.4341,1300.1881500000002,60799.68929856498,70602.11628523335,0.884627777777778,0.4164,1.7497
2025-07-30,138424.3644333334,64321.11038333332,78112.97474999998,4009.7207000000003,61314.139735816636,71541.74647147003,0.8796965277777778,0.3727,1.6898
2025-07-31,137423.31371666663,62728.31745,77728.4196166667,3033.423350000001,61364.80263236502,71337.21525775835,0.8814312499999999,0.381,1.7439
2025-08-01,92719.42410000006,71468.06443333332,47030.71046666665,25779.3508,34772.641482155,34877.19756588001,0.6663972222222216,0.1568,1.5892
2025-08-02,91562.24421666667,70635.21928333334,46717.612666666675,25790.58773333333,34754.648524481665,34534.71730673835,0.6621874999999999,0.1219,1.5378
2025-08-03,138062.48615,75223.00616666666,72984.17444999998,10144.694466666666,56835.15512972334,65255.20495674497,0.8333687500000001,0.3408,1.692
2025-08-04,138312.10695000004,72896.45186666666,73595.64668333333,8179.991600000001,57153.64393294501,65432.26486381169,0.8447847222222226,0.374,1.6947
2025-08-05,136458.4972833334,71306.18754999999,73103.01220000003,7950.702466666667,56817.80441731336,65363.55492144666,0.8445958333333334,0.3346,1.7018
2025-08-06,136716.0878,68601.68853333336,75122.61121666669,7008.211949999997,58496.999893208325,67777.62086858167,0.8577486111111113,0.3616,1.7116
2025-08-07,136850.7544666667,73462.76921666668,73620.06344999997,10232.0782,57268.35079990668,65915.94091891164,0.8411048611111114,0.3292,1.7422
2025-08-08,90703.21611666666,74928.04486666665,46340.631333333346,30565.460083333328,34466.09249112834,33740.10886855,0.6379520833333335,0.0665,1.5268
2025-08-09,90303.83175000001,71381.90275000001,46709.42038333334,27787.491383333338,34662.83880674501,34396.247377604996,0.6529750000000003,0.1714,1.5586
2025-08-10,136535.44471666668,71230.82566666669,72633.95871666663,7329.339666666664,56611.59128684667,65607.053373615,0.8486909722222221,0.3761,1.7523
2025-08-11,136422.2635166667,71861.01018333332,73727.19203333334,9165.938700000002,57504.85976511666,65623.03308743666,0.8396298611111114,0.3636,1.7686
2025-08-12,136637.59670000002,68877.05304999999,74024.67726666668,6264.133616666667,57767.03866310667,66663.343676265,0.8573708333333339,0.3472,1.7091
2025-08-13,136547.99718333333,70427.01773333333,72301.00966666666,6180.030216666667,56336.58541558666,64645.876881053315,0.8531652777777776,0.3789,1.7327
2025-08-14,135936.05536666673,70009.7643833333,74261.59484999998,8335.303866666663,58459.289437233325,67287.64333250333,0.8501201388888897,0.3843,1.7384
2025-08-15,89968.05776666664,72808.33088333336,46882.97584999999,29723.248966666677,34738.87243375,34563.22078216667,0.651215277777778,0.1119,1.6114
2025-08-16,90183.53035000002,73254.2499833333,46733.09346666667,29803.81310000001,34742.43072183833,34577.801451566665,0.6473409722222224,0.0685,1.5409
2025-08-17,135369.1165,72203.72288333334,73155.96861666667,9990.574999999999,57149.53832785499,65801.14424504332,0.8399000000000001,0.3386,1.7136
2025-08-18,135710.17471666666,71316.0591,73634.20204999999,9240.086433333332,57712.212246810006,66638.49609332833,0.8475611111111109,0.3325,1.7616
2025-08-19,135364.48288333332,71046.82283333332,73040.23409999999,8722.574050000001,56932.30815434167,65440.63614108667,0.8429152777777781,0.4324,1.7202
2025-08-20,135048.05366666664,64397.362600000015,75815.91528333334,5165.2242166666665,59806.49881725833,69376.30293619334,0.8663486111111109,0.4085,1.7251
2025-08-21,134971.79890000005,69127.38041666664,72411.42293333335,6567.004450000001,56467.69835382832,64602.14631156332,0.8472069444444447,0.4163,1.7157
2025-08-22,90531.73040000001,69301.16100000001,47708.84375,26478.274350000003,35635.72083678668,35282.14052926833,0.6604708333333332,0.1444,1.5612
2025-08-23,89697.14623333335,67167.14008333332,47049.40898333332,24519.40283333333,35034.064337841664,34397.499881495,0.6591965277777777,0.1405,1.5209
2025-08-24,135068.07139999996,71334.48191666669,74663.79548333335,10930.206000000004,58517.00100995332,67336.21568143165,0.8410215277777778,0.3394,1.7075
2025-08-25,134511.61375000005,63738.526733333325,75740.0853333333,4966.998316666667,59394.64764668161,68254.61035535001,0.8601569444444445,0.3974,1.7083
2025-08-26,134368.9639333333,68840.14554999999,74007.82576666666,8479.007383333334,58134.17357043333,66459.33605106334,0.844418055555556,0.3224,1.6987
2025-08-27,133788.38209999996,65874.23323333335,75526.76941666668,7612.620550000001,59629.484122416674,68236.65719579668,0.8533874999999997,0.3375,1.7058
2025-08-28,134543.81656666673,63776.02158333331,74880.89586666669,4113.100883333335,59057.19741881831,67526.65972478331,0.8635048611111111,0.3748,1.7227
2025-08-29,88328.33255000004,65773.11219999999,47596.40381666668,25041.183466666665,35777.573459135,35011.87831743667,0.6645076388888889,0.1616,1.5608
2025-08-30,89025.08758333331,70512.36774999999,47482.19013333335,28969.47029999999,35422.13279040832,35185.48556277499,0.6546625,0.115,1.5978
2025-08-31,133365.35983333338,66718.73675000003,73840.5613333333,7193.93825,58087.843625714995,66017.47278205834,0.8465388888888891,0.4046,1.7034
2025-09-01,121263.61926666666,67689.48473333333,62315.89771666669,8741.763183333334,48747.87110956834,49098.633942905006,0.7517326388888886,0.3616,1.367
2025-09-02,121532.82414999999,67475.0683,63883.95788333333,9826.202033333333,50312.11687243668,51008.52256712666,0.7539930555555558,0.3185,1.3791
2025-09-03,121433.71643333328,65885.9991833333,64367.631583333336,8819.914333333332,50353.30122539499,51774.627711791654,0.7609944444444444,0.3744,1.3826
2025-09-04,121061.17303333328,67135.60748333334,64796.14035,10870.574800000002,51187.84951516331,52420.765753869986,0.7569979166666669,0.3556,1.3949
2025-09-05,75132.98044999997,68308.71878333333,38006.96444999999,31182.70278333333,28463.55868424334,23982.364388115002,0.5586402777777777,0.1454,1.2232
2025-09-06,75826.37416666666,68105.29046666666,38415.467800000006,30694.384099999992,28631.139591291663,24233.782849731662,0.5657111111111109,0.07,1.2147
2025-09-07,120781.00903333326,65820.02541666667,63456.20859999999,8495.224983333334,50091.82732689333,50913.92401582166,0.7593138888888888,0.3572,1.3878
2025-09-08,121400.5924333334,62005.02289999996,66008.27321666665,6612.703683333333,51891.90622017003,53237.278349888315,0.7735236111111112,0.3635,1.358
2025-09-09,121082.23558333331,67979.40131666664,65065.64465,11962.81038333333,51194.36979601833,52296.6193161,0.7518833333333332,0.2568,1.377
2025-09-10,121274.7884833333,59958.789833333314,66996.85206666666,5680.853416666668,53065.0490442517,54727.74326482,0.7818236111111113,0.3604,1.3717
2025-09-11,120746.77835,67250.69256666668,65031.3261,11535.240316666668,51512.58986424334,52545.21070706332,0.7530638888888889,0.301,1.368
2025-09-12,75687.22711666666,64135.570916666686,39290.651166666656,27738.99496666666,29371.051302246673,24719.81225847332,0.5750854166666666,0.112,1.219
2025-09-13,75063.58311666665,67056.48163333336,39228.59725000001,31221.495766666674,29396.981060776667,24669.371015928326,0.5665159722222223,0.0376,1.2673
2025-09-14,121237.69566666667,61138.37091666667,66457.37356666669,6358.048816666666,52647.187028200016,54073.912448365,0.7759062499999999,0.3774,1.3811
2025-09-15,120760.02988333326,65692.99924999998,66492.90795000001,11425.877316666667,52597.784245029994,54194.87764614667,0.761726388888889,0.3138,1.3666
2025-09-16,121843.35746666667,62351.587483333366,66949.99543333333,7458.225450000002,52753.94144973828,54631.58963939502,0.7779465277777778,0.3741,1.3713
2025-09-17,120924.79499999997,60964.676600000006,66996.25155,7036.1331500000015,53091.74165272334,54628.73168686999,0.7780548611111114,0.3228,1.3545
2025-09-18,120804.11636666667,61848.06525000002,66753.47768333335,7797.426566666666,53151.7493163683,54451.981540116685,0.7698256944444445,0.355,1.4221
2025-09-19,75287.12646666668,59185.77414999999,39692.773799999995,23591.42148333334,29747.213202358336,25159.85259877166,0.5932520833333332,0.2021,1.2857
2025-09-20,75330.72763333333,59685.29390000002,39862.66109999999,24217.22736666667,29974.698595589998,25097.90480612834,0.5874611111111112,0.0958,1.2367
2025-09-21,120862.28298333332,62574.7955,65447.72180000002,7160.234316666668,51862.01311321498,53670.51715796334,0.7738493055555558,0.36,1.3742
2025-09-22,121218.04173333332,60604.02185000003,67792.02398333333,7178.004100000003,53674.70306349167,55954.85784788001,0.7821659722222223,0.381,1.3934
2025-09-23,121182.28133333327,59065.66574999999,68594.91105,6478.295466666667,54741.3031984083,56821.42346683166,0.7817520833333335,0.3271,1.3866
2025-09-24,121014.19341666669,59950.96831666669,68132.78738333336,7069.562283333334,54066.52965507667,55740.74311459831,0.776109722222222,0.3701,1.3677
2025-09-25,120546.34714999993,60210.89825,67927.03196666668,7591.583066666665,53914.968197305025,55844.57362084501,0.7776076388888887,0.3266,1.3825
2025-09-26,74194.35371666665,56500.11021666666,39350.18343333334,21655.93993333333,29517.726698845,24547.48046241834,0.592813888888889,0.1786,1.1987
2025-09-27,75945.77174999999,58144.4695,41168.36466666664,23367.062416666664,31036.06481575167,26581.022498285005,0.5996840277777774,0.208,1.2231
2025-09-28,120389.61958333336,56901.990416666675,68584.17951666667,5096.550350000001,54510.69865682834,56536.224057944986,0.7893881944444443,0.3864,1.3665
2025-09-29,121111.41479999998,58351.523199999974,68989.65473333333,6229.763133333333,54954.826021446665,57128.68842099665,0.7877583333333334,0.3708,1.3651
2025-09-30,120916.4550666667,55494.28030000002,70865.78916666667,5443.6143999999995,56589.92983609336,58800.80763704004,0.7938243055555553,0.3589,1.3781
2025-10-01,117218.4547166667,67556.93318333333,62992.12560000001,13330.604066666667,49151.35330043166,49396.95491872334,0.7381555555555553,0.2329,1.3138
2025-10-02,117231.70978333335,65500.926666666666,63020.88366666664,11290.100549999997,49400.83698513833,49705.38955285334,0.7419722222222221,0.3234,1.3383
2025-10-03,71524.19113333334,63707.03743333335,36517.01085,28699.85715,26891.008589966656,21777.389214985003,0.5579645833333334,0.0924,1.1747
2025-10-04,72397.41483333334,59301.4324,38001.11571666668,24905.133283333325,27978.65873311501,23184.81538001001,0.5858305555555554,0.132,1.1845
2025-10-05,117604.42090000001,62868.4598333333,64415.48101666663,9679.519949999998,50419.46419030835,50818.031154144985,0.7525611111111111,0.3247,1.303
2025-10-06,117896.13613333328,60163.02688333331,65456.029800000026,7722.92055,51463.259210473334,52466.85126930667,0.7684895833333335,0.3294,1.3468
2025-10-07,117357.17863333334,59585.615633333335,65689.18089999996,7917.617900000002,51727.56700586836,52263.719784578345,0.7657534722222223,0.341,1.3141
2025-10-08,117391.06235000002,60912.56668333336,64942.014133333316,8463.518466666668,51078.69518453166,51752.96703864666,0.7606854166666668,0.37,1.3239
2025-10-09,117432.98973333335,61673.00804999998,65581.37106666664,9821.389383333333,51747.46545047834,52598.43668689998,0.757803472222222,0.3337,1.3793
2025-10-10,72371.53011666665,63027.91920000001,38334.00893333334,28990.39801666666,28256.615963899996,23027.83614104166,0.5595319444444445,0.039,1.1569
2025-10-11,71790.96475000001,57684.65116666668,38358.93883333332,24252.62525,28476.846116284996,23636.802228313336,0.5845513888888889,0.155,1.184
2025-10-12,117709.38418333343,59194.428200000024,65679.15679999997,7164.200816666668,51819.08809223837,52348.74013242833,0.7663437499999998,0.3076,1.3451
2025-10-13,117677.75383333328,60650.35853333334,65973.83906666668,8946.443766666667,52166.23242843,53063.07454357332,0.7646513888888884,0.3599,1.3254
2025-10-14,118032.22918333329,57258.39990000001,68004.41751666668,7230.588233333333,53738.36993938333,54846.79672311168,0.7730666666666669,0.3194,1.3729
2025-10-15,117342.48076666665,55422.457116666665,67222.83060000002,5302.806949999999,53115.75058907663,54430.384650930006,0.7760555555555555,0.3279,1.3505
2025-10-16,117733.27633333342,54766.80338333334,69379.53594999999,6413.062999999999,55099.5995421517,56691.529808906664,0.7822208333333336,0.3224,1.3193
2025-10-17,71943.17253333332,55938.97321666669,38542.991366666676,22538.79205,28542.01303276,23627.971806838326,0.5888062500000001,0.1661,1.1647
2025-10-18,71656.70145,55580.10818333332,38804.58916666667,22727.99589999999,28582.392767013327,23352.689966708345,0.5830680555555554,0.1762,1.1522
2025-10-19,117991.24738333335,54105.52484999999,69920.68156666665,6034.959033333335,55459.26572535999,57507.73280655337,0.7893604166666671,0.3396,1.3441
2025-10-20,117903.31864999999,53462.53628333333,69502.70515000002,5061.922783333334,55298.24669069165,56971.58465754167,0.7871270833333335,0.3284,1.3294
2025-10-21,117800.84898333333,51338.267633333315,69751.18228333331,3288.6009333333336,55359.677376051666,56942.14678280504,0.7953062500000003,0.3559,1.3281
2025-10-22,117671.98653333331,52117.08983333333,70269.22624999999,4714.32955,56042.82084043333,58117.45555068668,0.7929506944444445,0.3376,1.3348
2025-10-23,117212.01551666671,53832.51848333332,69159.37555000004,5779.878516666667,55005.662684516654,56490.508662076696,0.7813361111111115,0.3637,1.3254
2025-10-24,72135.51853333335,53715.46781666666,40017.41795000002,21597.36723333333,29861.488364920006,24592.646200739997,0.5963583333333334,0.1355,1.1463
2025-10-25,72042.78699999997,52644.35426666667,39595.94248333333,20197.509749999997,29429.62451856,24333.80313253668,0.5985090277777778,0.1778,1.172
2025-10-26,117422.34435000003,52878.03233333336,69173.80648333335,4629.494466666666,54838.91192598834,56531.92958116998,0.7873305555555553,0.3661,1.3094
2025-10-27,117790.56431666669,54237.98265,70531.46799999998,6978.886333333331,56003.30162540833,57979.0051740617,0.7828958333333332,0.3474,1.3209
2025-10-28,117514.1448,51541.723099999996,70532.98494999997,4560.563249999999,56105.51197558499,58301.80640999667,0.7930666666666668,0.3814,1.363
2025-10-29,117721.61451666668,48409.35771666665,71974.31909999998,2662.0623,57634.33904457665,60080.789487094975,0.8069569444444444,0.3617,1.3399
2025-10-30,116916.07056666672,52128.25291666663,70245.72159999998,5457.90395,55943.112075688325,58315.32618356167,0.7919604166666665,0.3217,1.3188
2025-10-31,71748.98903333333,47844.69696666666,40450.52553333334,16546.23346666666,30229.047712980017,25230.06504066,0.6177326388888891,0.2016,1.1689
2025-11-01,71974.20948333332,49430.171050000004,40293.52953333333,17749.4911,29836.46091345334,24520.450621986663,0.6046034722222221,0.2088,1.193
2025-11-02,117843.23631666669,49046.852383333324,72229.32363333333,3432.9397000000004,57732.872975199985,60369.04392205164,0.8022444444444443,0.3823,1.3248
2025-11-03,117808.91503333341,48303.98475,71713.48978333335,2208.5595,57026.693740794995,59488.42483706167,0.8054708333333332,0.3421,1.3314
2025-11-04,117396.61073333335,49816.538699999976,71653.78745000002,4073.7154166666674,57210.617968554994,59640.985999655,0.7975826388888886,0.3595,1.335
2025-11-05,117764.40761666656,48086.38755000001,72775.54613333331,3097.526066666667,58061.844077660004,60929.36210416833,0.8089555555555558,0.3759,1.328
2025-11-06,117713.09413333335,46343.5095833333,73309.52270000002,1939.938150000001,58844.21382836502,62130.88612396166,0.8150673611111113,0.3771,1.3718
2025-11-07,72212.37866666669,48893.91688333335,41237.32223333333,17918.860449999996,30948.902384421657,25907.12585759499,0.6155340277777775,0.2158,1.1963
2025-11-08,72034.86681666662,48243.659716666676,40561.78883333335,16770.581733333336,30266.735356788337,25194.798395388338,0.6173409722222224,0.242,1.2197
2025-11-09,117877.67016666666,46530.85298333334,73837.96445000001,2491.1472666666673,59213.71990976168,62286.49831727497,0.8103173611111111,0.3516,1.3403
2025-11-10,118420.10276666663,44561.65966666668,74991.64793333334,1133.2048333333335,60307.033999674975,63916.51304249166,0.8189729166666667,0.2992,1.3367
2025-11-11,117957.86745000003,46398.84778333333,74131.41224999998,2572.3925833333333,59400.422559523344,62683.889201576654,0.8138590277777775,0.3475,1.3296
2025-11-12,117416.7138333333,46460.726083333364,73931.49851666669,2975.5107666666663,59438.10071228834,62899.62571186,0.8123951388888889,0.3489,1.3537
2025-11-13,117780.10726666672,45384.23595,73866.95758333332,1471.0862666666665,59296.87265173665,62763.72231114997,0.8185361111111118,0.3456,1.3222
2025-11-14,71737.89309999997,44139.437800000014,41445.73386666667,13847.278566666668,31114.653577008332,25885.963029473336,0.6290784722222221,0.2419,1.1899
2025-11-15,72466.97681666669,44255.08989999999,41887.59245,13675.705533333336,31412.78569685001,26306.215373666666,0.6287680555555554,0.2532,1.1995
2025-11-16,118360.27023333334,43925.72585000002,76223.72014999996,1789.175766666667,61347.402191895,65229.11665735167,0.820579861111111,0.3594,1.3416
2025-11-17,117269.71064999995,44573.956316666656,74681.84706666667,1986.092733333334,60022.248794476676,63659.42370390666,0.8158548611111116,0.3623,1.3437
2025-11-18,117783.68650000001,42893.13466666667,75478.32530000001,587.7734666666664,60641.252919448365,64055.22976526001,0.8219125000000002,0.3257,1.3419
2025-11-19,118179.70134999999,42811.389749999995,76772.89356666662,1404.5819666666669,61832.133961213345,66103.27311916498,0.8290138888888886,0.3761,1.3453
2025-11-20,117846.4572333333,43053.381199999996,75808.48121666665,1015.4051833333334,61066.686334085,64785.767515981664,0.8211791666666669,0.3421,1.4244
2025-11-21,71999.17710000002,43134.79303333333,42312.27291666666,13447.888850000003,31613.21587340833,26494.177226438343,0.632634027777778,0.2524,1.1626
2025-11-22,72549.91013333331,42330.080649999996,42804.866416666664,12585.036933333335,32129.677307008333,27124.635340194993,0.6366750000000004,0.2376,1.1753
2025-11-23,117782.69220000006,42550.595916666665,76947.85211666666,1715.7558333333334,62055.78547912999,66265.99996768836,0.8264944444444443,0.3495,1.346
2025-11-24,117975.68781666661,43813.74411666667,75898.33721666665,1736.393516666667,60961.788379563346,64872.07226884331,0.8210506944444443,0.3605,1.3475
2025-11-25,117682.39221666665,41513.731750000006,77002.42851666668,833.7680500000002,61969.66526411496,65615.17003674999,0.8241243055555555,0.3452,1.3383
2025-11-26,117686.43673333329,40928.76985,77135.76621666663,378.0993333333333,62268.633951624994,66471.65899129836,0.8299340277777778,0.2983,1.3677
2025-11-27,117198.14164999999,41417.24891666667,76682.73811666669,901.8453833333332,61823.217268358305,65953.82937141496,0.8285638888888885,0.3187,1.3841
2025-11-28,72239.02128333334,41317.782733333326,42813.363083333315,11892.12453333333,32412.39301374333,27021.675128893334,0.6340243055555553,0.2408,1.184
2025-11-29,72156.19988333338,37226.74978333334,43145.4656,8216.0155,32417.02262804999,27151.45057934333,0.6504381944444445,0.2736,1.1734
2025-11-30,118008.83443333335,37764.006316666666,80255.53603333332,10.707916666666582,64736.13320159668,69567.01703290336,0.8395993055555553,0.3651,1.3886
2025-12-01,125291.39163333333,38992.46390000001,86340.35501666662,41.427283333333285,69297.81956409336,80404.17229398333,0.9076055555555556,0.361,1.5873
2025-12-02,125400.62360000004,36762.81365000002,88637.80995000004,0.0,71097.55920274668,82963.76321969001,0.9153138888888888,0.378,1.584
2025-12-03,124622.93113333336,37460.18256666666,87162.74856666666,0.0,69487.32140228835,80876.16091170331,0.9120326388888892,0.3713,1.584
2025-12-04,125336.25095000003,38565.04219999999,86809.95814999998,38.7494,69787.05891980165,80973.82399429502,0.9050854166666669,0.3853,1.5836
2025-12-05,78868.07108333331,37556.4434,48339.95076666667,7028.323083333333,36334.27407165834,33290.21709569499,0.7171770833333333,0.2354,1.4106
2025-12-06,79470.82115000002,35806.19033333333,49096.53904999997,5431.908233333334,36780.49886881334,33818.48111453502,0.7271965277777777,0.3005,1.4053
2025-12-07,125067.46291666664,37414.781666666655,87665.2538333333,12.572583333333418,70223.42056527163,81475.43196732832,0.9101083333333331,0.3908,1.6174
2025-12-08,124410.35393333336,36563.14281666667,87847.21111666669,0.0,70225.69616400667,81386.54025378499,0.9085152777777774,0.3445,1.6698
2025-12-09,124694.68108333337,37306.22681666668,87395.55988333334,7.1056166666667195,70428.46049235335,81596.25946855168,0.9057770833333336,0.3418,1.5404
2025-12-10,124378.7645166666,35991.146049999996,88387.61846666667,0.0,70461.17703269664,82373.04331023,0.9161590277777777,0.3834,1.6143
2025-12-11,123787.79896666668,37826.54426666666,85961.2547,0.0,68953.38996233331,78989.9696267183,0.8976340277777778,0.33,1.5835
2025-12-12,78661.70368333334,34947.290199999996,48263.31276666667,4548.899283333332,36277.88927612667,33161.995826045015,0.7237798611111111,0.2681,1.456
2025-12-13,78840.15755000005,35041.62416666667,48571.03085,4772.497466666667,36507.340413715014,33770.42617931501,0.7296965277777778,0.3133,1.4166
2025-12-14,124522.58584999999,35743.86405,88778.72180000001,0.0,71114.3182580583,83673.29981018335,0.9207375,0.3769,1.5687
2025-12-15,124305.22548333328,34835.667516666654,89469.5579666667,0.0,71408.93301141335,83401.60300943167,0.9144402777777777,0.3509,1.5558
2025-12-16,124646.94338333339,35228.852049999994,89418.0913333333,0.0,71483.55601874834,83128.45023958663,0.9109138888888886,0.3715,1.5512
2025-12-17,124466.55465000011,36274.70758333334,88191.84706666663,0.0,70361.1329005717,81651.67185009496,0.9088097222222216,0.3507,1.5634
2025-12-18,124315.35926666664,36949.09230000001,87452.45070000003,86.18373333333314,70334.01733193167,81876.63243172829,0.9094777777777776,0.3508,1.5699
2025-12-19,78593.32543333332,35684.93413333332,48831.630133333325,5923.238833333333,36822.727593081654,33823.462393800015,0.7250944444444444,0.2621,1.394
2025-12-20,78668.52011666665,35812.16786666666,49177.05495000002,6320.702699999999,37002.62550055165,33888.33181793334,0.7189708333333333,0.2632,1.3841
2025-12-21,124376.44096666666,35338.65910000001,89037.78186666664,0.0,71176.91742762167,82714.38546232833,0.910076388888889,0.3905,1.5659
2025-12-22,124718.45381666668,35781.02673333333,88937.42708333337,0.0,71228.20149309169,83609.09580878665,0.9192854166666667,0.3709,1.5876
2025-12-23,123956.65456666664,36698.56203333333,87258.09253333336,0.0,69914.42763348667,81175.98979168333,0.9126888888888887,0.3848,1.5836
2025-12-24,123954.37128333333,36099.81196666667,87854.55931666668,0.0,70611.09434845002,81920.25968142,0.9082652777777778,0.3591,1.547
2025-12-25,123789.85789999994,35977.40936666667,87812.44853333333,0.0,70291.37546617666,81620.588615165,0.910252083333334,0.2502,1.6252
2025-12-26,78270.30764999999,35262.68521666666,48715.39105000001,5707.768616666667,36612.72006128001,33672.42232859332,0.7237750000000003,0.278,1.4434
2025-12-27,78409.18393333338,35070.37486666668,48316.85590000003,4978.046833333333,36367.667447301654,33047.14089272832,0.7212277777777779,0.2681,1.4076
2025-12-28,123511.26975000008,36702.01499999999,86809.25475000001,0.0,69467.72491089666,80291.82817252999,0.9058916666666667,0.3477,1.5651
2025-12-29,123677.30638333336,36153.54011666667,87523.7662666666,0.0,69811.1918503767,80549.13798413669,0.90653125,0.3684,1.5396
2025-12-30,123526.50904999992,37302.10645000001,86243.38968333336,18.98708333333313,69150.83796149663,79471.32208337335,0.9004583333333334,0.3684,1.5554
2025-12-31,123791.70508333335,35145.28215000001,88646.42293333336,0.0,71050.97634988498,82489.97902297832,0.9102437499999999,0.3518,1.5632
