date,update_hour,interval,previous_kwh,new_kwh,increase_kwh,decrease_kwh,price
2025-02-01,6,36,0.0,0.0,0.0,0.0,0.9368
2025-02-01,6,37,0.0,0.0,0.0,0.0,0.8758
2025-02-01,6,38,0.0,0.0,0.0,0.0,0.8759
2025-02-01,6,39,0.0,0.0,0.0,0.0,0.8601
2025-02-01,6,40,0.0,0.0,0.0,0.0,0.8442
2025-02-01,6,41,0.0,0.0,0.0,0.0,0.8334
2025-02-01,6,42,0.0,0.0,0.0,0.0,0.8092
2025-02-01,6,43,0.0,0.0,0.0,0.0,0.7972
2025-02-01,6,44,0.0,0.0,0.0,0.0,0.7644
2025-02-01,6,45,0.0,0.0,0.0,0.0,0.6899
2025-02-01,6,46,0.0,0.0,0.0,0.0,0.86
2025-02-01,6,47,0.0,0.0,0.0,0.0,1.1617
2025-02-01,6,48,0.0,0.0,0.0,0.0,1.1683
2025-02-01,6,49,0.0,0.0,0.0,0.0,1.0956
2025-02-01,6,50,0.0,0.0,0.0,0.0,1.0849
2025-02-01,6,51,0.0,0.0,0.0,0.0,1.061
2025-02-01,6,52,0.0,0.0,0.0,0.0,1.043
2025-02-01,6,53,0.0,0.0,0.0,0.0,1.036
2025-02-01,6,54,0.0,0.0,0.0,0.0,1.0147
2025-02-01,6,55,0.0,0.0,0.0,0.0,0.9922
2025-02-01,6,56,0.0,0.0,0.0,0.0,0.97
2025-02-01,6,57,0.0,0.0,0.0,0.0,0.9422
2025-02-01,6,58,0.0,0.0,0.0,0.0,0.9569
2025-02-01,6,59,0.0,0.0,0.0,0.0,0.9977
2025-02-01,6,60,0.0,0.0,0.0,0.0,0.9919
2025-02-01,6,61,0.0,0.0,0.0,0.0,0.9588
2025-02-01,6,62,0.0,0.0,0.0,0.0,0.9549
2025-02-01,6,63,0.0,0.0,0.0,0.0,0.9839
2025-02-01,6,64,0.0,0.0,0.0,0.0,0.799
2025-02-01,6,65,0.0,0.0,0.0,0.0,0.5025
2025-02-01,6,66,292.6136107338832,0.0,0.0,292.6136107338832,0.4662
2025-02-01,6,67,0.0,0.0,0.0,0.0,0.5007
2025-02-01,6,68,0.0,0.0,0.0,0.0,0.4827
2025-02-01,6,69,0.0,0.0,0.0,0.0,0.4785
2025-02-01,6,70,452.32568611111094,0.0,0.0,452.32568611111094,0.4662
2025-02-01,6,71,441.4617833333331,18.503182755378873,0.0,422.9586005779542,0.4432
2025-02-01,6,72,450.61515277777767,450.61515277777767,0.0,0.0,0.4411
2025-02-01,6,73,0.0,0.0,0.0,0.0,0.4551
2025-02-01,6,74,275.0599583333345,275.0599583333345,0.0,0.0,0.4463
2025-02-01,6,75,516.8732777777775,516.8732777777775,0.0,0.0,0.4113
2025-02-01,6,76,0.0,0.0,0.0,0.0,0.5682
2025-02-01,6,77,0.0,0.0,0.0,0.0,0.8279
2025-02-01,6,78,0.0,0.0,0.0,0.0,0.8636
2025-02-01,6,79,0.0,0.0,0.0,0.0,0.8416
2025-02-01,6,80,0.0,0.0,0.0,0.0,0.8618
2025-02-01,6,81,0.0,0.0,0.0,0.0,0.8623
2025-02-01,6,82,0.0,0.0,0.0,0.0,0.9026
2025-02-01,6,83,0.0,0.0,0.0,0.0,0.9754
2025-02-01,6,84,0.0,0.0,0.0,0.0,1.0002
2025-02-01,6,85,0.0,0.0,0.0,0.0,0.9978
2025-02-01,6,86,0.0,0.0,0.0,0.0,1.0271
2025-02-01,6,87,0.0,0.0,0.0,0.0,1.0906
2025-02-01,6,88,0.0,0.0,0.0,0.0,0.9376
2025-02-01,6,89,142.70085000000006,92.72723333333329,0.0,49.97361666666677,0.6694
2025-02-01,6,90,489.17073885459564,272.8712110107285,0.0,216.29952784386717,0.66
2025-02-01,6,91,248.6349694444445,145.2987325726042,0.0,103.3362368718403,0.7217
2025-02-01,6,92,290.9852833333333,290.9852833333333,0.0,0.0,0.7308
2025-02-01,6,93,346.1481027777778,248.6732709578376,0.0,97.47483181994022,0.7534
2025-02-01,6,94,386.99705833333326,275.4859602061329,0.0,111.51109812720034,0.7823
2025-02-01,6,95,394.2920666666667,307.52591312350756,0.0,86.76615354315913,0.8055
2025-02-01,6,96,437.6855138888891,323.40543102383924,0.0,114.28008286504985,0.8271
2025-02-01,6,97,456.62114444444467,398.0217527777778,0.0,58.59939166666686,0.8519
2025-02-01,6,98,502.60204999999996,457.5537166666668,0.0,45.048333333333176,0.8791
2025-02-01,6,99,514.5579583333331,488.5013913772743,0.0,26.056566956058816,0.9024
2025-02-01,6,100,481.8310203333338,446.32217830304637,0.0,35.50884203028744,0.9163
2025-02-01,6,101,433.4230833333332,433.4230833333332,0.0,0.0,0.9264
2025-02-01,6,102,449.1497916666666,449.1497916666666,0.0,0.0,0.9462
2025-02-01,6,103,459.84554166666663,459.84554166666663,0.0,0.0,0.9742
2025-02-01,6,104,482.0040416666667,482.0040416666667,0.0,0.0,0.9862
2025-02-01,6,105,479.1279999999988,479.1279999999988,0.0,0.0,0.976
2025-02-01,6,106,461.9491083333332,461.9491083333332,0.0,0.0,1.0742
2025-02-01,6,107,0.0,0.0,0.0,0.0,1.2313
2025-02-01,6,108,0.0,0.0,0.0,0.0,1.2561
2025-02-01,6,109,0.0,0.0,0.0,0.0,1.2447
2025-02-01,6,110,0.0,0.0,0.0,0.0,1.2545
2025-02-01,6,111,0.0,0.0,0.0,0.0,1.2522
2025-02-01,6,112,0.0,0.0,0.0,0.0,1.2881
2025-02-01,6,113,0.0,0.0,0.0,0.0,1.3466
2025-02-01,6,114,0.0,0.0,0.0,0.0,1.3523
2025-02-01,6,115,0.0,0.0,0.0,0.0,1.3445
2025-02-01,6,116,0.0,0.0,0.0,0.0,1.3483
2025-02-01,6,117,0.0,0.0,0.0,0.0,1.349
2025-02-01,6,118,0.0,0.0,0.0,0.0,1.3473
2025-02-01,6,119,0.0,0.0,0.0,0.0,1.3482
2025-02-01,6,120,0.0,0.0,0.0,0.0,1.3513
2025-02-01,6,121,0.0,0.0,0.0,0.0,1.34
2025-02-01,6,122,0.0,0.0,0.0,0.0,1.3489
2025-02-01,6,123,0.0,0.0,0.0,0.0,1.3952
2025-02-01,6,124,0.0,0.0,0.0,0.0,1.2226
2025-02-01,6,125,512.2516666666666,512.2516666666666,0.0,0.0,0.9332
2025-02-01,6,126,503.95718333333326,503.95718333333326,0.0,0.0,0.9068
2025-02-01,6,127,472.4623416666666,472.4623416666666,0.0,0.0,0.9371
2025-02-01,6,128,472.2767127071818,472.2767127071818,0.0,0.0,0.9371
2025-02-01,6,129,456.75252499999976,456.75252499999976,0.0,0.0,0.9871
2025-02-01,6,130,440.58891229281926,440.58891229281926,0.0,0.0,0.7764
2025-02-01,6,131,445.24152062614957,445.24152062614957,0.0,0.0,0.4209
2025-02-01,6,132,663.9738425425744,663.9738425425744,0.0,0.0,0.3859
2025-02-01,6,133,433.77342500000003,433.77342500000003,0.0,0.0,0.4368
2025-02-01,6,134,467.1183333333332,467.1183333333332,0.0,0.0,0.4198
2025-02-01,6,135,444.3966666666666,444.3966666666666,0.0,0.0,0.4186
2025-02-01,6,136,424.7899416666667,424.7899416666667,0.0,0.0,0.4241
2025-02-01,6,137,430.38249999999994,430.38249999999994,0.0,0.0,0.4237
2025-02-01,6,138,420.60845833333326,420.60845833333326,0.0,0.0,0.4248
2025-02-01,6,139,427.1534416666666,427.1534416666666,0.0,0.0,0.424
2025-02-01,6,140,441.8266666666667,441.8266666666667,0.0,0.0,0.422
2025-02-01,6,141,441.8593333333334,441.8593333333334,0.0,0.0,0.424
2025-02-01,6,142,498.0293916666667,498.0293916666667,0.0,0.0,0.4271
2025-02-01,6,143,604.6624999999999,604.6624999999999,0.0,0.0,0.4276
2025-02-01,12,72,450.61515277777767,358.89474836876525,0.0,91.72040440901242,0.4411
2025-02-01,12,73,0.0,0.0,0.0,0.0,0.4551
2025-02-01,12,74,275.0599583333345,0.0,0.0,275.0599583333345,0.4463
2025-02-01,12,75,516.8732777777775,491.18117777777786,0.0,25.69209999999964,0.4113
2025-02-01,12,76,0.0,0.0,0.0,0.0,0.5682
2025-02-01,12,77,0.0,0.0,0.0,0.0,0.8279
2025-02-01,12,78,0.0,0.0,0.0,0.0,0.8636
2025-02-01,12,79,0.0,0.0,0.0,0.0,0.8416
2025-02-01,12,80,0.0,0.0,0.0,0.0,0.8618
2025-02-01,12,81,0.0,0.0,0.0,0.0,0.8623
2025-02-01,12,82,0.0,0.0,0.0,0.0,0.9026
2025-02-01,12,83,0.0,0.0,0.0,0.0,0.9754
2025-02-01,12,84,0.0,0.0,0.0,0.0,1.0002
2025-02-01,12,85,0.0,0.0,0.0,0.0,0.9978
2025-02-01,12,86,0.0,0.0,0.0,0.0,1.0271
2025-02-01,12,87,0.0,0.0,0.0,0.0,1.0906
2025-02-01,12,88,0.0,0.0,0.0,0.0,0.9376
2025-02-01,12,89,92.72723333333329,51.28232931843411,0.0,41.44490401489918,0.6694
2025-02-01,12,90,272.8712110107285,82.06377459799762,0.0,190.80743641273085,0.66
2025-02-01,12,91,145.2987325726042,143.43689659313878,0.0,1.8618359794654111,0.7217
2025-02-01,12,92,290.9852833333333,188.03522499999985,0.0,102.95005833333346,0.7308
2025-02-01,12,93,248.6732709578376,246.02429166666673,0.0,2.6489792911708605,0.7534
2025-02-01,12,94,275.4859602061329,275.4859602061329,0.0,0.0,0.7823
2025-02-01,12,95,307.52591312350756,307.52591312350756,0.0,0.0,0.8055
2025-02-01,12,96,323.40543102383924,323.40543102383924,0.0,0.0,0.8271
2025-02-01,12,97,398.0217527777778,398.0217527777778,0.0,0.0,0.8519
2025-02-01,12,98,457.5537166666668,458.7636249999994,1.2099083333326348,0.0,0.8791
2025-02-01,12,99,488.5013913772743,481.9225195160345,0.0,6.578871861239747,0.9024
2025-02-01,12,100,446.32217830304637,452.98438644810795,6.662208145061584,0.0,0.9163
2025-02-01,12,101,433.4230833333332,433.4230833333332,0.0,0.0,0.9264
2025-02-01,12,102,449.1497916666666,438.8310026864962,0.0,10.318788980170382,0.9462
2025-02-01,12,103,459.84554166666663,459.84554166666663,0.0,0.0,0.9742
2025-02-01,12,104,482.0040416666667,482.0040416666667,0.0,0.0,0.9862
2025-02-01,12,105,479.1279999999988,479.1279999999988,0.0,0.0,0.976
2025-02-01,12,106,461.9491083333332,461.9491083333332,0.0,0.0,1.0742
2025-02-01,12,107,0.0,0.0,0.0,0.0,1.2313
2025-02-01,12,108,0.0,0.0,0.0,0.0,1.2561
2025-02-01,12,109,0.0,0.0,0.0,0.0,1.2447
2025-02-01,12,110,0.0,0.0,0.0,0.0,1.2545
2025-02-01,12,111,0.0,0.0,0.0,0.0,1.2522
2025-02-01,12,112,0.0,0.0,0.0,0.0,1.2881
2025-02-01,12,113,0.0,0.0,0.0,0.0,1.3466
2025-02-01,12,114,0.0,0.0,0.0,0.0,1.3523
2025-02-01,12,115,0.0,0.0,0.0,0.0,1.3445
2025-02-01,12,116,0.0,0.0,0.0,0.0,1.3483
2025-02-01,12,117,0.0,0.0,0.0,0.0,1.349
2025-02-01,12,118,0.0,0.0,0.0,0.0,1.3473
2025-02-01,12,119,0.0,0.0,0.0,0.0,1.3482
2025-02-01,12,120,0.0,0.0,0.0,0.0,1.3513
2025-02-01,12,121,0.0,0.0,0.0,0.0,1.34
2025-02-01,12,122,0.0,0.0,0.0,0.0,1.3489
2025-02-01,12,123,0.0,0.0,0.0,0.0,1.3952
2025-02-01,12,124,0.0,0.0,0.0,0.0,1.2226
2025-02-01,12,125,512.2516666666666,512.2516666666666,0.0,0.0,0.9332
2025-02-01,12,126,503.95718333333326,503.95718333333326,0.0,0.0,0.9068
2025-02-01,12,127,472.4623416666666,472.4623416666666,0.0,0.0,0.9371
2025-02-01,12,128,472.2767127071818,472.2767127071818,0.0,0.0,0.9371
2025-02-01,12,129,456.75252499999976,456.75252499999976,0.0,0.0,0.9871
2025-02-01,12,130,440.58891229281926,440.58891229281926,0.0,0.0,0.7764
2025-02-01,12,131,445.24152062614957,445.24152062614957,0.0,0.0,0.4209
2025-02-01,12,132,663.9738425425744,663.9738425425744,0.0,0.0,0.3859
2025-02-01,12,133,433.77342500000003,433.77342500000003,0.0,0.0,0.4368
2025-02-01,12,134,467.1183333333332,467.1183333333332,0.0,0.0,0.4198
2025-02-01,12,135,444.3966666666666,444.3966666666666,0.0,0.0,0.4186
2025-02-01,12,136,424.7899416666667,424.7899416666667,0.0,0.0,0.4241
2025-02-01,12,137,430.38249999999994,430.38249999999994,0.0,0.0,0.4237
2025-02-01,12,138,420.60845833333326,420.60845833333326,0.0,0.0,0.4248
2025-02-01,12,139,427.1534416666666,427.1534416666666,0.0,0.0,0.424
2025-02-01,12,140,441.8266666666667,441.8266666666667,0.0,0.0,0.422
2025-02-01,12,141,441.8593333333334,441.8593333333334,0.0,0.0,0.424
2025-02-01,12,142,498.0293916666667,498.0293916666667,0.0,0.0,0.4271
2025-02-01,12,143,604.6624999999999,604.6624999999999,0.0,0.0,0.4276
2025-02-01,18,108,0.0,0.0,0.0,0.0,1.2561
2025-02-01,18,109,0.0,0.0,0.0,0.0,1.2447
2025-02-01,18,110,0.0,0.0,0.0,0.0,1.2545
2025-02-01,18,111,0.0,0.0,0.0,0.0,1.2522
2025-02-01,18,112,0.0,0.0,0.0,0.0,1.2881
2025-02-01,18,113,0.0,0.0,0.0,0.0,1.3466
2025-02-01,18,114,0.0,0.0,0.0,0.0,1.3523
2025-02-01,18,115,0.0,0.0,0.0,0.0,1.3445
2025-02-01,18,116,0.0,0.0,0.0,0.0,1.3483
2025-02-01,18,117,0.0,0.0,0.0,0.0,1.349
2025-02-01,18,118,0.0,0.0,0.0,0.0,1.3473
2025-02-01,18,119,0.0,0.0,0.0,0.0,1.3482
2025-02-01,18,120,0.0,0.0,0.0,0.0,1.3513
2025-02-01,18,121,0.0,0.0,0.0,0.0,1.34
2025-02-01,18,122,0.0,0.0,0.0,0.0,1.3489
2025-02-01,18,123,0.0,0.0,0.0,0.0,1.3952
2025-02-01,18,124,0.0,0.0,0.0,0.0,1.2226
2025-02-01,18,125,512.2516666666666,526.7997168276033,14.548050160936782,0.0,0.9332
2025-02-01,18,126,503.95718333333326,509.64463333333333,5.687450000000069,0.0,0.9068
2025-02-01,18,127,472.4623416666666,488.0706615364535,15.608319869786897,0.0,0.9371
2025-02-01,18,128,472.2767127071818,490.22072889442376,17.94401618724197,0.0,0.9371
2025-02-01,18,129,456.75252499999976,503.378992513796,46.62646751379623,0.0,0.9871
2025-02-01,18,130,440.58891229281926,475.4092916666667,34.82037937384746,0.0,0.7764
2025-02-01,18,131,445.24152062614957,445.07448347456415,0.0,0.16703715158541854,0.4209
2025-02-01,18,132,663.9738425425744,663.9738425425744,0.0,0.0,0.3859
2025-02-01,18,133,433.77342500000003,433.77342500000003,0.0,0.0,0.4368
2025-02-01,18,134,467.1183333333332,467.1183333333332,0.0,0.0,0.4198
2025-02-01,18,135,444.3966666666666,444.3966666666666,0.0,0.0,0.4186
2025-02-01,18,136,424.7899416666667,424.7899416666667,0.0,0.0,0.4241
2025-02-01,18,137,430.38249999999994,430.38249999999994,0.0,0.0,0.4237
2025-02-01,18,138,420.60845833333326,420.60845833333326,0.0,0.0,0.4248
2025-02-01,18,139,427.1534416666666,427.1534416666666,0.0,0.0,0.424
2025-02-01,18,140,441.8266666666667,441.8266666666667,0.0,0.0,0.422
2025-02-01,18,141,441.8593333333334,441.8593333333334,0.0,0.0,0.424
2025-02-01,18,142,498.0293916666667,498.0293916666667,0.0,0.0,0.4271
2025-02-01,18,143,604.6624999999999,604.6624999999999,0.0,0.0,0.4276
2025-02-02,6,36,255.2335277777778,108.2948173220193,0.0,146.9387104557585,0.9368
2025-02-02,6,37,907.8828833333332,869.845063555746,0.0,38.037819777587174,0.8758
2025-02-02,6,38,914.1694333333334,873.2400352609019,0.0,40.92939807243147,0.8759
2025-02-02,6,39,909.3528722222221,889.3443054165859,0.0,20.00856680563618,0.8601
2025-02-02,6,40,889.4274805555556,854.6643357619278,0.0,34.763144793627816,0.8442
2025-02-02,6,41,848.5550499999998,807.632761224549,0.0,40.92228877545085,0.8334
2025-02-02,6,42,834.1753083333333,824.4353620866308,0.0,9.739946246702516,0.8092
2025-02-02,6,43,797.8676444444445,797.8676444444445,0.0,0.0,0.7972
2025-02-02,6,44,738.1017333333334,724.4718599215148,0.0,13.629873411818608,0.7644
2025-02-02,6,45,1522.9170249999997,1459.3945296988907,0.0,63.522495301109075,0.6899
2025-02-02,6,46,732.9879111111111,713.5292916666666,0.0,19.45861944444448,0.86
2025-02-02,6,47,69.88548333333347,80.01170000000002,10.12621666666655,0.0,1.1617
2025-02-02,6,48,0.0,0.0,0.0,0.0,1.1683
2025-02-02,6,49,0.0,0.0,0.0,0.0,1.0956
2025-02-02,6,50,0.0,0.0,0.0,0.0,1.0849
2025-02-02,6,51,0.0,0.0,0.0,0.0,1.061
2025-02-02,6,52,0.0,0.0,0.0,0.0,1.043
2025-02-02,6,53,0.0,0.0,0.0,0.0,1.036
2025-02-02,6,54,0.0,0.0,0.0,0.0,1.0147
2025-02-02,6,55,0.0,0.0,0.0,0.0,0.9922
2025-02-02,6,56,0.0,0.0,0.0,0.0,0.97
2025-02-02,6,57,60.99203888889065,0.0,0.0,60.99203888889065,0.9422
2025-02-02,6,58,0.0,0.0,0.0,0.0,0.9569
2025-02-02,6,59,0.0,0.0,0.0,0.0,0.9977
2025-02-02,6,60,0.0,0.0,0.0,0.0,0.9919
2025-02-02,6,61,0.0,0.0,0.0,0.0,0.9588
2025-02-02,6,62,0.0,0.0,0.0,0.0,0.9549
2025-02-02,6,63,0.0,0.0,0.0,0.0,0.9839
2025-02-02,6,64,262.44866111111105,149.37461802849703,0.0,113.07404308261403,0.799
2025-02-02,6,65,1121.3408666666667,940.903486850917,0.0,180.43737981574964,0.5025
2025-02-02,6,66,1155.2606027777779,883.6732649956045,0.0,271.58733778217334,0.4662
2025-02-02,6,67,1148.6730222222218,892.9921559027741,0.0,255.68086631944766,0.5007
2025-02-02,6,68,1118.319775,922.5649852578704,0.0,195.75478974212956,0.4827
2025-02-02,6,69,1061.1008194444444,873.8419916666664,0.0,187.25882777777792,0.4785
2025-02-02,6,70,1005.410263888889,803.7523371946966,0.0,201.65792669419238,0.4662
2025-02-02,6,71,1012.5552999999998,773.9237463174456,0.0,238.6315536825541,0.4432
2025-02-02,6,72,1009.9450583333335,834.0168527837977,0.0,175.92820554953573,0.4411
2025-02-02,6,73,1021.7422166666669,844.2324276428744,0.0,177.50978902379245,0.4551
2025-02-02,6,74,969.2845249999998,869.9230554111639,0.0,99.36146958883592,0.4463
2025-02-02,6,75,978.8294250000001,903.8404905506201,0.0,74.98893444938005,0.4113
2025-02-02,6,76,1012.7275583333334,907.5350575893633,0.0,105.19250074397007,0.5682
2025-02-02,6,77,194.96785000000023,125.38796666666656,0.0,69.57988333333367,0.8279
2025-02-02,6,78,201.44822222222228,93.28949864823505,0.0,108.15872357398723,0.8636
2025-02-02,6,79,204.14733333333345,56.10385615064706,0.0,148.0434771826864,0.8416
2025-02-02,6,80,204.5994416666672,68.97906800026522,0.0,135.62037366640197,0.8618
2025-02-02,6,81,279.3922861111108,110.93047788360798,0.0,168.46180822750284,0.8623
2025-02-02,6,82,341.86986111111116,0.0,0.0,341.86986111111116,0.9026
2025-02-02,6,83,0.0,0.0,0.0,0.0,0.9754
2025-02-02,6,84,0.0,0.0,0.0,0.0,1.0002
2025-02-02,6,85,0.0,0.0,0.0,0.0,0.9978
2025-02-02,6,86,0.0,0.0,0.0,0.0,1.0271
2025-02-02,6,87,0.0,0.0,0.0,0.0,1.0906
2025-02-02,6,88,96.96007699999693,0.0,0.0,96.96007699999693,0.9376
2025-02-02,6,89,1288.4780333333333,1260.9938142883234,0.0,27.484219045009922,0.6694
2025-02-02,6,90,1339.4731555555552,1316.9273411553547,0.0,22.54581440020047,0.66
2025-02-02,6,91,1383.9242305555554,1324.6175018211993,0.0,59.30672873435606,0.7217
2025-02-02,6,92,1443.7609916666665,1200.2990496173177,0.0,243.46194204934886,0.7308
2025-02-02,6,93,652.6133777777775,652.6133777777775,0.0,0.0,0.7534
2025-02-02,6,94,704.9479555555557,694.0345326014458,0.0,10.913422954109933,0.7823
2025-02-02,6,95,712.3636666666666,707.3482681733224,0.0,5.015398493344264,0.8055
2025-02-02,6,96,790.7354250000001,766.1748367400494,0.0,24.56058825995069,0.8271
2025-02-02,6,97,814.2367416666668,814.2367416666668,0.0,0.0,0.8519
2025-02-02,6,98,870.1055416666666,870.1055416666666,0.0,0.0,0.8791
2025-02-02,6,99,902.9567861111109,902.9567861111109,0.0,0.0,0.9024
2025-02-02,6,100,950.8395388888891,944.5184948926443,0.0,6.321043996244839,0.9163
2025-02-02,6,101,989.7476666666666,966.1701378012364,0.0,23.57752886543028,0.9264
2025-02-02,6,102,1015.5431805555554,995.5329119753496,0.0,20.010268580205775,0.9462
2025-02-02,6,103,1023.5621111111111,992.4866126410939,0.0,31.075498470017237,0.9742
2025-02-02,6,104,1049.5742,1029.7054603356894,0.0,19.868739664310624,0.9862
2025-02-02,6,105,1083.5960583333335,1083.5960583333335,0.0,0.0,0.976
2025-02-02,6,106,941.4618833333332,941.4618833333332,0.0,0.0,1.0742
2025-02-02,6,107,750.1406689691358,736.282306685973,0.0,13.858362283162819,1.2313
2025-02-02,6,108,722.9171666666667,720.4999289355076,0.0,2.4172377311591617,1.2561
2025-02-02,6,109,748.0842500000001,745.4189833333334,0.0,2.665266666666753,1.2447
2025-02-02,6,110,723.85,723.85,0.0,0.0,1.2545
2025-02-02,6,111,741.9745416666666,739.7325886976431,0.0,2.2419529690234867,1.2522
2025-02-02,6,112,448.17382975720244,448.17382975720244,0.0,0.0,1.2881
2025-02-02,6,113,0.0,0.0,0.0,0.0,1.3466
2025-02-02,6,114,0.0,0.0,0.0,0.0,1.3523
2025-02-02,6,115,0.0,0.0,0.0,0.0,1.3445
2025-02-02,6,116,0.0,0.0,0.0,0.0,1.3483
2025-02-02,6,117,0.0,0.0,0.0,0.0,1.349
2025-02-02,6,118,0.0,0.0,0.0,0.0,1.3473
2025-02-02,6,119,0.0,0.0,0.0,0.0,1.3482
2025-02-02,6,120,0.0,0.0,0.0,0.0,1.3513
2025-02-02,6,121,0.0,0.0,0.0,0.0,1.34
2025-02-02,6,122,0.0,0.0,0.0,0.0,1.3489
2025-02-02,6,123,0.0,0.0,0.0,0.0,1.3952
2025-02-02,6,124,726.2071583333335,720.7922908211247,0.0,5.414867512208843,1.2226
2025-02-02,6,125,760.8225,759.6122420652166,0.0,1.2102579347833853,0.9332
2025-02-02,6,126,760.9223999999999,760.9223999999999,0.0,0.0,0.9068
2025-02-02,6,127,751.1580431069958,751.1580431069958,0.0,0.0,0.9371
2025-02-02,6,128,750.9975000000001,750.9975000000001,0.0,0.0,0.9371
2025-02-02,6,129,760.1139333333333,760.1139333333333,0.0,0.0,0.9871
2025-02-02,6,130,697.5109524691363,695.2088648619357,0.0,2.302087607200633,0.7764
2025-02-02,6,131,602.3941666666666,602.3941666666666,0.0,0.0,0.4209
2025-02-02,6,132,656.4921768518515,656.4921768518515,0.0,0.0,0.3859
2025-02-02,6,133,573.9799916666667,573.9799916666667,0.0,0.0,0.4368
2025-02-02,6,134,600.7416666666667,600.7416666666667,0.0,0.0,0.4198
2025-02-02,6,135,603.10195,603.10195,0.0,0.0,0.4186
2025-02-02,6,136,604.8803416666667,604.8803416666667,0.0,0.0,0.4241
2025-02-02,6,137,617.3025,617.3025,0.0,0.0,0.4237
2025-02-02,6,138,608.2523583333334,608.2523583333334,0.0,0.0,0.4248
2025-02-02,6,139,602.4124416666666,602.4124416666666,0.0,0.0,0.424
2025-02-02,6,140,604.0400000000001,604.0400000000001,0.0,0.0,0.422
2025-02-02,6,141,617.4717250000001,617.4717250000001,0.0,0.0,0.424
2025-02-02,6,142,621.8187583333333,621.8187583333333,0.0,0.0,0.4271
2025-02-02,6,143,619.1533333333334,619.1533333333334,0.0,0.0,0.4276
2025-02-02,12,72,834.0168527837977,834.0168527837977,0.0,0.0,0.4411
2025-02-02,12,73,844.2324276428744,844.2324276428744,0.0,0.0,0.4551
2025-02-02,12,74,869.9230554111639,855.210186775126,0.0,14.71286863603791,0.4463
2025-02-02,12,75,903.8404905506201,843.7736231689933,0.0,60.06686738162682,0.4113
2025-02-02,12,76,907.5350575893633,458.70203331948386,0.0,448.83302426987945,0.5682
2025-02-02,12,77,125.38796666666656,125.38796666666656,0.0,0.0,0.8279
2025-02-02,12,78,93.28949864823505,93.28949864823505,0.0,0.0,0.8636
2025-02-02,12,79,56.10385615064706,56.10385615064706,0.0,0.0,0.8416
2025-02-02,12,80,68.97906800026522,68.97906800026522,0.0,0.0,0.8618
2025-02-02,12,81,110.93047788360798,110.93047788360798,0.0,0.0,0.8623
2025-02-02,12,82,0.0,0.0,0.0,0.0,0.9026
2025-02-02,12,83,0.0,0.0,0.0,0.0,0.9754
2025-02-02,12,84,0.0,0.0,0.0,0.0,1.0002
2025-02-02,12,85,0.0,0.0,0.0,0.0,0.9978
2025-02-02,12,86,0.0,0.0,0.0,0.0,1.0271
2025-02-02,12,87,0.0,0.0,0.0,0.0,1.0906
2025-02-02,12,88,0.0,0.0,0.0,0.0,0.9376
2025-02-02,12,89,1260.9938142883234,1260.9938142883234,0.0,0.0,0.6694
2025-02-02,12,90,1316.9273411553547,1316.9273411553547,0.0,0.0,0.66
2025-02-02,12,91,1324.6175018211993,1324.6175018211968,0.0,2.5011104298755527e-12,0.7217
2025-02-02,12,92,1200.2990496173177,1134.0811977295223,0.0,66.2178518877954,0.7308
2025-02-02,12,93,652.6133777777775,661.3904246213531,8.77704684357559,0.0,0.7534
2025-02-02,12,94,694.0345326014458,695.0363626027101,1.0018300012643522,0.0,0.7823
2025-02-02,12,95,707.3482681733224,721.0370194221293,13.688751248806966,0.0,0.8055
2025-02-02,12,96,766.1748367400494,781.1984767327026,15.023639992653216,0.0,0.8271
2025-02-02,12,97,814.2367416666668,829.2021321027948,14.965390436128018,0.0,0.8519
2025-02-02,12,98,870.1055416666666,886.2322499581966,16.126708291530008,0.0,0.8791
2025-02-02,12,99,902.9567861111109,905.1447601455981,2.1879740344871834,0.0,0.9024
2025-02-02,12,100,944.5184948926443,959.2013690657085,14.682874173064192,0.0,0.9163
2025-02-02,12,101,966.1701378012364,998.0670111249109,31.896873323674527,0.0,0.9264
2025-02-02,12,102,995.5329119753496,1007.0020062544987,11.46909427914909,0.0,0.9462
2025-02-02,12,103,992.4866126410939,1001.8687834585705,9.382170817476663,0.0,0.9742
2025-02-02,12,104,1029.7054603356894,1029.7054603356894,0.0,0.0,0.9862
2025-02-02,12,105,1083.5960583333335,1083.5960583333335,0.0,0.0,0.976
2025-02-02,12,106,941.4618833333332,941.4618833333332,0.0,0.0,1.0742
2025-02-02,12,107,736.282306685973,736.282306685973,0.0,0.0,1.2313
2025-02-02,12,108,720.4999289355076,720.4999289355076,0.0,0.0,1.2561
2025-02-02,12,109,745.4189833333334,745.4189833333334,0.0,0.0,1.2447
2025-02-02,12,110,723.85,723.85,0.0,0.0,1.2545
2025-02-02,12,111,739.7325886976431,739.7325886976431,0.0,0.0,1.2522
2025-02-02,12,112,448.17382975720244,448.17382975720244,0.0,0.0,1.2881
2025-02-02,12,113,0.0,0.0,0.0,0.0,1.3466
2025-02-02,12,114,0.0,0.0,0.0,0.0,1.3523
2025-02-02,12,115,0.0,0.0,0.0,0.0,1.3445
2025-02-02,12,116,0.0,0.0,0.0,0.0,1.3483
2025-02-02,12,117,0.0,0.0,0.0,0.0,1.349
2025-02-02,12,118,0.0,0.0,0.0,0.0,1.3473
2025-02-02,12,119,0.0,0.0,0.0,0.0,1.3482
2025-02-02,12,120,0.0,0.0,0.0,0.0,1.3513
2025-02-02,12,121,0.0,0.0,0.0,0.0,1.34
2025-02-02,12,122,0.0,0.0,0.0,0.0,1.3489
2025-02-02,12,123,0.0,0.0,0.0,0.0,1.3952
2025-02-02,12,124,720.7922908211247,720.7922908211247,0.0,0.0,1.2226
2025-02-02,12,125,759.6122420652166,759.6122420652166,0.0,0.0,0.9332
2025-02-02,12,126,760.9223999999999,760.9223999999999,0.0,0.0,0.9068
2025-02-02,12,127,751.1580431069958,751.1580431069958,0.0,0.0,0.9371
2025-02-02,12,128,750.9975000000001,750.9975000000001,0.0,0.0,0.9371
2025-02-02,12,129,760.1139333333333,760.1139333333333,0.0,0.0,0.9871
2025-02-02,12,130,695.2088648619357,695.2088648619357,0.0,0.0,0.7764
2025-02-02,12,131,602.3941666666666,602.3941666666666,0.0,0.0,0.4209
2025-02-02,12,132,656.4921768518515,656.4921768518515,0.0,0.0,0.3859
2025-02-02,12,133,573.9799916666667,573.9799916666667,0.0,0.0,0.4368
2025-02-02,12,134,600.7416666666667,600.7416666666667,0.0,0.0,0.4198
2025-02-02,12,135,603.10195,603.10195,0.0,0.0,0.4186
2025-02-02,12,136,604.8803416666667,604.8803416666667,0.0,0.0,0.4241
2025-02-02,12,137,617.3025,617.3025,0.0,0.0,0.4237
2025-02-02,12,138,608.2523583333334,608.2523583333334,0.0,0.0,0.4248
2025-02-02,12,139,602.4124416666666,602.4124416666666,0.0,0.0,0.424
2025-02-02,12,140,604.0400000000001,604.0400000000001,0.0,0.0,0.422
2025-02-02,12,141,617.4717250000001,617.4717250000001,0.0,0.0,0.424
2025-02-02,12,142,621.8187583333333,621.8187583333333,0.0,0.0,0.4271
2025-02-02,12,143,619.1533333333334,619.1533333333334,0.0,0.0,0.4276
2025-02-02,18,108,720.4999289355076,720.4999289355076,0.0,0.0,1.2561
2025-02-02,18,109,745.4189833333334,745.4189833333334,0.0,0.0,1.2447
2025-02-02,18,110,723.85,723.85,0.0,0.0,1.2545
2025-02-02,18,111,739.7325886976431,739.7325886976431,0.0,0.0,1.2522
2025-02-02,18,112,448.17382975720244,448.17382975720244,0.0,0.0,1.2881
2025-02-02,18,113,0.0,0.0,0.0,0.0,1.3466
2025-02-02,18,114,0.0,0.0,0.0,0.0,1.3523
2025-02-02,18,115,0.0,0.0,0.0,0.0,1.3445
2025-02-02,18,116,0.0,0.0,0.0,0.0,1.3483
2025-02-02,18,117,0.0,0.0,0.0,0.0,1.349
2025-02-02,18,118,0.0,0.0,0.0,0.0,1.3473
2025-02-02,18,119,0.0,0.0,0.0,0.0,1.3482
2025-02-02,18,120,0.0,0.0,0.0,0.0,1.3513
2025-02-02,18,121,0.0,0.0,0.0,0.0,1.34
2025-02-02,18,122,0.0,0.0,0.0,0.0,1.3489
2025-02-02,18,123,0.0,0.0,0.0,0.0,1.3952
2025-02-02,18,124,720.7922908211247,720.7922908211247,0.0,0.0,1.2226
2025-02-02,18,125,759.6122420652166,759.6122420652166,0.0,0.0,0.9332
2025-02-02,18,126,760.9223999999999,760.9223999999999,0.0,0.0,0.9068
2025-02-02,18,127,751.1580431069958,751.1580431069958,0.0,0.0,0.9371
2025-02-02,18,128,750.9975000000001,750.9975000000001,0.0,0.0,0.9371
2025-02-02,18,129,760.1139333333333,760.1139333333333,0.0,0.0,0.9871
2025-02-02,18,130,695.2088648619357,695.7810583333332,0.5721934713975543,0.0,0.7764
2025-02-02,18,131,602.3941666666666,598.8133439693494,0.0,3.580822697317217,0.4209
2025-02-02,18,132,656.4921768518515,656.4921768518516,1.1368683772161603e-13,0.0,0.3859
2025-02-02,18,133,573.9799916666667,573.9799916666667,0.0,0.0,0.4368
2025-02-02,18,134,600.7416666666667,600.7416666666667,0.0,0.0,0.4198
2025-02-02,18,135,603.10195,602.93718166177,0.0,0.1647683382300329,0.4186
2025-02-02,18,136,604.8803416666667,604.8803416666667,0.0,0.0,0.4241
2025-02-02,18,137,617.3025,617.3025,0.0,0.0,0.4237
2025-02-02,18,138,608.2523583333334,608.2523583333334,0.0,0.0,0.4248
2025-02-02,18,139,602.4124416666666,599.4297515969147,0.0,2.982690069751925,0.424
2025-02-02,18,140,604.0400000000001,604.0400000000001,0.0,0.0,0.422
2025-02-02,18,141,617.4717250000001,617.4717250000001,0.0,0.0,0.424
2025-02-02,18,142,621.8187583333333,621.8187583333333,0.0,0.0,0.4271
2025-02-02,18,143,619.1533333333334,619.1533333333334,0.0,0.0,0.4276
2025-02-03,6,36,203.86173055555946,151.39146903572873,0.0,52.47026151983073,0.9368
2025-02-03,6,37,900.0745055555553,897.9655509290053,0.0,2.1089546265500303,0.8758
2025-02-03,6,38,915.400875,914.1199517307746,0.0,1.2809232692254682,0.8759
2025-02-03,6,39,909.8122750000001,909.8122750000001,0.0,0.0,0.8601
2025-02-03,6,40,893.3714027777778,891.2902477652555,0.0,2.081155012522345,0.8442
2025-02-03,6,41,849.9737666666665,846.4713521416085,0.0,3.502414525058043,0.8334
2025-02-03,6,42,838.0913138888889,821.3403554418433,0.0,16.750958447045605,0.8092
2025-02-03,6,43,792.1567138888889,772.642408667662,0.0,19.51430522122689,0.7972
2025-02-03,6,44,715.0575000000001,700.2450195440299,0.0,14.812480455970217,0.7644
2025-02-03,6,45,1470.0482722222223,1430.6468836526076,0.0,39.40138856961471,0.6899
2025-02-03,6,46,685.1577388888888,642.3112906544311,0.0,42.84644823445774,0.86
2025-02-03,6,47,29.791633333333834,0.0,0.0,29.791633333333834,1.1617
2025-02-03,6,48,0.0,0.0,0.0,0.0,1.1683
2025-02-03,6,49,0.0,0.0,0.0,0.0,1.0956
2025-02-03,6,50,0.0,0.0,0.0,0.0,1.0849
2025-02-03,6,51,0.0,0.0,0.0,0.0,1.061
2025-02-03,6,52,0.0,0.0,0.0,0.0,1.043
2025-02-03,6,53,0.0,0.0,0.0,0.0,1.036
2025-02-03,6,54,0.0,0.0,0.0,0.0,1.0147
2025-02-03,6,55,0.0,0.0,0.0,0.0,0.9922
2025-02-03,6,56,0.0,0.0,0.0,0.0,0.97
2025-02-03,6,57,300.7075833333333,0.0,0.0,300.7075833333333,0.9422
2025-02-03,6,58,0.0,0.0,0.0,0.0,0.9569
2025-02-03,6,59,0.0,0.0,0.0,0.0,0.9977
2025-02-03,6,60,0.0,0.0,0.0,0.0,0.9919
2025-02-03,6,61,0.0,0.0,0.0,0.0,0.9588
2025-02-03,6,62,0.0,0.0,0.0,0.0,0.9549
2025-02-03,6,63,0.0,0.0,0.0,0.0,0.9839
2025-02-03,6,64,307.40840000000014,188.07436693463762,0.0,119.33403306536252,0.799
2025-02-03,6,65,1203.9539166666668,1042.2553980997493,0.0,161.69851856691753,0.5025
2025-02-03,6,66,1259.5343111111113,1058.8501904198604,0.0,200.68412069125088,0.4662
2025-02-03,6,67,1231.904997222222,1038.955105712238,0.0,192.9498915099839,0.5007
2025-02-03,6,68,1174.920675,1023.8637365660112,0.0,151.05693843398888,0.4827
2025-02-03,6,69,1149.6888777777779,1033.6513166666664,0.0,116.03756111111147,0.4785
2025-02-03,6,70,1112.9801972222224,982.4937274685516,0.0,130.4864697536708,0.4662
2025-02-03,6,71,1095.190716666667,927.5114343422321,0.0,167.6792823244349,0.4432
2025-02-03,6,72,1071.5886861111112,1071.5886861111112,0.0,0.0,0.4411
2025-02-03,6,73,1096.0256222222222,1096.0256222222222,0.0,0.0,0.4551
2025-02-03,6,74,1042.8151166666667,1042.8151166666667,0.0,0.0,0.4463
2025-02-03,6,75,1044.6718444444443,1044.6718444444443,0.0,0.0,0.4113
2025-02-03,6,76,1083.013438888889,1083.013438888889,0.0,0.0,0.5682
2025-02-03,6,77,245.02445000000023,245.02445000000023,0.0,0.0,0.8279
2025-02-03,6,78,260.6434027777775,256.47955219507253,0.0,4.163850582704981,0.8636
2025-02-03,6,79,280.9957277777776,280.9957277777776,0.0,0.0,0.8416
2025-02-03,6,80,296.43598333333364,296.43598333333364,0.0,0.0,0.8618
2025-02-03,6,81,365.41714166666645,317.3754716719594,0.0,48.041669994707036,0.8623
2025-02-03,6,82,430.1214472222222,309.5673850820589,0.0,120.5540621401633,0.9026
2025-02-03,6,83,0.0,0.0,0.0,0.0,0.9754
2025-02-03,6,84,0.0,0.0,0.0,0.0,1.0002
2025-02-03,6,85,0.0,0.0,0.0,0.0,0.9978
2025-02-03,6,86,0.0,0.0,0.0,0.0,1.0271
2025-02-03,6,87,0.0,0.0,0.0,0.0,1.0906
2025-02-03,6,88,0.0,0.0,0.0,0.0,0.9376
2025-02-03,6,89,1380.8255666666664,1380.8255666666664,0.0,0.0,0.6694
2025-02-03,6,90,1409.0926527777779,1409.0926527777779,0.0,0.0,0.66
2025-02-03,6,91,1441.6263250000002,1441.6263250000002,0.0,0.0,0.7217
2025-02-03,6,92,1481.7496666666666,1481.7496666666666,0.0,0.0,0.7308
2025-02-03,6,93,1530.321966152261,1530.321966152261,0.0,0.0,0.7534
2025-02-03,6,94,720.056175,696.0935231738974,0.0,23.962651826102615,0.7823
2025-02-03,6,95,688.2893166666669,688.2893166666669,0.0,0.0,0.8055
2025-02-03,6,96,796.0372805555559,790.956490282988,0.0,5.0807902725678105,0.8271
2025-02-03,6,97,852.238252777778,852.238252777778,0.0,0.0,0.8519
2025-02-03,6,98,890.2313750000001,886.8177552666017,0.0,3.4136197333983773,0.8791
2025-02-03,6,99,890.2483,890.2483,0.0,0.0,0.9024
2025-02-03,6,100,934.9785166666669,934.9785166666669,0.0,0.0,0.9163
2025-02-03,6,101,991.0961833333336,991.0961833333336,0.0,0.0,0.9264
2025-02-03,6,102,1008.4754722222222,1008.4754722222222,0.0,0.0,0.9462
2025-02-03,6,103,1003.3205833333334,1003.3205833333334,0.0,0.0,0.9742
2025-02-03,6,104,1035.430125,1035.430125,0.0,0.0,0.9862
2025-02-03,6,105,1078.0740250000001,1078.0740250000001,0.0,0.0,0.976
2025-02-03,6,106,935.2326083333334,935.2326083333334,0.0,0.0,1.0742
2025-02-03,6,107,746.4430634283328,746.4430634283328,0.0,0.0,1.2313
2025-02-03,6,108,716.9725916666665,716.9725916666665,0.0,0.0,1.2561
2025-02-03,6,109,729.1618583333335,729.1618583333335,0.0,0.0,1.2447
2025-02-03,6,110,704.6458333333334,704.6458333333334,0.0,0.0,1.2545
2025-02-03,6,111,720.4504666666664,720.4504666666664,0.0,0.0,1.2522
2025-02-03,6,112,436.9931915000022,436.9931915000022,0.0,0.0,1.2881
2025-02-03,6,113,0.0,0.0,0.0,0.0,1.3466
2025-02-03,6,114,0.0,0.0,0.0,0.0,1.3523
2025-02-03,6,115,0.0,0.0,0.0,0.0,1.3445
2025-02-03,6,116,0.0,0.0,0.0,0.0,1.3483
2025-02-03,6,117,0.0,0.0,0.0,0.0,1.349
2025-02-03,6,118,0.0,0.0,0.0,0.0,1.3473
2025-02-03,6,119,0.0,0.0,0.0,0.0,1.3482
2025-02-03,6,120,0.0,0.0,0.0,0.0,1.3513
2025-02-03,6,121,0.0,0.0,0.0,0.0,1.34
2025-02-03,6,122,0.0,0.0,0.0,0.0,1.3489
2025-02-03,6,123,0.0,0.0,0.0,0.0,1.3952
2025-02-03,6,124,714.2170833333333,714.2170833333333,0.0,0.0,1.2226
2025-02-03,6,125,750.9916666666666,750.9916666666666,0.0,0.0,0.9332
2025-02-03,6,126,770.2990166666666,770.2990166666666,0.0,0.0,0.9068
2025-02-03,6,127,759.0317416666666,759.0317416666666,0.0,0.0,0.9371
2025-02-03,6,128,759.2124838333335,759.2124838333335,0.0,0.0,0.9371
2025-02-03,6,129,779.4533083333334,779.4533083333334,0.0,0.0,0.9871
2025-02-03,6,130,716.7734166666667,716.7734166666667,0.0,0.0,0.7764
2025-02-03,6,131,608.7363282921816,608.7363282921816,0.0,0.0,0.4209
2025-02-03,6,132,679.4791355967078,679.4791355967078,0.0,0.0,0.3859
2025-02-03,6,133,581.0793833333335,581.0793833333335,0.0,0.0,0.4368
2025-02-03,6,134,604.0300000000001,604.0300000000001,0.0,0.0,0.4198
2025-02-03,6,135,587.1915416666667,587.1915416666667,0.0,0.0,0.4186
2025-02-03,6,136,586.2043984999997,586.2043984999997,0.0,0.0,0.4241
2025-02-03,6,137,602.7625,602.7625,0.0,0.0,0.4237
2025-02-03,6,138,582.7709500000001,582.7709500000001,0.0,0.0,0.4248
2025-02-03,6,139,601.7593166666667,601.7593166666667,0.0,0.0,0.424
2025-02-03,6,140,634.9866666666668,634.9866666666668,0.0,0.0,0.422
2025-02-03,6,141,632.1721583333333,632.1721583333333,0.0,0.0,0.424
2025-02-03,6,142,624.4200583333334,624.4200583333334,0.0,0.0,0.4271
2025-02-03,6,143,597.2125,597.2125,0.0,0.0,0.4276
2025-02-03,12,72,1071.5886861111112,892.5557963165332,0.0,179.03288979457795,0.4411
2025-02-03,12,73,1096.0256222222222,923.1695403223247,0.0,172.8560818998975,0.4551
2025-02-03,12,74,1042.8151166666667,904.2786835165527,0.0,138.5364331501139,0.4463
2025-02-03,12,75,1044.6718444444443,880.6033782167051,0.0,164.06846622773924,0.4113
2025-02-03,12,76,1083.013438888889,669.671109704351,0.0,413.3423291845379,0.5682
2025-02-03,12,77,245.02445000000023,146.77709000472453,0.0,98.2473599952757,0.8279
2025-02-03,12,78,256.47955219507253,143.97609651041444,0.0,112.50345568465809,0.8636
2025-02-03,12,79,280.9957277777776,152.78856103387454,0.0,128.20716674390303,0.8416
2025-02-03,12,80,296.43598333333364,162.7214357885024,0.0,133.71454754483125,0.8618
2025-02-03,12,81,317.3754716719594,221.19346108453487,0.0,96.18201058742454,0.8623
2025-02-03,12,82,309.5673850820589,157.7221370928668,0.0,151.84524798919207,0.9026
2025-02-03,12,83,0.0,0.0,0.0,0.0,0.9754
2025-02-03,12,84,0.0,0.0,0.0,0.0,1.0002
2025-02-03,12,85,0.0,0.0,0.0,0.0,0.9978
2025-02-03,12,86,0.0,0.0,0.0,0.0,1.0271
2025-02-03,12,87,0.0,0.0,0.0,0.0,1.0906
2025-02-03,12,88,0.0,0.0,0.0,0.0,0.9376
2025-02-03,12,89,1380.8255666666664,1296.3613796830487,0.0,84.46418698361776,0.6694
2025-02-03,12,90,1409.0926527777779,1345.886352051923,0.0,63.20630072585482,0.66
2025-02-03,12,91,1441.6263250000002,518.6886425227742,0.0,922.937682477226,0.7217
2025-02-03,12,92,1481.7496666666666,1431.0262416666667,0.0,50.72342499999991,0.7308
2025-02-03,12,93,1530.321966152261,652.675832609475,0.0,877.646133542786,0.7534
2025-02-03,12,94,696.0935231738974,675.1338254919938,0.0,20.959697681903663,0.7823
2025-02-03,12,95,688.2893166666669,688.2893166666669,0.0,0.0,0.8055
2025-02-03,12,96,790.956490282988,778.688330316457,0.0,12.268159966531016,0.8271
2025-02-03,12,97,852.238252777778,852.238252777778,0.0,0.0,0.8519
2025-02-03,12,98,886.8177552666017,886.8177552666017,0.0,0.0,0.8791
2025-02-03,12,99,890.2483,890.2483,0.0,0.0,0.9024
2025-02-03,12,100,934.9785166666669,934.9785166666669,0.0,0.0,0.9163
2025-02-03,12,101,991.0961833333336,991.0961833333336,0.0,0.0,0.9264
2025-02-03,12,102,1008.4754722222222,1000.1713567398159,0.0,8.304115482406246,0.9462
2025-02-03,12,103,1003.3205833333334,1002.1194699633858,0.0,1.2011133699476204,0.9742
2025-02-03,12,104,1035.430125,1035.430125,0.0,0.0,0.9862
2025-02-03,12,105,1078.0740250000001,1078.0740250000001,0.0,0.0,0.976
2025-02-03,12,106,935.2326083333334,935.2326083333334,0.0,0.0,1.0742
2025-02-03,12,107,746.4430634283328,746.4430634283328,0.0,0.0,1.2313
2025-02-03,12,108,716.9725916666665,716.9725916666665,0.0,0.0,1.2561
2025-02-03,12,109,729.1618583333335,729.1618583333335,0.0,0.0,1.2447
2025-02-03,12,110,704.6458333333334,704.6458333333334,0.0,0.0,1.2545
2025-02-03,12,111,720.4504666666664,720.4504666666664,0.0,0.0,1.2522
2025-02-03,12,112,436.9931915000022,436.9931915000022,0.0,0.0,1.2881
2025-02-03,12,113,0.0,0.0,0.0,0.0,1.3466
2025-02-03,12,114,0.0,0.0,0.0,0.0,1.3523
2025-02-03,12,115,0.0,0.0,0.0,0.0,1.3445
2025-02-03,12,116,0.0,0.0,0.0,0.0,1.3483
2025-02-03,12,117,0.0,0.0,0.0,0.0,1.349
2025-02-03,12,118,0.0,0.0,0.0,0.0,1.3473
2025-02-03,12,119,0.0,0.0,0.0,0.0,1.3482
2025-02-03,12,120,0.0,0.0,0.0,0.0,1.3513
2025-02-03,12,121,0.0,0.0,0.0,0.0,1.34
2025-02-03,12,122,0.0,0.0,0.0,0.0,1.3489
2025-02-03,12,123,0.0,0.0,0.0,0.0,1.3952
2025-02-03,12,124,714.2170833333333,714.2170833333333,0.0,0.0,1.2226
2025-02-03,12,125,750.9916666666666,750.9916666666666,0.0,0.0,0.9332
2025-02-03,12,126,770.2990166666666,770.2990166666666,0.0,0.0,0.9068
2025-02-03,12,127,759.0317416666666,759.0317416666666,0.0,0.0,0.9371
2025-02-03,12,128,759.2124838333335,759.2124838333335,0.0,0.0,0.9371
2025-02-03,12,129,779.4533083333334,779.4533083333334,0.0,0.0,0.9871
2025-02-03,12,130,716.7734166666667,716.7734166666667,0.0,0.0,0.7764
2025-02-03,12,131,608.7363282921816,608.7363282921816,0.0,0.0,0.4209
2025-02-03,12,132,679.4791355967078,679.4791355967078,0.0,0.0,0.3859
2025-02-03,12,133,581.0793833333335,581.0793833333335,0.0,0.0,0.4368
2025-02-03,12,134,604.0300000000001,604.0300000000001,0.0,0.0,0.4198
2025-02-03,12,135,587.1915416666667,587.1915416666667,0.0,0.0,0.4186
2025-02-03,12,136,586.2043984999997,586.2043984999997,0.0,0.0,0.4241
2025-02-03,12,137,602.7625,602.7625,0.0,0.0,0.4237
2025-02-03,12,138,582.7709500000001,582.7709500000001,0.0,0.0,0.4248
2025-02-03,12,139,601.7593166666667,601.7593166666667,0.0,0.0,0.424
2025-02-03,12,140,634.9866666666668,634.9866666666668,0.0,0.0,0.422
2025-02-03,12,141,632.1721583333333,632.1721583333333,0.0,0.0,0.424
2025-02-03,12,142,624.4200583333334,624.4200583333334,0.0,0.0,0.4271
2025-02-03,12,143,597.2125,597.2125,0.0,0.0,0.4276
2025-02-03,18,108,716.9725916666665,716.9725916666665,0.0,0.0,1.2561
2025-02-03,18,109,729.1618583333335,729.1618583333335,0.0,0.0,1.2447
2025-02-03,18,110,704.6458333333334,704.6458333333334,0.0,0.0,1.2545
2025-02-03,18,111,720.4504666666664,720.4504666666664,0.0,0.0,1.2522
2025-02-03,18,112,436.9931915000022,436.9931915000022,0.0,0.0,1.2881
2025-02-03,18,113,0.0,0.0,0.0,0.0,1.3466
2025-02-03,18,114,0.0,0.0,0.0,0.0,1.3523
2025-02-03,18,115,0.0,0.0,0.0,0.0,1.3445
2025-02-03,18,116,0.0,0.0,0.0,0.0,1.3483
2025-02-03,18,117,0.0,0.0,0.0,0.0,1.349
2025-02-03,18,118,0.0,0.0,0.0,0.0,1.3473
2025-02-03,18,119,0.0,0.0,0.0,0.0,1.3482
2025-02-03,18,120,0.0,0.0,0.0,0.0,1.3513
2025-02-03,18,121,0.0,0.0,0.0,0.0,1.34
2025-02-03,18,122,0.0,0.0,0.0,0.0,1.3489
2025-02-03,18,123,0.0,0.0,0.0,0.0,1.3952
2025-02-03,18,124,714.2170833333333,714.2170833333333,0.0,0.0,1.2226
2025-02-03,18,125,750.9916666666666,750.9916666666666,0.0,0.0,0.9332
2025-02-03,18,126,770.2990166666666,770.2990166666666,0.0,0.0,0.9068
2025-02-03,18,127,759.0317416666666,759.0317416666666,0.0,0.0,0.9371
2025-02-03,18,128,759.2124838333335,759.2124838333335,0.0,0.0,0.9371
2025-02-03,18,129,779.4533083333334,779.4533083333334,0.0,0.0,0.9871
2025-02-03,18,130,716.7734166666667,718.9115750000002,2.1381583333335357,0.0,0.7764
2025-02-03,18,131,608.7363282921816,597.5763626181594,0.0,11.15996567402226,0.4209
2025-02-03,18,132,679.4791355967078,679.4791355967078,0.0,0.0,0.3859
2025-02-03,18,133,581.0793833333335,581.0793833333335,0.0,0.0,0.4368
2025-02-03,18,134,604.0300000000001,603.5085582972365,0.0,0.5214417027635818,0.4198
2025-02-03,18,135,587.1915416666667,587.1915416666667,0.0,0.0,0.4186
2025-02-03,18,136,586.2043984999997,586.2043984999997,0.0,0.0,0.4241
2025-02-03,18,137,602.7625,602.7625,0.0,0.0,0.4237
2025-02-03,18,138,582.7709500000001,582.7709500000001,0.0,0.0,0.4248
2025-02-03,18,139,601.7593166666667,601.7593166666667,0.0,0.0,0.424
2025-02-03,18,140,634.9866666666668,634.9866666666668,0.0,0.0,0.422
2025-02-03,18,141,632.1721583333333,632.1721583333333,0.0,0.0,0.424
2025-02-03,18,142,624.4200583333334,624.4200583333334,0.0,0.0,0.4271
2025-02-03,18,143,597.2125,597.2125,0.0,0.0,0.4276
2025-02-04,6,36,273.7119700907491,240.38071659728848,0.0,33.33125349346062,0.9368
2025-02-04,6,37,889.2719055555555,880.0497514809146,0.0,9.222154074640912,0.8758
2025-02-04,6,38,905.6935166666667,896.8009580347615,0.0,8.892558631905217,0.8759
2025-02-04,6,39,934.7785916666667,934.7785916666667,0.0,0.0,0.8601
2025-02-04,6,40,926.533636111111,918.0002735323942,0.0,8.533362578716833,0.8442
2025-02-04,6,41,863.5873833333333,849.171736026216,0.0,14.415647307117297,0.8334
2025-02-04,6,42,822.3388138888889,802.4968759854198,0.0,19.841937903469102,0.8092
2025-02-04,6,43,790.4115638888891,779.6638231216161,0.0,10.747740767272944,0.7972
2025-02-04,6,44,743.3360416666668,719.0884687565116,0.0,24.247572910155213,0.7644
2025-02-04,6,45,1522.2504888888889,1515.6126384482418,0.0,6.637850440647071,0.6899
2025-02-04,6,46,733.2998222222222,730.8931128188456,0.0,2.4067094033766807,0.86
2025-02-04,6,47,64.59176666666701,64.59176666666701,0.0,0.0,1.1617
2025-02-04,6,48,17.669000000000096,17.669000000000096,0.0,0.0,1.1683
2025-02-04,6,49,0.0,0.0,0.0,0.0,1.0956
2025-02-04,6,50,0.0,0.0,0.0,0.0,1.0849
2025-02-04,6,51,0.0,0.0,0.0,0.0,1.061
2025-02-04,6,52,0.0,0.0,0.0,0.0,1.043
2025-02-04,6,53,0.0,0.0,0.0,0.0,1.036
2025-02-04,6,54,0.0,0.0,0.0,0.0,1.0147
2025-02-04,6,55,0.0,0.0,0.0,0.0,0.9922
2025-02-04,6,56,0.0,0.0,0.0,0.0,0.97
2025-02-04,6,57,452.3702277777779,452.3702277777779,0.0,0.0,0.9422
2025-02-04,6,58,53.354213888889674,53.354213888889674,0.0,0.0,0.9569
2025-02-04,6,59,0.0,0.0,0.0,0.0,0.9977
2025-02-04,6,60,0.0,0.0,0.0,0.0,0.9919
2025-02-04,6,61,0.0,0.0,0.0,0.0,0.9588
2025-02-04,6,62,253.13485000000014,253.13485000000014,0.0,0.0,0.9549
2025-02-04,6,63,0.0,0.0,0.0,0.0,0.9839
2025-02-04,6,64,283.9312583333334,283.9312583333334,0.0,0.0,0.799
2025-02-04,6,65,1171.0571833333333,1171.0571833333333,0.0,0.0,0.5025
2025-02-04,6,66,1192.7416472222224,1146.789181628007,0.0,45.952465594215255,0.4662
2025-02-04,6,67,1156.4062944444445,1102.1431938177132,0.0,54.26310062673133,0.5007
2025-02-04,6,68,1122.2913916666666,1098.1898616146782,0.0,24.101530051988448,0.4827
2025-02-04,6,69,1123.3251555555557,1118.7732277777777,0.0,4.551927777778019,0.4785
2025-02-04,6,70,1047.8408861111116,1006.6359386354001,0.0,41.20494747571149,0.4662
2025-02-04,6,71,1011.6972166666668,909.4723384623065,0.0,102.22487820436027,0.4432
2025-02-04,6,72,1032.4996944444447,1032.4996944444447,0.0,0.0,0.4411
2025-02-04,6,73,1082.1373388888892,1082.1373388888892,0.0,0.0,0.4551
2025-02-04,6,74,1032.4437083333332,1032.4437083333332,0.0,0.0,0.4463
2025-02-04,6,75,1053.6305694444443,1053.6305694444443,0.0,0.0,0.4113
2025-02-04,6,76,1096.9866555555554,1096.9866555555554,0.0,0.0,0.5682
2025-02-04,6,77,276.56846666666695,247.63665555166483,0.0,28.93181111500212,0.8279
2025-02-04,6,78,278.3325972222224,278.3325972222224,0.0,0.0,0.8636
2025-02-04,6,79,291.33487499999967,272.33455878981545,0.0,19.000316210184224,0.8416
2025-02-04,6,80,312.86945833333334,312.86945833333334,0.0,0.0,0.8618
2025-02-04,6,81,343.76198888888894,328.99995672902776,0.0,14.762032159861178,0.8623
2025-02-04,6,82,375.0148361111112,344.7553310798361,0.0,30.259505031275125,0.9026
2025-02-04,6,83,0.0,0.0,0.0,0.0,0.9754
2025-02-04,6,84,0.0,0.0,0.0,0.0,1.0002
2025-02-04,6,85,0.0,0.0,0.0,0.0,0.9978
2025-02-04,6,86,0.0,0.0,0.0,0.0,1.0271
2025-02-04,6,87,0.0,0.0,0.0,0.0,1.0906
2025-02-04,6,88,354.4202270000001,87.55064120696733,0.0,266.8695857930328,0.9376
2025-02-04,6,89,1587.879783333333,1587.879783333333,0.0,0.0,0.6694
2025-02-04,6,90,1599.7240083333336,1599.7240083333336,0.0,0.0,0.66
2025-02-04,6,91,1615.2956111111112,1615.2956111111112,0.0,0.0,0.7217
2025-02-04,6,92,1635.5692083333333,1635.5692083333333,0.0,0.0,0.7308
2025-02-04,6,93,1680.0279361111116,1452.8878434601993,0.0,227.14009265091227,0.7534
2025-02-04,6,94,825.5657305555553,707.9517913912373,0.0,117.61393916431803,0.7823
2025-02-04,6,95,798.6858500000001,705.8279882559867,0.0,92.85786174401335,0.8055
2025-02-04,6,96,840.905022222222,752.5931904109602,0.0,88.31183181126175,0.8271
2025-02-04,6,97,905.834138888889,852.8084400797175,0.0,53.02569880917156,0.8519
2025-02-04,6,98,946.5963750000001,894.7274893463659,0.0,51.86888565363415,0.8791
2025-02-04,6,99,949.3718138888886,923.0879174351353,0.0,26.2838964537533,0.9024
2025-02-04,6,100,965.7019361111112,965.7019361111112,0.0,0.0,0.9163
2025-02-04,6,101,991.4229833333334,991.4229833333334,0.0,0.0,0.9264
2025-02-04,6,102,1012.6668222222221,1012.6668222222221,0.0,0.0,0.9462
2025-02-04,6,103,1011.5951888888889,1011.5951888888889,0.0,0.0,0.9742
2025-02-04,6,104,1050.9197749999998,1050.9197749999998,0.0,0.0,0.9862
2025-02-04,6,105,1089.2418166666669,1089.2418166666669,0.0,0.0,0.976
2025-02-04,6,106,940.0430583333334,940.0430583333334,0.0,0.0,1.0742
2025-02-04,6,107,739.166,739.166,0.0,0.0,1.2313
2025-02-04,6,108,708.84235,708.84235,0.0,0.0,1.2561
2025-02-04,6,109,724.5442500000001,724.5442500000001,0.0,0.0,1.2447
2025-02-04,6,110,709.1083333333332,709.1083333333332,0.0,0.0,1.2545
2025-02-04,6,111,693.7854916666666,693.7854916666666,0.0,0.0,1.2522
2025-02-04,6,112,514.0139416666675,514.0139416666675,0.0,0.0,1.2881
2025-02-04,6,113,0.0,0.0,0.0,0.0,1.3466
2025-02-04,6,114,0.0,0.0,0.0,0.0,1.3523
2025-02-04,6,115,0.0,0.0,0.0,0.0,1.3445
2025-02-04,6,116,0.0,0.0,0.0,0.0,1.3483
2025-02-04,6,117,0.0,0.0,0.0,0.0,1.349
2025-02-04,6,118,0.0,0.0,0.0,0.0,1.3473
2025-02-04,6,119,0.0,0.0,0.0,0.0,1.3482
2025-02-04,6,120,0.0,0.0,0.0,0.0,1.3513
2025-02-04,6,121,0.0,0.0,0.0,0.0,1.34
2025-02-04,6,122,0.0,0.0,0.0,0.0,1.3489
2025-02-04,6,123,0.0,0.0,0.0,0.0,1.3952
2025-02-04,6,124,716.5724916666667,716.5724916666667,0.0,0.0,1.2226
2025-02-04,6,125,740.7633333333331,740.7633333333331,0.0,0.0,0.9332
2025-02-04,6,126,743.3432583333333,743.3432583333333,0.0,0.0,0.9068
2025-02-04,6,127,744.9001750000001,744.9001750000001,0.0,0.0,0.9371
2025-02-04,6,128,742.0124999999998,742.0124999999998,0.0,0.0,0.9371
2025-02-04,6,129,775.6679583333333,775.6679583333333,0.0,0.0,0.9871
2025-02-04,6,130,707.3387083333334,707.3387083333334,0.0,0.0,0.7764
2025-02-04,6,131,567.0591666666667,567.0591666666667,0.0,0.0,0.4209
2025-02-04,6,132,557.5282916666667,557.5282916666667,0.0,0.0,0.3859
2025-02-04,6,133,574.50315,574.50315,0.0,0.0,0.4368
2025-02-04,6,134,575.3641666666665,575.3641666666665,0.0,0.0,0.4198
2025-02-04,6,135,585.9483666666665,585.9483666666665,0.0,0.0,0.4186
2025-02-04,6,136,595.1209416666666,595.1209416666666,0.0,0.0,0.4241
2025-02-04,6,137,606.3491666666666,606.3491666666666,0.0,0.0,0.4237
2025-02-04,6,138,590.8592666666667,590.8592666666667,0.0,0.0,0.4248
2025-02-04,6,139,599.8111916666667,599.8111916666667,0.0,0.0,0.424
2025-02-04,6,140,611.6,611.6,0.0,0.0,0.422
2025-02-04,6,141,622.5178416666668,622.5178416666668,0.0,0.0,0.424
2025-02-04,6,142,615.4541916666666,615.4541916666666,0.0,0.0,0.4271
2025-02-04,6,143,613.5541666666659,613.5541666666659,0.0,0.0,0.4276
2025-02-04,12,72,1032.4996944444447,847.3370897921902,0.0,185.16260465225446,0.4411
2025-02-04,12,73,1082.1373388888892,900.2432430350193,0.0,181.89409585386989,0.4551
2025-02-04,12,74,1032.4437083333332,878.111113540092,0.0,154.33259479324124,0.4463
2025-02-04,12,75,1053.6305694444443,870.2692890839993,0.0,183.361280360445,0.4113
2025-02-04,12,76,1096.9866555555554,660.1000193522149,0.0,436.8866362033406,0.5682
2025-02-04,12,77,247.63665555166483,129.34677013494343,0.0,118.2898854167214,0.8279
2025-02-04,12,78,278.3325972222224,128.60805339640115,0.0,149.72454382582123,0.8636
2025-02-04,12,79,272.33455878981545,142.11498596673903,0.0,130.21957282307642,0.8416
2025-02-04,12,80,312.86945833333334,181.93743404525003,0.0,130.9320242880833,0.8618
2025-02-04,12,81,328.99995672902776,248.41132250651344,0.0,80.58863422251432,0.8623
2025-02-04,12,82,344.7553310798361,0.0,0.0,344.7553310798361,0.9026
2025-02-04,12,83,0.0,0.0,0.0,0.0,0.9754
2025-02-04,12,84,0.0,0.0,0.0,0.0,1.0002
2025-02-04,12,85,0.0,0.0,0.0,0.0,0.9978
2025-02-04,12,86,0.0,0.0,0.0,0.0,1.0271
2025-02-04,12,87,0.0,0.0,0.0,0.0,1.0906
2025-02-04,12,88,87.55064120696733,0.0,0.0,87.55064120696733,0.9376
2025-02-04,12,89,1587.879783333333,1350.1599202227362,0.0,237.71986311059686,0.6694
2025-02-04,12,90,1599.7240083333336,1387.7325928733303,0.0,211.99141546000328,0.66
2025-02-04,12,91,1615.2956111111112,1413.5362342984636,0.0,201.7593768126476,0.7217
2025-02-04,12,92,1635.5692083333333,1287.2296661856199,0.0,348.3395421477135,0.7308
2025-02-04,12,93,1452.8878434601993,663.5024929951953,0.0,789.385350465004,0.7534
2025-02-04,12,94,707.9517913912373,671.3354652957983,0.0,36.616326095439035,0.7823
2025-02-04,12,95,705.8279882559867,688.3998118306972,0.0,17.428176425289507,0.8055
2025-02-04,12,96,752.5931904109602,742.1678645822366,0.0,10.425325828723658,0.8271
2025-02-04,12,97,852.8084400797175,829.3209671721021,0.0,23.48747290761537,0.8519
2025-02-04,12,98,894.7274893463659,878.9777732709761,0.0,15.74971607538987,0.8791
2025-02-04,12,99,923.0879174351353,898.7442229129196,0.0,24.343694522215742,0.9024
2025-02-04,12,100,965.7019361111112,933.7822471997886,0.0,31.919688911322623,0.9163
2025-02-04,12,101,991.4229833333334,983.8491720329545,0.0,7.573811300378907,0.9264
2025-02-04,12,102,1012.6668222222221,990.9468823313681,0.0,21.719939890853993,0.9462
2025-02-04,12,103,1011.5951888888889,1011.5951888888889,0.0,0.0,0.9742
2025-02-04,12,104,1050.9197749999998,1050.9197749999998,0.0,0.0,0.9862
2025-02-04,12,105,1089.2418166666669,1089.2418166666669,0.0,0.0,0.976
2025-02-04,12,106,940.0430583333334,939.5154883659096,0.0,0.5275699674238012,1.0742
2025-02-04,12,107,739.166,739.166,0.0,0.0,1.2313
2025-02-04,12,108,708.84235,708.84235,0.0,0.0,1.2561
2025-02-04,12,109,724.5442500000001,724.5442500000001,0.0,0.0,1.2447
2025-02-04,12,110,709.1083333333332,709.1083333333332,0.0,0.0,1.2545
2025-02-04,12,111,693.7854916666666,693.7854916666666,0.0,0.0,1.2522
2025-02-04,12,112,514.0139416666675,514.0139416666675,0.0,0.0,1.2881
2025-02-04,12,113,0.0,0.0,0.0,0.0,1.3466
2025-02-04,12,114,0.0,0.0,0.0,0.0,1.3523
2025-02-04,12,115,0.0,0.0,0.0,0.0,1.3445
2025-02-04,12,116,0.0,0.0,0.0,0.0,1.3483
2025-02-04,12,117,0.0,0.0,0.0,0.0,1.349
2025-02-04,12,118,0.0,0.0,0.0,0.0,1.3473
2025-02-04,12,119,0.0,0.0,0.0,0.0,1.3482
2025-02-04,12,120,0.0,0.0,0.0,0.0,1.3513
2025-02-04,12,121,0.0,0.0,0.0,0.0,1.34
2025-02-04,12,122,0.0,0.0,0.0,0.0,1.3489
2025-02-04,12,123,0.0,0.0,0.0,0.0,1.3952
2025-02-04,12,124,716.5724916666667,716.5724916666667,0.0,0.0,1.2226
2025-02-04,12,125,740.7633333333331,740.7633333333331,0.0,0.0,0.9332
2025-02-04,12,126,743.3432583333333,743.3432583333333,0.0,0.0,0.9068
2025-02-04,12,127,744.9001750000001,744.9001750000001,0.0,0.0,0.9371
2025-02-04,12,128,742.0124999999998,742.0124999999998,0.0,0.0,0.9371
2025-02-04,12,129,775.6679583333333,775.6679583333333,0.0,0.0,0.9871
2025-02-04,12,130,707.3387083333334,707.3387083333334,0.0,0.0,0.7764
2025-02-04,12,131,567.0591666666667,567.0591666666667,0.0,0.0,0.4209
2025-02-04,12,132,557.5282916666667,557.5282916666667,0.0,0.0,0.3859
2025-02-04,12,133,574.50315,574.50315,0.0,0.0,0.4368
2025-02-04,12,134,575.3641666666665,575.3641666666665,0.0,0.0,0.4198
2025-02-04,12,135,585.9483666666665,585.9483666666665,0.0,0.0,0.4186
2025-02-04,12,136,595.1209416666666,595.1209416666666,0.0,0.0,0.4241
2025-02-04,12,137,606.3491666666666,606.3491666666666,0.0,0.0,0.4237
2025-02-04,12,138,590.8592666666667,590.8592666666667,0.0,0.0,0.4248
2025-02-04,12,139,599.8111916666667,599.8111916666667,0.0,0.0,0.424
2025-02-04,12,140,611.6,611.6,0.0,0.0,0.422
2025-02-04,12,141,622.5178416666668,622.5178416666668,0.0,0.0,0.424
2025-02-04,12,142,615.4541916666666,615.4541916666666,0.0,0.0,0.4271
2025-02-04,12,143,613.5541666666659,613.5541666666659,0.0,0.0,0.4276
2025-02-04,18,108,708.84235,708.84235,0.0,0.0,1.2561
2025-02-04,18,109,724.5442500000001,724.5442500000001,0.0,0.0,1.2447
2025-02-04,18,110,709.1083333333332,709.1083333333332,0.0,0.0,1.2545
2025-02-04,18,111,693.7854916666666,693.7854916666666,0.0,0.0,1.2522
2025-02-04,18,112,514.0139416666675,514.0139416666675,0.0,0.0,1.2881
2025-02-04,18,113,0.0,0.0,0.0,0.0,1.3466
2025-02-04,18,114,0.0,0.0,0.0,0.0,1.3523
2025-02-04,18,115,0.0,0.0,0.0,0.0,1.3445
2025-02-04,18,116,0.0,0.0,0.0,0.0,1.3483
2025-02-04,18,117,0.0,0.0,0.0,0.0,1.349
2025-02-04,18,118,0.0,0.0,0.0,0.0,1.3473
2025-02-04,18,119,0.0,0.0,0.0,0.0,1.3482
2025-02-04,18,120,0.0,0.0,0.0,0.0,1.3513
2025-02-04,18,121,0.0,0.0,0.0,0.0,1.34
2025-02-04,18,122,0.0,0.0,0.0,0.0,1.3489
2025-02-04,18,123,0.0,0.0,0.0,0.0,1.3952
2025-02-04,18,124,716.5724916666667,716.5724916666667,0.0,0.0,1.2226
2025-02-04,18,125,740.7633333333331,740.7633333333331,0.0,0.0,0.9332
2025-02-04,18,126,743.3432583333333,743.3432583333333,0.0,0.0,0.9068
2025-02-04,18,127,744.9001750000001,744.9001750000001,0.0,0.0,0.9371
2025-02-04,18,128,742.0124999999998,742.0124999999998,0.0,0.0,0.9371
2025-02-04,18,129,775.6679583333333,775.6679583333333,0.0,0.0,0.9871
2025-02-04,18,130,707.3387083333334,709.4756012149311,2.136892881597646,0.0,0.7764
2025-02-04,18,131,567.0591666666667,568.0680830164384,1.0089163497717664,0.0,0.4209
2025-02-04,18,132,557.5282916666667,557.5282916666667,0.0,0.0,0.3859
2025-02-04,18,133,574.50315,574.9422818853378,0.4391318853378152,0.0,0.4368
2025-02-04,18,134,575.3641666666665,575.3641666666665,0.0,0.0,0.4198
2025-02-04,18,135,585.9483666666665,585.9483666666665,0.0,0.0,0.4186
2025-02-04,18,136,595.1209416666666,595.1209416666666,0.0,0.0,0.4241
2025-02-04,18,137,606.3491666666666,606.3491666666666,0.0,0.0,0.4237
2025-02-04,18,138,590.8592666666667,590.8592666666667,0.0,0.0,0.4248
2025-02-04,18,139,599.8111916666667,599.8111916666667,0.0,0.0,0.424
2025-02-04,18,140,611.6,611.6,0.0,0.0,0.422
2025-02-04,18,141,622.5178416666668,622.5178416666668,0.0,0.0,0.424
2025-02-04,18,142,615.4541916666666,615.4541916666666,0.0,0.0,0.4271
2025-02-04,18,143,613.5541666666659,613.5745944698183,0.020427803152415436,0.0,0.4276
2025-02-05,6,36,153.3310861111123,153.3310861111123,0.0,0.0,0.9368
2025-02-05,6,37,894.822922222222,875.9574189062618,0.0,18.865503315960268,0.8758
2025-02-05,6,38,904.27935,869.2031424549644,0.0,35.07620754503557,0.8759
2025-02-05,6,39,908.3040083333333,900.543926111096,0.0,7.760082222237315,0.8601
2025-02-05,6,40,893.6444777777778,887.1461547776471,0.0,6.498323000130654,0.8442
2025-02-05,6,41,839.7182166666665,815.7903328590636,0.0,23.92788380760294,0.8334
2025-02-05,6,42,801.4530861111111,801.4530861111111,0.0,0.0,0.8092
2025-02-05,6,43,774.8950333333333,774.8950333333333,0.0,0.0,0.7972
2025-02-05,6,44,734.4605250000001,734.4605250000001,0.0,0.0,0.7644
2025-02-05,6,45,1504.9748944444443,1451.511491182872,0.0,53.46340326157224,0.6899
2025-02-05,6,46,696.4337083333332,696.4337083333332,0.0,0.0,0.86
2025-02-05,6,47,38.234066666667104,59.31319357205939,21.079126905392286,0.0,1.1617
2025-02-05,6,48,11.396769444444544,18.921816154949056,7.525046710504512,0.0,1.1683
2025-02-05,6,49,0.0,0.0,0.0,0.0,1.0956
2025-02-05,6,50,0.0,0.0,0.0,0.0,1.0849
2025-02-05,6,51,0.0,0.0,0.0,0.0,1.061
2025-02-05,6,52,0.0,0.0,0.0,0.0,1.043
2025-02-05,6,53,0.0,0.0,0.0,0.0,1.036
2025-02-05,6,54,0.0,0.0,0.0,0.0,1.0147
2025-02-05,6,55,0.0,0.0,0.0,0.0,0.9922
2025-02-05,6,56,0.0,0.0,0.0,0.0,0.97
2025-02-05,6,57,456.06726388888865,456.06726388888865,0.0,0.0,0.9422
2025-02-05,6,58,0.0,0.0,0.0,0.0,0.9569
2025-02-05,6,59,0.0,0.0,0.0,0.0,0.9977
2025-02-05,6,60,0.0,0.0,0.0,0.0,0.9919
2025-02-05,6,61,0.0,0.0,0.0,0.0,0.9588
2025-02-05,6,62,64.68978333333104,64.68978333333104,0.0,0.0,0.9549
2025-02-05,6,63,0.0,0.0,0.0,0.0,0.9839
2025-02-05,6,64,189.26662499999986,189.26662499999986,0.0,0.0,0.799
2025-02-05,6,65,1050.6045666666664,1050.6045666666664,0.0,0.0,0.5025
2025-02-05,6,66,1109.0201333333334,1043.8876194273828,0.0,65.13251390595065,0.4662
2025-02-05,6,67,1081.76935,1045.966342378917,0.0,35.803007621083,0.5007
2025-02-05,6,68,1025.5062166666667,1025.5062166666667,0.0,0.0,0.4827
2025-02-05,6,69,999.4199666666666,999.4199666666666,0.0,0.0,0.4785
2025-02-05,6,70,964.1681333333336,964.1681333333336,0.0,0.0,0.4662
2025-02-05,6,71,953.2828166666666,953.2828166666666,0.0,0.0,0.4432
2025-02-05,6,72,949.8165861111111,949.8165861111111,0.0,0.0,0.4411
2025-02-05,6,73,965.1960555555557,965.1960555555557,0.0,0.0,0.4551
2025-02-05,6,74,919.7607916666665,919.7607916666665,0.0,0.0,0.4463
2025-02-05,6,75,953.7774027777775,953.7774027777775,0.0,0.0,0.4113
2025-02-05,6,76,1001.4528555555555,966.9250557873696,0.0,34.5277997681859,0.5682
2025-02-05,6,77,162.51116666666667,162.51116666666667,0.0,0.0,0.8279
2025-02-05,6,78,173.4925388888887,149.5881359049539,0.0,23.9044029839348,0.8636
2025-02-05,6,79,154.1032972222224,154.1032972222224,0.0,0.0,0.8416
2025-02-05,6,80,152.40014166666685,152.40014166666685,0.0,0.0,0.8618
2025-02-05,6,81,188.02070277777784,188.02070277777784,0.0,0.0,0.8623
2025-02-05,6,82,227.91663055555557,227.56728371062775,0.0,0.34934684492782253,0.9026
2025-02-05,6,83,0.0,0.0,0.0,0.0,0.9754
2025-02-05,6,84,0.0,0.0,0.0,0.0,1.0002
2025-02-05,6,85,0.0,0.0,0.0,0.0,0.9978
2025-02-05,6,86,0.0,0.0,0.0,0.0,1.0271
2025-02-05,6,87,0.0,0.0,0.0,0.0,1.0906
2025-02-05,6,88,0.0,0.0,0.0,0.0,0.9376
2025-02-05,6,89,1417.6332499999999,1302.9939343723254,0.0,114.63931562767448,0.6694
2025-02-05,6,90,1425.036733333333,1320.0828476297568,0.0,104.95388570357613,0.66
2025-02-05,6,91,1459.399386111111,1324.3179289904285,0.0,135.08145712068244,0.7217
2025-02-05,6,92,1516.5320250000002,1395.8858949242708,0.0,120.64613007572939,0.7308
2025-02-05,6,93,690.7686222222219,690.7686222222219,0.0,0.0,0.7534
2025-02-05,6,94,712.1820305555555,658.8910436288616,0.0,53.290986926693904,0.7823
2025-02-05,6,95,709.8440855281206,655.7711343337712,0.0,54.07295119434934,0.8055
2025-02-05,6,96,770.7801138888889,742.0975114928885,0.0,28.682602396000334,0.8271
2025-02-05,6,97,828.6430222222223,792.1538463516134,0.0,36.48917587060885,0.8519
2025-02-05,6,98,888.2057,857.8949138584758,0.0,30.310786141524204,0.8791
2025-02-05,6,99,918.3690138888882,892.6940101172498,0.0,25.67500377163833,0.9024
2025-02-05,6,100,951.6174027777778,931.2054527571753,0.0,20.41195002060249,0.9163
2025-02-05,6,101,995.0419666666664,960.0289275982642,0.0,35.013039068402236,0.9264
2025-02-05,6,102,1034.5744972222221,1020.8162607831888,0.0,13.75823643903334,0.9462
2025-02-05,6,103,1027.7678583333334,1008.6631314544636,0.0,19.10472687886977,0.9742
2025-02-05,6,104,1036.9151000000002,1014.2842861294487,0.0,22.630813870551492,0.9862
2025-02-05,6,105,1061.0151833333337,1061.0151833333337,0.0,0.0,0.976
2025-02-05,6,106,923.8489916666667,918.7733102329213,0.0,5.075681433745444,1.0742
2025-02-05,6,107,735.1591666666666,716.9426470694843,0.0,18.21651959718224,1.2313
2025-02-05,6,108,698.047375,690.6076765356703,0.0,7.439698464329695,1.2561
2025-02-05,6,109,712.6475083333335,710.4377013352901,0.0,2.2098069980434047,1.2447
2025-02-05,6,110,701.4891666666666,701.4891666666666,0.0,0.0,1.2545
2025-02-05,6,111,723.9602277777797,723.9602277777797,0.0,0.0,1.2522
2025-02-05,6,112,429.9238916666665,429.9238916666665,0.0,0.0,1.2881
2025-02-05,6,113,0.0,0.0,0.0,0.0,1.3466
2025-02-05,6,114,0.0,0.0,0.0,0.0,1.3523
2025-02-05,6,115,0.0,0.0,0.0,0.0,1.3445
2025-02-05,6,116,0.0,0.0,0.0,0.0,1.3483
2025-02-05,6,117,0.0,0.0,0.0,0.0,1.349
2025-02-05,6,118,0.0,0.0,0.0,0.0,1.3473
2025-02-05,6,119,0.0,0.0,0.0,0.0,1.3482
2025-02-05,6,120,0.0,0.0,0.0,0.0,1.3513
2025-02-05,6,121,0.0,0.0,0.0,0.0,1.34
2025-02-05,6,122,0.0,0.0,0.0,0.0,1.3489
2025-02-05,6,123,0.0,0.0,0.0,0.0,1.3952
2025-02-05,6,124,729.8221916666668,729.8221916666668,0.0,0.0,1.2226
2025-02-05,6,125,772.4224999999999,764.4267045594593,0.0,7.995795440540633,0.9332
2025-02-05,6,126,766.6561333333335,766.6561333333335,0.0,0.0,0.9068
2025-02-05,6,127,760.4461681069959,759.7798701261089,0.0,0.6662979808869522,0.9371
2025-02-05,6,128,775.5858333333335,775.5858333333335,0.0,0.0,0.9371
2025-02-05,6,129,783.9819416666668,778.555603012471,0.0,5.426338654195774,0.9871
2025-02-05,6,130,723.6466750000002,722.5834949078466,0.0,1.0631800921536296,0.7764
2025-02-05,6,131,619.9024999999998,619.9024999999998,0.0,0.0,0.4209
2025-02-05,6,132,698.6570115226335,698.6570115226335,0.0,0.0,0.3859
2025-02-05,6,133,578.5775583333334,578.5775583333334,0.0,0.0,0.4368
2025-02-05,6,134,600.6091666666667,600.6091666666667,0.0,0.0,0.4198
2025-02-05,6,135,570.1483416666667,570.1483416666667,0.0,0.0,0.4186
2025-02-05,6,136,577.0067416666667,577.0067416666667,0.0,0.0,0.4241
2025-02-05,6,137,618.88,618.88,0.0,0.0,0.4237
2025-02-05,6,138,581.2659500000001,581.2659500000001,0.0,0.0,0.4248
2025-02-05,6,139,580.0184583333333,580.0184583333333,0.0,0.0,0.424
2025-02-05,6,140,596.8783333333333,596.8783333333333,0.0,0.0,0.422
2025-02-05,6,141,612.5620083333333,612.5620083333333,0.0,0.0,0.424
2025-02-05,6,142,614.6622833333333,614.6622833333333,0.0,0.0,0.4271
2025-02-05,6,143,606.5798605833335,606.5798605833335,0.0,0.0,0.4276
2025-02-05,12,72,949.8165861111111,949.8165861111111,0.0,0.0,0.4411
2025-02-05,12,73,965.1960555555557,957.5073691233056,0.0,7.688686432250165,0.4551
2025-02-05,12,74,919.7607916666665,919.7607916666665,0.0,0.0,0.4463
2025-02-05,12,75,953.7774027777775,904.2984113552947,0.0,49.47899142248286,0.4113
2025-02-05,12,76,966.9250557873696,511.4579935923696,0.0,455.46706219500004,0.5682
2025-02-05,12,77,162.51116666666667,109.17941711417461,0.0,53.331749552492056,0.8279
2025-02-05,12,78,149.5881359049539,117.2017146126932,0.0,32.38642129226071,0.8636
2025-02-05,12,79,154.1032972222224,134.89764916454226,0.0,19.20564805768015,0.8416
2025-02-05,12,80,152.40014166666685,131.29394342977048,0.0,21.106198236896375,0.8618
2025-02-05,12,81,188.02070277777784,162.14707289534817,0.0,25.873629882429668,0.8623
2025-02-05,12,82,227.56728371062775,107.10013904527806,0.0,120.4671446653497,0.9026
2025-02-05,12,83,0.0,0.0,0.0,0.0,0.9754
2025-02-05,12,84,0.0,0.0,0.0,0.0,1.0002
2025-02-05,12,85,0.0,0.0,0.0,0.0,0.9978
2025-02-05,12,86,0.0,0.0,0.0,0.0,1.0271
2025-02-05,12,87,0.0,0.0,0.0,0.0,1.0906
2025-02-05,12,88,0.0,0.0,0.0,0.0,0.9376
2025-02-05,12,89,1302.9939343723254,1302.9939343723254,0.0,0.0,0.6694
2025-02-05,12,90,1320.0828476297568,1320.0828476297568,0.0,0.0,0.66
2025-02-05,12,91,1324.3179289904285,1324.3179289904285,0.0,0.0,0.7217
2025-02-05,12,92,1395.8858949242708,600.6419241027018,0.0,795.2439708215691,0.7308
2025-02-05,12,93,690.7686222222219,627.2134040325852,0.0,63.55521818963666,0.7534
2025-02-05,12,94,658.8910436288616,647.8698645990587,0.0,11.021179029802852,0.7823
2025-02-05,12,95,655.7711343337712,655.7711343337712,0.0,0.0,0.8055
2025-02-05,12,96,742.0975114928885,736.8114868610867,0.0,5.286024631801865,0.8271
2025-02-05,12,97,792.1538463516134,792.1538463516134,0.0,0.0,0.8519
2025-02-05,12,98,857.8949138584758,857.8949138584758,0.0,0.0,0.8791
2025-02-05,12,99,892.6940101172498,892.6940101172498,0.0,0.0,0.9024
2025-02-05,12,100,931.2054527571753,931.2054527571753,0.0,0.0,0.9163
2025-02-05,12,101,960.0289275982642,960.0289275982642,0.0,0.0,0.9264
2025-02-05,12,102,1020.8162607831888,1020.8162607831888,0.0,0.0,0.9462
2025-02-05,12,103,1008.6631314544636,1008.6631314544636,0.0,0.0,0.9742
2025-02-05,12,104,1014.2842861294487,1014.2842861294487,0.0,0.0,0.9862
2025-02-05,12,105,1061.0151833333337,1061.0151833333337,0.0,0.0,0.976
2025-02-05,12,106,918.7733102329213,918.7733102329213,0.0,0.0,1.0742
2025-02-05,12,107,716.9426470694843,716.9426470694843,0.0,0.0,1.2313
2025-02-05,12,108,690.6076765356703,690.6076765356703,0.0,0.0,1.2561
2025-02-05,12,109,710.4377013352901,710.4377013352901,0.0,0.0,1.2447
2025-02-05,12,110,701.4891666666666,701.4891666666666,0.0,0.0,1.2545
2025-02-05,12,111,723.9602277777797,723.9602277777797,0.0,0.0,1.2522
2025-02-05,12,112,429.9238916666665,429.9238916666665,0.0,0.0,1.2881
2025-02-05,12,113,0.0,0.0,0.0,0.0,1.3466
2025-02-05,12,114,0.0,0.0,0.0,0.0,1.3523
2025-02-05,12,115,0.0,0.0,0.0,0.0,1.3445
2025-02-05,12,116,0.0,0.0,0.0,0.0,1.3483
2025-02-05,12,117,0.0,0.0,0.0,0.0,1.349
2025-02-05,12,118,0.0,0.0,0.0,0.0,1.3473
2025-02-05,12,119,0.0,0.0,0.0,0.0,1.3482
2025-02-05,12,120,0.0,0.0,0.0,0.0,1.3513
2025-02-05,12,121,0.0,0.0,0.0,0.0,1.34
2025-02-05,12,122,0.0,0.0,0.0,0.0,1.3489
2025-02-05,12,123,0.0,0.0,0.0,0.0,1.3952
2025-02-05,12,124,729.8221916666668,729.8221916666668,0.0,0.0,1.2226
2025-02-05,12,125,764.4267045594593,764.4267045594593,0.0,0.0,0.9332
2025-02-05,12,126,766.6561333333335,766.6561333333335,0.0,0.0,0.9068
2025-02-05,12,127,759.7798701261089,759.7798701261089,0.0,0.0,0.9371
2025-02-05,12,128,775.5858333333335,775.5858333333335,0.0,0.0,0.9371
2025-02-05,12,129,778.555603012471,778.555603012471,0.0,0.0,0.9871
2025-02-05,12,130,722.5834949078466,722.5834949078466,0.0,0.0,0.7764
2025-02-05,12,131,619.9024999999998,619.9024999999998,0.0,0.0,0.4209
2025-02-05,12,132,698.6570115226335,698.6570115226335,0.0,0.0,0.3859
2025-02-05,12,133,578.5775583333334,578.5775583333334,0.0,0.0,0.4368
2025-02-05,12,134,600.6091666666667,600.6091666666667,0.0,0.0,0.4198
2025-02-05,12,135,570.1483416666667,570.1483416666667,0.0,0.0,0.4186
2025-02-05,12,136,577.0067416666667,577.0067416666667,0.0,0.0,0.4241
2025-02-05,12,137,618.88,618.88,0.0,0.0,0.4237
2025-02-05,12,138,581.2659500000001,581.2659500000001,0.0,0.0,0.4248
2025-02-05,12,139,580.0184583333333,580.0184583333333,0.0,0.0,0.424
2025-02-05,12,140,596.8783333333333,596.8783333333333,0.0,0.0,0.422
2025-02-05,12,141,612.5620083333333,612.5620083333333,0.0,0.0,0.424
2025-02-05,12,142,614.6622833333333,614.6622833333333,0.0,0.0,0.4271
2025-02-05,12,143,606.5798605833335,606.5798605833335,0.0,0.0,0.4276
2025-02-05,18,108,690.6076765356703,690.6076765356703,0.0,0.0,1.2561
2025-02-05,18,109,710.4377013352901,710.4377013352901,0.0,0.0,1.2447
2025-02-05,18,110,701.4891666666666,701.4891666666666,0.0,0.0,1.2545
2025-02-05,18,111,723.9602277777797,723.9602277777797,0.0,0.0,1.2522
2025-02-05,18,112,429.9238916666665,429.9238916666665,0.0,0.0,1.2881
2025-02-05,18,113,0.0,0.0,0.0,0.0,1.3466
2025-02-05,18,114,0.0,0.0,0.0,0.0,1.3523
2025-02-05,18,115,0.0,0.0,0.0,0.0,1.3445
2025-02-05,18,116,0.0,0.0,0.0,0.0,1.3483
2025-02-05,18,117,0.0,0.0,0.0,0.0,1.349
2025-02-05,18,118,0.0,0.0,0.0,0.0,1.3473
2025-02-05,18,119,0.0,0.0,0.0,0.0,1.3482
2025-02-05,18,120,0.0,0.0,0.0,0.0,1.3513
2025-02-05,18,121,0.0,0.0,0.0,0.0,1.34
2025-02-05,18,122,0.0,0.0,0.0,0.0,1.3489
2025-02-05,18,123,0.0,0.0,0.0,0.0,1.3952
2025-02-05,18,124,729.8221916666668,729.8221916666668,0.0,0.0,1.2226
2025-02-05,18,125,764.4267045594593,764.4267045594593,0.0,0.0,0.9332
2025-02-05,18,126,766.6561333333335,766.6561333333335,0.0,0.0,0.9068
2025-02-05,18,127,759.7798701261089,759.7798701261089,0.0,0.0,0.9371
2025-02-05,18,128,775.5858333333335,775.5858333333335,0.0,0.0,0.9371
2025-02-05,18,129,778.555603012471,778.555603012471,0.0,0.0,0.9871
2025-02-05,18,130,722.5834949078466,725.4443639501027,2.8608690422561267,0.0,0.7764
2025-02-05,18,131,619.9024999999998,609.1964807429039,0.0,10.706019257095932,0.4209
2025-02-05,18,132,698.6570115226335,698.6570115226335,0.0,0.0,0.3859
2025-02-05,18,133,578.5775583333334,578.5775583333334,0.0,0.0,0.4368
2025-02-05,18,134,600.6091666666667,600.6091666666667,0.0,0.0,0.4198
2025-02-05,18,135,570.1483416666667,570.1483416666667,0.0,0.0,0.4186
2025-02-05,18,136,577.0067416666667,577.0067416666667,0.0,0.0,0.4241
2025-02-05,18,137,618.88,618.88,0.0,0.0,0.4237
2025-02-05,18,138,581.2659500000001,581.2659500000001,0.0,0.0,0.4248
2025-02-05,18,139,580.0184583333333,580.0184583333333,0.0,0.0,0.424
2025-02-05,18,140,596.8783333333333,596.8783333333333,0.0,0.0,0.422
2025-02-05,18,141,612.5620083333333,611.6913243309464,0.0,0.8706840023869518,0.424
2025-02-05,18,142,614.6622833333333,614.6622833333333,0.0,0.0,0.4271
2025-02-05,18,143,606.5798605833335,606.5798605833335,0.0,0.0,0.4276
2025-02-06,6,36,265.4133888888889,255.2719711452728,0.0,10.141417743616103,0.9368
2025-02-06,6,37,909.384247222222,895.4303480927465,0.0,13.95389912947553,0.8758
2025-02-06,6,38,909.5205583333334,902.9664855638316,0.0,6.554072769501772,0.8759
2025-02-06,6,39,889.7687666666667,878.1681005472877,0.0,11.600666119378957,0.8601
2025-02-06,6,40,880.4816111111111,868.1292705534077,0.0,12.352340557703428,0.8442
2025-02-06,6,41,851.4139666666665,829.1067247155902,0.0,22.30724195107632,0.8334
2025-02-06,6,42,827.7579583333334,806.930749619351,0.0,20.827208713982373,0.8092
2025-02-06,6,43,799.6325694444445,785.2755577019517,0.0,14.357011742492773,0.7972
2025-02-06,6,44,749.0912416666667,714.6278888070358,0.0,34.46335285963096,0.7644
2025-02-06,6,45,1539.679125,1520.187712542026,0.0,19.491412457974093,0.6899
2025-02-06,6,46,755.123511111111,739.9684571306638,0.0,15.155053980447292,0.86
2025-02-06,6,47,83.29975000000047,57.997587598055816,0.0,25.302162401944656,1.1617
2025-02-06,6,48,41.962594444444335,3.7842409867487277,0.0,38.17835345769561,1.1683
2025-02-06,6,49,0.0,0.0,0.0,0.0,1.0956
2025-02-06,6,50,0.0,0.0,0.0,0.0,1.0849
2025-02-06,6,51,0.0,0.0,0.0,0.0,1.061
2025-02-06,6,52,0.0,0.0,0.0,0.0,1.043
2025-02-06,6,53,0.0,0.0,0.0,0.0,1.036
2025-02-06,6,54,0.0,0.0,0.0,0.0,1.0147
2025-02-06,6,55,0.0,0.0,0.0,0.0,0.9922
2025-02-06,6,56,0.0,0.0,0.0,0.0,0.97
2025-02-06,6,57,442.4761472222224,290.46536952150893,0.0,152.01077770071345,0.9422
2025-02-06,6,58,0.0,0.0,0.0,0.0,0.9569
2025-02-06,6,59,0.0,0.0,0.0,0.0,0.9977
2025-02-06,6,60,0.0,0.0,0.0,0.0,0.9919
2025-02-06,6,61,0.0,0.0,0.0,0.0,0.9588
2025-02-06,6,62,77.31452222222114,0.0,0.0,77.31452222222114,0.9549
2025-02-06,6,63,0.0,0.0,0.0,0.0,0.9839
2025-02-06,6,64,234.35513333333336,234.35513333333336,0.0,0.0,0.799
2025-02-06,6,65,1088.9545833333332,1068.3920375470516,0.0,20.56254578628159,0.5025
2025-02-06,6,66,1184.1062777777774,1102.4044828780775,0.0,81.70179489969996,0.4662
2025-02-06,6,67,1202.2091638888887,1108.0862556474237,0.0,94.12290824146498,0.5007
2025-02-06,6,68,1176.19535,1099.6502231776062,0.0,76.54512682239374,0.4827
2025-02-06,6,69,1182.019761111111,1117.1678330039836,0.0,64.85192810712738,0.4785
2025-02-06,6,70,1184.294205555556,1079.4191824259365,0.0,104.87502312961942,0.4662
2025-02-06,6,71,1217.2052333333331,1049.6101957762894,0.0,167.59503755704372,0.4432
2025-02-06,6,72,1166.8228250000002,1166.8228250000002,0.0,0.0,0.4411
2025-02-06,6,73,1184.6159333333335,1184.6159333333335,0.0,0.0,0.4551
2025-02-06,6,74,1155.8062499999999,1072.2710771926618,0.0,83.53517280733809,0.4463
2025-02-06,6,75,1134.7803166666667,1134.7803166666667,0.0,0.0,0.4113
2025-02-06,6,76,1144.4985833333335,1144.4985833333335,0.0,0.0,0.5682
2025-02-06,6,77,311.26633333333314,258.153714619325,0.0,53.112618714008136,0.8279
2025-02-06,6,78,339.4169333333332,339.4169333333332,0.0,0.0,0.8636
2025-02-06,6,79,336.1350361111113,292.124145233686,0.0,44.010890877425254,0.8416
2025-02-06,6,80,357.3646416666669,300.00407022783986,0.0,57.36057143882704,0.8618
2025-02-06,6,81,403.46202222222234,317.95124346853856,0.0,85.51077875368378,0.8623
2025-02-06,6,82,455.93706944444455,341.631915029226,0.0,114.30515441521857,0.9026
2025-02-06,6,83,0.0,0.0,0.0,0.0,0.9754
2025-02-06,6,84,0.0,0.0,0.0,0.0,1.0002
2025-02-06,6,85,0.0,0.0,0.0,0.0,0.9978
2025-02-06,6,86,0.0,0.0,0.0,0.0,1.0271
2025-02-06,6,87,0.0,0.0,0.0,0.0,1.0906
2025-02-06,6,88,410.99297700000307,410.99297700000307,0.0,0.0,0.9376
2025-02-06,6,89,1543.1129499999995,1543.1129499999995,0.0,0.0,0.6694
2025-02-06,6,90,1574.3443416666664,1574.3443416666664,0.0,0.0,0.66
2025-02-06,6,91,1583.6066194444445,1583.6066194444445,0.0,0.0,0.7217
2025-02-06,6,92,1602.615875,1602.615875,0.0,0.0,0.7308
2025-02-06,6,93,1635.0081861111114,1635.0081861111114,0.0,0.0,0.7534
2025-02-06,6,94,797.6412055555556,797.6412055555556,0.0,0.0,0.7823
2025-02-06,6,95,799.9958166666656,731.5456048074047,0.0,68.45021185926089,0.8055
2025-02-06,6,96,860.4361638888889,786.8126742291761,0.0,73.62348965971285,0.8271
2025-02-06,6,97,905.8994472222224,863.7359127783972,0.0,42.163534443825256,0.8519
2025-02-06,6,98,925.6625750000001,882.9991278290871,0.0,42.663447170912946,0.8791
2025-02-06,6,99,932.6180638888886,915.373539466556,0.0,17.244524422332574,0.9024
2025-02-06,6,100,971.511727777778,971.511727777778,0.0,0.0,0.9163
2025-02-06,6,101,1004.5160500000001,1004.5160500000001,0.0,0.0,0.9264
2025-02-06,6,102,1020.3940749999999,1020.3940749999999,0.0,0.0,0.9462
2025-02-06,6,103,1014.1933333333334,1014.1933333333334,0.0,0.0,0.9742
2025-02-06,6,104,1052.2958916666666,1045.3951273052264,0.0,6.900764361440224,0.9862
2025-02-06,6,105,1076.5135944444446,1076.3344312267811,0.0,0.1791632176634721,0.976
2025-02-06,6,106,924.5279972222221,924.5279972222221,0.0,0.0,1.0742
2025-02-06,6,107,730.64,730.64,0.0,0.0,1.2313
2025-02-06,6,108,712.3292583333333,712.3292583333333,0.0,0.0,1.2561
2025-02-06,6,109,738.5188166666669,738.5188166666669,0.0,0.0,1.2447
2025-02-06,6,110,737.2833333333332,737.2833333333332,0.0,0.0,1.2545
2025-02-06,6,111,741.3062916666667,741.3062916666667,0.0,0.0,1.2522
2025-02-06,6,112,438.0878944444466,438.0878944444466,0.0,0.0,1.2881
2025-02-06,6,113,0.0,0.0,0.0,0.0,1.3466
2025-02-06,6,114,0.0,0.0,0.0,0.0,1.3523
2025-02-06,6,115,0.0,0.0,0.0,0.0,1.3445
2025-02-06,6,116,0.0,0.0,0.0,0.0,1.3483
2025-02-06,6,117,0.0,0.0,0.0,0.0,1.349
2025-02-06,6,118,0.0,0.0,0.0,0.0,1.3473
2025-02-06,6,119,0.0,0.0,0.0,0.0,1.3482
2025-02-06,6,120,0.0,0.0,0.0,0.0,1.3513
2025-02-06,6,121,0.0,0.0,0.0,0.0,1.34
2025-02-06,6,122,0.0,0.0,0.0,0.0,1.3489
2025-02-06,6,123,0.0,0.0,0.0,0.0,1.3952
2025-02-06,6,124,733.9936333333334,733.9936333333334,0.0,0.0,1.2226
2025-02-06,6,125,775.7466666666667,775.7466666666667,0.0,0.0,0.9332
2025-02-06,6,126,754.1622083333334,754.1622083333334,0.0,0.0,0.9068
2025-02-06,6,127,751.1851764403291,751.1851764403291,0.0,0.0,0.9371
2025-02-06,6,128,756.1000000000001,756.1000000000001,0.0,0.0,0.9371
2025-02-06,6,129,784.7171166666668,784.7171166666668,0.0,0.0,0.9871
2025-02-06,6,130,705.3178166666667,705.3178166666667,0.0,0.0,0.7764
2025-02-06,6,131,603.6466666666666,603.6466666666666,0.0,0.0,0.4209
2025-02-06,6,132,705.451789711934,705.451789711934,0.0,0.0,0.3859
2025-02-06,6,133,577.6630583333334,577.6630583333334,0.0,0.0,0.4368
2025-02-06,6,134,599.9025,599.9025,0.0,0.0,0.4198
2025-02-06,6,135,594.7891833333333,594.7891833333333,0.0,0.0,0.4186
2025-02-06,6,136,590.2994083333333,590.2994083333333,0.0,0.0,0.4241
2025-02-06,6,137,618.24,618.24,0.0,0.0,0.4237
2025-02-06,6,138,581.7384916666667,581.7384916666667,0.0,0.0,0.4248
2025-02-06,6,139,582.5654,582.5654,0.0,0.0,0.424
2025-02-06,6,140,618.9516666666667,618.9516666666667,0.0,0.0,0.422
2025-02-06,6,141,638.5526083333334,638.5526083333334,0.0,0.0,0.424
2025-02-06,6,142,571.146225,571.146225,0.0,0.0,0.4271
2025-02-06,6,143,459.3658333333334,459.3658333333334,0.0,0.0,0.4276
2025-02-06,12,72,1166.8228250000002,916.482849926087,0.0,250.33997507391314,0.4411
2025-02-06,12,73,1184.6159333333335,925.2494196855909,0.0,259.36651364774264,0.4551
2025-02-06,12,74,1072.2710771926618,919.2171994910293,0.0,153.05387770163247,0.4463
2025-02-06,12,75,1134.7803166666667,860.1336746268315,0.0,274.6466420398352,0.4113
2025-02-06,12,76,1144.4985833333335,604.188676070598,0.0,540.3099072627355,0.5682
2025-02-06,12,77,258.153714619325,74.33608946433378,0.0,183.81762515499122,0.8279
2025-02-06,12,78,339.4169333333332,94.82890988741337,0.0,244.58802344591982,0.8636
2025-02-06,12,79,292.124145233686,115.05084223986296,0.0,177.07330299382306,0.8416
2025-02-06,12,80,300.00407022783986,143.77972876875197,0.0,156.2243414590879,0.8618
2025-02-06,12,81,317.95124346853856,184.82798385200533,0.0,133.12325961653323,0.8623
2025-02-06,12,82,341.631915029226,234.24476383430533,0.0,107.38715119492065,0.9026
2025-02-06,12,83,0.0,0.0,0.0,0.0,0.9754
2025-02-06,12,84,0.0,0.0,0.0,0.0,1.0002
2025-02-06,12,85,0.0,0.0,0.0,0.0,0.9978
2025-02-06,12,86,0.0,0.0,0.0,0.0,1.0271
2025-02-06,12,87,0.0,0.0,0.0,0.0,1.0906
2025-02-06,12,88,410.99297700000307,0.0,0.0,410.99297700000307,0.9376
2025-02-06,12,89,1543.1129499999995,1329.1315066570855,0.0,213.98144334291396,0.6694
2025-02-06,12,90,1574.3443416666664,1382.6433761663263,0.0,191.7009655003401,0.66
2025-02-06,12,91,1583.6066194444445,1395.1829541928107,0.0,188.4236652516338,0.7217
2025-02-06,12,92,1602.615875,568.2004682470072,0.0,1034.4154067529928,0.7308
2025-02-06,12,93,1635.0081861111114,617.5593538062571,0.0,1017.4488323048542,0.7534
2025-02-06,12,94,797.6412055555556,636.3050999689628,0.0,161.3361055865928,0.7823
2025-02-06,12,95,731.5456048074047,683.861252993228,0.0,47.68435181417669,0.8055
2025-02-06,12,96,786.8126742291761,750.5785998658221,0.0,36.23407436335401,0.8271
2025-02-06,12,97,863.7359127783972,819.172048241474,0.0,44.56386453692312,0.8519
2025-02-06,12,98,882.9991278290871,851.7963847956988,0.0,31.202743033388288,0.8791
2025-02-06,12,99,915.373539466556,882.6169959903189,0.0,32.7565434762372,0.9024
2025-02-06,12,100,971.511727777778,940.5734471655163,0.0,30.93828061226168,0.9163
2025-02-06,12,101,1004.5160500000001,1003.1021893278487,0.0,1.4138606721513725,0.9264
2025-02-06,12,102,1020.3940749999999,1009.3445605205463,0.0,11.049514479453592,0.9462
2025-02-06,12,103,1014.1933333333334,1007.6136626526608,0.0,6.579670680672621,0.9742
2025-02-06,12,104,1045.3951273052264,1045.3951273052264,0.0,0.0,0.9862
2025-02-06,12,105,1076.3344312267811,1076.3344312267811,0.0,0.0,0.976
2025-02-06,12,106,924.5279972222221,924.5279972222221,0.0,0.0,1.0742
2025-02-06,12,107,730.64,730.64,0.0,0.0,1.2313
2025-02-06,12,108,712.3292583333333,712.3292583333333,0.0,0.0,1.2561
2025-02-06,12,109,738.5188166666669,738.5188166666669,0.0,0.0,1.2447
2025-02-06,12,110,737.2833333333332,737.2833333333332,0.0,0.0,1.2545
2025-02-06,12,111,741.3062916666667,741.3062916666667,0.0,0.0,1.2522
2025-02-06,12,112,438.0878944444466,438.0878944444466,0.0,0.0,1.2881
2025-02-06,12,113,0.0,0.0,0.0,0.0,1.3466
2025-02-06,12,114,0.0,0.0,0.0,0.0,1.3523
2025-02-06,12,115,0.0,0.0,0.0,0.0,1.3445
2025-02-06,12,116,0.0,0.0,0.0,0.0,1.3483
2025-02-06,12,117,0.0,0.0,0.0,0.0,1.349
2025-02-06,12,118,0.0,0.0,0.0,0.0,1.3473
2025-02-06,12,119,0.0,0.0,0.0,0.0,1.3482
2025-02-06,12,120,0.0,0.0,0.0,0.0,1.3513
2025-02-06,12,121,0.0,0.0,0.0,0.0,1.34
2025-02-06,12,122,0.0,0.0,0.0,0.0,1.3489
2025-02-06,12,123,0.0,0.0,0.0,0.0,1.3952
2025-02-06,12,124,733.9936333333334,733.9936333333334,0.0,0.0,1.2226
2025-02-06,12,125,775.7466666666667,775.7466666666667,0.0,0.0,0.9332
2025-02-06,12,126,754.1622083333334,754.1622083333334,0.0,0.0,0.9068
2025-02-06,12,127,751.1851764403291,751.1851764403291,0.0,0.0,0.9371
2025-02-06,12,128,756.1000000000001,756.1000000000001,0.0,0.0,0.9371
2025-02-06,12,129,784.7171166666668,784.7171166666668,0.0,0.0,0.9871
2025-02-06,12,130,705.3178166666667,705.3178166666667,0.0,0.0,0.7764
2025-02-06,12,131,603.6466666666666,603.6466666666666,0.0,0.0,0.4209
2025-02-06,12,132,705.451789711934,705.451789711934,0.0,0.0,0.3859
2025-02-06,12,133,577.6630583333334,577.6630583333334,0.0,0.0,0.4368
2025-02-06,12,134,599.9025,599.9025,0.0,0.0,0.4198
2025-02-06,12,135,594.7891833333333,594.7891833333333,0.0,0.0,0.4186
2025-02-06,12,136,590.2994083333333,590.2994083333333,0.0,0.0,0.4241
2025-02-06,12,137,618.24,618.24,0.0,0.0,0.4237
2025-02-06,12,138,581.7384916666667,581.7384916666667,0.0,0.0,0.4248
2025-02-06,12,139,582.5654,582.5654,0.0,0.0,0.424
2025-02-06,12,140,618.9516666666667,618.9516666666667,0.0,0.0,0.422
2025-02-06,12,141,638.5526083333334,638.5526083333334,0.0,0.0,0.424
2025-02-06,12,142,571.146225,571.146225,0.0,0.0,0.4271
2025-02-06,12,143,459.3658333333334,459.3658333333334,0.0,0.0,0.4276
2025-02-06,18,108,712.3292583333333,712.3292583333333,0.0,0.0,1.2561
2025-02-06,18,109,738.5188166666669,738.5188166666669,0.0,0.0,1.2447
2025-02-06,18,110,737.2833333333332,737.2833333333332,0.0,0.0,1.2545
2025-02-06,18,111,741.3062916666667,741.3062916666667,0.0,0.0,1.2522
2025-02-06,18,112,438.0878944444466,438.0878944444466,0.0,0.0,1.2881
2025-02-06,18,113,0.0,0.0,0.0,0.0,1.3466
2025-02-06,18,114,0.0,0.0,0.0,0.0,1.3523
2025-02-06,18,115,0.0,0.0,0.0,0.0,1.3445
2025-02-06,18,116,0.0,0.0,0.0,0.0,1.3483
2025-02-06,18,117,0.0,0.0,0.0,0.0,1.349
2025-02-06,18,118,0.0,0.0,0.0,0.0,1.3473
2025-02-06,18,119,0.0,0.0,0.0,0.0,1.3482
2025-02-06,18,120,0.0,0.0,0.0,0.0,1.3513
2025-02-06,18,121,0.0,0.0,0.0,0.0,1.34
2025-02-06,18,122,0.0,0.0,0.0,0.0,1.3489
2025-02-06,18,123,0.0,0.0,0.0,0.0,1.3952
2025-02-06,18,124,733.9936333333334,733.9936333333334,0.0,0.0,1.2226
2025-02-06,18,125,775.7466666666667,775.7466666666667,0.0,0.0,0.9332
2025-02-06,18,126,754.1622083333334,754.1622083333334,0.0,0.0,0.9068
2025-02-06,18,127,751.1851764403291,751.1851764403291,0.0,0.0,0.9371
2025-02-06,18,128,756.1000000000001,756.1000000000001,0.0,0.0,0.9371
2025-02-06,18,129,784.7171166666668,784.7171166666668,0.0,0.0,0.9871
2025-02-06,18,130,705.3178166666667,706.9660780814784,1.6482614148117136,0.0,0.7764
2025-02-06,18,131,603.6466666666666,592.5619037480617,0.0,11.084762918604952,0.4209
2025-02-06,18,132,705.451789711934,705.4517897119345,4.547473508864641e-13,0.0,0.3859
2025-02-06,18,133,577.6630583333334,577.6630583333334,0.0,0.0,0.4368
2025-02-06,18,134,599.9025,599.9025,0.0,0.0,0.4198
2025-02-06,18,135,594.7891833333333,594.7891833333333,0.0,0.0,0.4186
2025-02-06,18,136,590.2994083333333,590.2994083333333,0.0,0.0,0.4241
2025-02-06,18,137,618.24,618.24,0.0,0.0,0.4237
2025-02-06,18,138,581.7384916666667,581.7384916666667,0.0,0.0,0.4248
2025-02-06,18,139,582.5654,582.5654,0.0,0.0,0.424
2025-02-06,18,140,618.9516666666667,618.9516666666667,0.0,0.0,0.422
2025-02-06,18,141,638.5526083333334,638.5526083333334,0.0,0.0,0.424
2025-02-06,18,142,571.146225,571.146225,0.0,0.0,0.4271
2025-02-06,18,143,459.3658333333334,459.3658333333334,0.0,0.0,0.4276
2025-02-07,6,36,0.0,0.0,0.0,0.0,0.9368
2025-02-07,6,37,0.0,0.0,0.0,0.0,0.8758
2025-02-07,6,38,0.0,0.0,0.0,0.0,0.8759
2025-02-07,6,39,0.0,0.0,0.0,0.0,0.8601
2025-02-07,6,40,0.0,0.0,0.0,0.0,0.8442
2025-02-07,6,41,0.0,0.0,0.0,0.0,0.8334
2025-02-07,6,42,0.0,0.0,0.0,0.0,0.8092
2025-02-07,6,43,0.0,0.0,0.0,0.0,0.7972
2025-02-07,6,44,0.0,0.0,0.0,0.0,0.7644
2025-02-07,6,45,0.0,0.0,0.0,0.0,0.6899
2025-02-07,6,46,0.0,0.0,0.0,0.0,0.86
2025-02-07,6,47,0.0,0.0,0.0,0.0,1.1617
2025-02-07,6,48,0.0,0.0,0.0,0.0,1.1683
2025-02-07,6,49,0.0,0.0,0.0,0.0,1.0956
2025-02-07,6,50,0.0,0.0,0.0,0.0,1.0849
2025-02-07,6,51,0.0,0.0,0.0,0.0,1.061
2025-02-07,6,52,0.0,0.0,0.0,0.0,1.043
2025-02-07,6,53,0.0,0.0,0.0,0.0,1.036
2025-02-07,6,54,0.0,0.0,0.0,0.0,1.0147
2025-02-07,6,55,0.0,0.0,0.0,0.0,0.9922
2025-02-07,6,56,0.0,0.0,0.0,0.0,0.97
2025-02-07,6,57,0.0,0.0,0.0,0.0,0.9422
2025-02-07,6,58,0.0,0.0,0.0,0.0,0.9569
2025-02-07,6,59,0.0,0.0,0.0,0.0,0.9977
2025-02-07,6,60,0.0,0.0,0.0,0.0,0.9919
2025-02-07,6,61,0.0,0.0,0.0,0.0,0.9588
2025-02-07,6,62,0.0,0.0,0.0,0.0,0.9549
2025-02-07,6,63,0.0,0.0,0.0,0.0,0.9839
2025-02-07,6,64,0.0,0.0,0.0,0.0,0.799
2025-02-07,6,65,0.0,0.0,0.0,0.0,0.5025
2025-02-07,6,66,298.73712940354676,0.0,0.0,298.73712940354676,0.4662
2025-02-07,6,67,0.0,0.0,0.0,0.0,0.5007
2025-02-07,6,68,0.0,0.0,0.0,0.0,0.4827
2025-02-07,6,69,0.0,0.0,0.0,0.0,0.4785
2025-02-07,6,70,445.2603277777778,0.0,0.0,445.2603277777778,0.4662
2025-02-07,6,71,467.2728666666666,399.2051048305766,0.0,68.06776183608997,0.4432
2025-02-07,6,72,494.43685000000005,410.18493041483566,0.0,84.25191958516439,0.4411
2025-02-07,6,73,482.5382583333335,0.0,0.0,482.5382583333335,0.4551
2025-02-07,6,74,540.2484750000001,242.98940228076515,0.0,297.25907271923495,0.4463
2025-02-07,6,75,517.2061277777776,427.4712112892107,0.0,89.73491648856691,0.4113
2025-02-07,6,76,0.0,0.0,0.0,0.0,0.5682
2025-02-07,6,77,0.0,0.0,0.0,0.0,0.8279
2025-02-07,6,78,0.0,0.0,0.0,0.0,0.8636
2025-02-07,6,79,0.0,0.0,0.0,0.0,0.8416
2025-02-07,6,80,0.0,0.0,0.0,0.0,0.8618
2025-02-07,6,81,0.0,0.0,0.0,0.0,0.8623
2025-02-07,6,82,0.0,0.0,0.0,0.0,0.9026
2025-02-07,6,83,0.0,0.0,0.0,0.0,0.9754
2025-02-07,6,84,0.0,0.0,0.0,0.0,1.0002
2025-02-07,6,85,0.0,0.0,0.0,0.0,0.9978
2025-02-07,6,86,0.0,0.0,0.0,0.0,1.0271
2025-02-07,6,87,0.0,0.0,0.0,0.0,1.0906
2025-02-07,6,88,0.0,0.0,0.0,0.0,0.9376
2025-02-07,6,89,233.40491666666685,52.53635348457976,0.0,180.8685631820871,0.6694
2025-02-07,6,90,574.6369147119337,94.44765725862271,0.0,480.18925745331103,0.66
2025-02-07,6,91,218.4440694444445,119.24746426676694,0.0,99.19660517767755,0.7217
2025-02-07,6,92,218.42079999999987,164.99480177372584,0.0,53.42599822627403,0.7308
2025-02-07,6,93,283.10795277777777,191.73993478223684,0.0,91.36801799554092,0.7534
2025-02-07,6,94,318.6318833333333,206.5536489569622,0.0,112.07823437637109,0.7823
2025-02-07,6,95,314.51906666666656,235.92071321202667,0.0,78.59835345463989,0.8055
2025-02-07,6,96,367.27955555555536,300.0764661596981,0.0,67.20308939585726,0.8271
2025-02-07,6,97,399.5532944444446,355.53759433411744,0.0,44.015700110327145,0.8519
2025-02-07,6,98,427.80920833333323,397.74738765052496,0.0,30.061820682808275,0.8791
2025-02-07,6,99,485.4313555555554,436.2191023583546,0.0,49.21225319720082,0.9024
2025-02-07,6,100,443.08623611111113,405.06799938666734,0.0,38.018236724443796,0.9163
2025-02-07,6,101,383.3723666666668,365.6051847640326,0.0,17.767181902634206,0.9264
2025-02-07,6,102,393.7537472222222,393.7537472222222,0.0,0.0,0.9462
2025-02-07,6,103,432.6148722222222,432.6148722222222,0.0,0.0,0.9742
2025-02-07,6,104,448.1646916666665,446.0236704783729,0.0,2.141021188293621,0.9862
2025-02-07,6,105,456.04238611111134,456.04238611111134,0.0,0.0,0.976
2025-02-07,6,106,436.15914999999984,427.724090184839,0.0,8.435059815160855,1.0742
2025-02-07,6,107,0.0,0.0,0.0,0.0,1.2313
2025-02-07,6,108,0.0,0.0,0.0,0.0,1.2561
2025-02-07,6,109,0.0,0.0,0.0,0.0,1.2447
2025-02-07,6,110,0.0,0.0,0.0,0.0,1.2545
2025-02-07,6,111,0.0,0.0,0.0,0.0,1.2522
2025-02-07,6,112,0.0,0.0,0.0,0.0,1.2881
2025-02-07,6,113,0.0,0.0,0.0,0.0,1.3466
2025-02-07,6,114,0.0,0.0,0.0,0.0,1.3523
2025-02-07,6,115,0.0,0.0,0.0,0.0,1.3445
2025-02-07,6,116,0.0,0.0,0.0,0.0,1.3483
2025-02-07,6,117,0.0,0.0,0.0,0.0,1.349
2025-02-07,6,118,0.0,0.0,0.0,0.0,1.3473
2025-02-07,6,119,0.0,0.0,0.0,0.0,1.3482
2025-02-07,6,120,0.0,0.0,0.0,0.0,1.3513
2025-02-07,6,121,0.0,0.0,0.0,0.0,1.34
2025-02-07,6,122,0.0,0.0,0.0,0.0,1.3489
2025-02-07,6,123,0.0,0.0,0.0,0.0,1.3952
2025-02-07,6,124,16.53972629423845,16.53972629423845,0.0,0.0,1.2226
2025-02-07,6,125,449.95916666666665,449.95916666666665,0.0,0.0,0.9332
2025-02-07,6,126,442.51724999999993,442.51724999999993,0.0,0.0,0.9068
2025-02-07,6,127,469.0175916666666,469.0175916666666,0.0,0.0,0.9371
2025-02-07,6,128,511.16143076131664,511.16143076131664,0.0,0.0,0.9371
2025-02-07,6,129,493.07872499999996,493.07872499999996,0.0,0.0,0.9871
2025-02-07,6,130,452.3472416666667,452.3472416666667,0.0,0.0,0.7764
2025-02-07,6,131,452.44416666666666,452.44416666666666,0.0,0.0,0.4209
2025-02-07,6,132,463.6431666666667,463.6431666666667,0.0,0.0,0.3859
2025-02-07,6,133,409.90293008333333,409.90293008333333,0.0,0.0,0.4368
2025-02-07,6,134,425.17583333333323,425.17583333333323,0.0,0.0,0.4198
2025-02-07,6,135,421.66728333333333,421.66728333333333,0.0,0.0,0.4186
2025-02-07,6,136,421.48701666666665,421.48701666666665,0.0,0.0,0.4241
2025-02-07,6,137,419.0441666666666,419.0441666666666,0.0,0.0,0.4237
2025-02-07,6,138,421.77600000000007,421.77600000000007,0.0,0.0,0.4248
2025-02-07,6,139,417.3991583333333,417.3991583333333,0.0,0.0,0.424
2025-02-07,6,140,405.55749999999995,405.55749999999995,0.0,0.0,0.422
2025-02-07,6,141,423.3027333333333,423.3027333333333,0.0,0.0,0.424
2025-02-07,6,142,432.6980916666665,432.6980916666665,0.0,0.0,0.4271
2025-02-07,6,143,428.475,428.475,0.0,0.0,0.4276
2025-02-07,12,72,410.18493041483566,0.0,0.0,410.18493041483566,0.4411
2025-02-07,12,73,0.0,0.0,0.0,0.0,0.4551
2025-02-07,12,74,242.98940228076515,0.0,0.0,242.98940228076515,0.4463
2025-02-07,12,75,427.4712112892107,0.0,0.0,427.4712112892107,0.4113
2025-02-07,12,76,0.0,0.0,0.0,0.0,0.5682
2025-02-07,12,77,0.0,0.0,0.0,0.0,0.8279
2025-02-07,12,78,0.0,0.0,0.0,0.0,0.8636
2025-02-07,12,79,0.0,0.0,0.0,0.0,0.8416
2025-02-07,12,80,0.0,0.0,0.0,0.0,0.8618
2025-02-07,12,81,0.0,0.0,0.0,0.0,0.8623
2025-02-07,12,82,0.0,0.0,0.0,0.0,0.9026
2025-02-07,12,83,0.0,0.0,0.0,0.0,0.9754
2025-02-07,12,84,0.0,0.0,0.0,0.0,1.0002
2025-02-07,12,85,0.0,0.0,0.0,0.0,0.9978
2025-02-07,12,86,0.0,0.0,0.0,0.0,1.0271
2025-02-07,12,87,0.0,0.0,0.0,0.0,1.0906
2025-02-07,12,88,0.0,0.0,0.0,0.0,0.9376
2025-02-07,12,89,52.53635348457976,0.0,0.0,52.53635348457976,0.6694
2025-02-07,12,90,94.44765725862271,12.738294393193655,0.0,81.70936286542906,0.66
2025-02-07,12,91,119.24746426676694,67.2477729853349,0.0,51.999691281432035,0.7217
2025-02-07,12,92,164.99480177372584,127.3516583016339,0.0,37.643143472091936,0.7308
2025-02-07,12,93,191.73993478223684,160.53885035505,0.0,31.201084427186856,0.7534
2025-02-07,12,94,206.5536489569622,185.77716188013136,0.0,20.776487076830847,0.7823
2025-02-07,12,95,235.92071321202667,235.92071321202667,0.0,0.0,0.8055
2025-02-07,12,96,300.0764661596981,292.54286376379275,0.0,7.533602395905348,0.8271
2025-02-07,12,97,355.53759433411744,355.53759433411744,0.0,0.0,0.8519
2025-02-07,12,98,397.74738765052496,397.74738765052496,0.0,0.0,0.8791
2025-02-07,12,99,436.2191023583546,436.2191023583546,0.0,0.0,0.9024
2025-02-07,12,100,405.06799938666734,405.06799938666734,0.0,0.0,0.9163
2025-02-07,12,101,365.6051847640326,365.6051847640326,0.0,0.0,0.9264
2025-02-07,12,102,393.7537472222222,393.7537472222222,0.0,0.0,0.9462
2025-02-07,12,103,432.6148722222222,432.6148722222222,0.0,0.0,0.9742
2025-02-07,12,104,446.0236704783729,446.0236704783729,0.0,0.0,0.9862
2025-02-07,12,105,456.04238611111134,456.04238611111134,0.0,0.0,0.976
2025-02-07,12,106,427.724090184839,427.724090184839,0.0,0.0,1.0742
2025-02-07,12,107,0.0,0.0,0.0,0.0,1.2313
2025-02-07,12,108,0.0,0.0,0.0,0.0,1.2561
2025-02-07,12,109,0.0,0.0,0.0,0.0,1.2447
2025-02-07,12,110,0.0,0.0,0.0,0.0,1.2545
2025-02-07,12,111,0.0,0.0,0.0,0.0,1.2522
2025-02-07,12,112,0.0,0.0,0.0,0.0,1.2881
2025-02-07,12,113,0.0,0.0,0.0,0.0,1.3466
2025-02-07,12,114,0.0,0.0,0.0,0.0,1.3523
2025-02-07,12,115,0.0,0.0,0.0,0.0,1.3445
2025-02-07,12,116,0.0,0.0,0.0,0.0,1.3483
2025-02-07,12,117,0.0,0.0,0.0,0.0,1.349
2025-02-07,12,118,0.0,0.0,0.0,0.0,1.3473
2025-02-07,12,119,0.0,0.0,0.0,0.0,1.3482
2025-02-07,12,120,0.0,0.0,0.0,0.0,1.3513
2025-02-07,12,121,0.0,0.0,0.0,0.0,1.34
2025-02-07,12,122,0.0,0.0,0.0,0.0,1.3489
2025-02-07,12,123,0.0,0.0,0.0,0.0,1.3952
2025-02-07,12,124,16.53972629423845,16.53972629423845,0.0,0.0,1.2226
2025-02-07,12,125,449.95916666666665,449.95916666666665,0.0,0.0,0.9332
2025-02-07,12,126,442.51724999999993,442.51724999999993,0.0,0.0,0.9068
2025-02-07,12,127,469.0175916666666,469.0175916666666,0.0,0.0,0.9371
2025-02-07,12,128,511.16143076131664,511.16143076131664,0.0,0.0,0.9371
2025-02-07,12,129,493.07872499999996,493.07872499999996,0.0,0.0,0.9871
2025-02-07,12,130,452.3472416666667,452.3472416666667,0.0,0.0,0.7764
2025-02-07,12,131,452.44416666666666,452.44416666666666,0.0,0.0,0.4209
2025-02-07,12,132,463.6431666666667,463.6431666666667,0.0,0.0,0.3859
2025-02-07,12,133,409.90293008333333,409.90293008333333,0.0,0.0,0.4368
2025-02-07,12,134,425.17583333333323,425.17583333333323,0.0,0.0,0.4198
2025-02-07,12,135,421.66728333333333,421.66728333333333,0.0,0.0,0.4186
2025-02-07,12,136,421.48701666666665,421.48701666666665,0.0,0.0,0.4241
2025-02-07,12,137,419.0441666666666,419.0441666666666,0.0,0.0,0.4237
2025-02-07,12,138,421.77600000000007,421.77600000000007,0.0,0.0,0.4248
2025-02-07,12,139,417.3991583333333,417.3991583333333,0.0,0.0,0.424
2025-02-07,12,140,405.55749999999995,405.55749999999995,0.0,0.0,0.422
2025-02-07,12,141,423.3027333333333,423.3027333333333,0.0,0.0,0.424
2025-02-07,12,142,432.6980916666665,432.6980916666665,0.0,0.0,0.4271
2025-02-07,12,143,428.475,428.475,0.0,0.0,0.4276
2025-02-07,18,108,0.0,0.0,0.0,0.0,1.2561
2025-02-07,18,109,0.0,0.0,0.0,0.0,1.2447
2025-02-07,18,110,0.0,0.0,0.0,0.0,1.2545
2025-02-07,18,111,0.0,0.0,0.0,0.0,1.2522
2025-02-07,18,112,0.0,0.0,0.0,0.0,1.2881
2025-02-07,18,113,0.0,0.0,0.0,0.0,1.3466
2025-02-07,18,114,0.0,0.0,0.0,0.0,1.3523
2025-02-07,18,115,0.0,0.0,0.0,0.0,1.3445
2025-02-07,18,116,0.0,0.0,0.0,0.0,1.3483
2025-02-07,18,117,0.0,0.0,0.0,0.0,1.349
2025-02-07,18,118,0.0,0.0,0.0,0.0,1.3473
2025-02-07,18,119,0.0,0.0,0.0,0.0,1.3482
2025-02-07,18,120,0.0,0.0,0.0,0.0,1.3513
2025-02-07,18,121,0.0,0.0,0.0,0.0,1.34
2025-02-07,18,122,0.0,0.0,0.0,0.0,1.3489
2025-02-07,18,123,0.0,0.0,0.0,0.0,1.3952
2025-02-07,18,124,16.53972629423845,16.53972629423845,0.0,0.0,1.2226
2025-02-07,18,125,449.95916666666665,449.95916666666665,0.0,0.0,0.9332
2025-02-07,18,126,442.51724999999993,442.51724999999993,0.0,0.0,0.9068
2025-02-07,18,127,469.0175916666666,469.0175916666666,0.0,0.0,0.9371
2025-02-07,18,128,511.16143076131664,511.16143076131664,0.0,0.0,0.9371
2025-02-07,18,129,493.07872499999996,493.07872499999996,0.0,0.0,0.9871
2025-02-07,18,130,452.3472416666667,452.3472416666667,0.0,0.0,0.7764
2025-02-07,18,131,452.44416666666666,433.87025514703515,0.0,18.57391151963151,0.4209
2025-02-07,18,132,463.6431666666667,423.1314096957107,0.0,40.51175697095596,0.3859
2025-02-07,18,133,409.90293008333333,409.90293008333333,0.0,0.0,0.4368
2025-02-07,18,134,425.17583333333323,425.17583333333323,0.0,0.0,0.4198
2025-02-07,18,135,421.66728333333333,421.66728333333333,0.0,0.0,0.4186
2025-02-07,18,136,421.48701666666665,428.1157333333333,6.628716666666662,0.0,0.4241
2025-02-07,18,137,419.0441666666666,440.7433333333333,21.699166666666656,0.0,0.4237
2025-02-07,18,138,421.77600000000007,421.77600000000007,0.0,0.0,0.4248
2025-02-07,18,139,417.3991583333333,417.3991583333333,0.0,0.0,0.424
2025-02-07,18,140,405.55749999999995,405.55749999999995,0.0,0.0,0.422
2025-02-07,18,141,423.3027333333333,423.3027333333333,0.0,0.0,0.424
2025-02-07,18,142,432.6980916666665,433.7025893298474,1.0044976631808709,0.0,0.4271
2025-02-07,18,143,428.475,440.78954996199354,12.31454996199352,0.0,0.4276
