date,evaluation,start_soc_kwh,end_soc_kwh,solver_status,planner_fallback,solver_gap,solver_objective,terminal_penalty_yuan,solve_seconds,purchase_kwh,charge_kwh,discharge_kwh,emergency_kwh,unused_kwh,plan_cost_yuan,emergency_cost_yuan,dispatch_fallback,total_cost_yuan
2025-01-01,False,6000.0,6000.0,cold_start_no_history,False,,,0.0,0.0,0.0,0.0,0.0,92035.17001666667,0.0,0.0,366613.56615685835,0,366613.56615685835
2025-01-02,False,6000.0,1200.0,Optimal,False,0.0,61541.39571651284,1980.2666666666667,0.039757999998982996,91520.10686172839,19925.032361728398,20459.276213000005,1766.0199536666646,935.1313999999943,59561.12904984617,7160.447421415655,0,66721.57647126183
2025-01-03,False,1200.0,4867.593796296298,Optimal,False,5.583278120737547e-05,64573.326076419995,1980.2666666666667,0.01945809999597259,97603.5726,13629.196995884771,7738.815149999999,0.0,46208.24938744856,62593.05940975333,0.0,0,62593.05940975333
2025-01-04,False,4867.593796296298,1200.0,Optimal,False,0.0,26164.602983910412,1980.2666666666667,0.03737389999150764,45491.92429794238,16478.678884567897,16648.564313166666,1368.0263034999991,2264.233663374486,24184.336317243746,5404.315268431829,0,29588.651585675576
2025-01-05,False,1200.0,1200.0,Optimal,False,0.0,27695.45713597932,1980.2666666666667,0.03706360000069253,48829.22963415638,11656.083866666664,9441.427932,44421.13660051029,0.0,25715.190469312653,212570.1553197628,0,238285.34578907545
2025-01-06,False,1200.0,1200.0,Optimal,False,0.0,63321.4434084373,1980.2666666666667,0.019840400011162274,95844.12025637859,24916.363333333335,20182.2543,1253.0749333333354,1730.6050563785989,61341.176741770636,5006.205680558341,0,66347.38242232897
2025-01-07,False,1200.0,1200.0,Optimal,False,7.980252390840734e-06,63009.24524368833,1980.2666666666667,0.019698200005223043,95350.81443333333,22993.771041769545,18624.954543833333,3110.5696728333314,1525.6666582304515,61028.97857702167,14382.522273421244,0,75411.50085044291
2025-01-08,False,1200.0,1224.7332777777779,Optimal,False,0.0,64622.81044182384,1980.2666666666667,0.02010770000924822,97764.30368847736,25024.35409218107,20247.466864666665,997.9254353333371,4459.3405796296265,62642.54377515718,3251.9947352378517,0,65894.53851039504
2025-01-09,False,1224.7332777777779,1200.0,Optimal,False,4.389583255399567e-05,63139.29284958611,1980.2666666666667,0.019987099993159063,95177.98776358024,23569.869244444446,19113.854038,1796.2836619999982,1426.700102469132,61159.02618291944,7882.070968831161,0,69041.0971517506
2025-01-10,False,1200.0,1200.0,Optimal,False,0.0,28101.61124717173,1980.2666666666667,0.03539100001216866,50000.29761069959,21126.218168724277,17112.236716666666,865.9271833333286,1361.576625308645,26121.344580505065,3418.2002313249754,0,29539.54481183004
2025-01-11,False,1200.0,1200.0,Optimal,False,0.0,28144.664924350305,1980.2666666666667,0.03593369999725837,49908.00250720164,20892.342274485592,16922.797242333334,992.5997576666676,2065.1706160493845,26164.39825768364,3914.2140362727546,0,30078.612293956394
2025-01-12,False,1200.0,1200.0,Optimal,False,1.1479044381148193e-16,63384.697999186996,1980.2666666666667,0.019405000013648532,95795.18913662551,24479.914185802463,19828.730490500002,1163.8982261666642,1442.015267489717,61404.43133252033,4964.298725076159,0,66368.73005759649
2025-01-13,False,1200.0,1200.0,Optimal,False,0.0,63287.42712501815,1980.2666666666667,0.01984890000312589,95959.76286481481,24148.188641975306,19560.0328,843.940149999999,3941.5902061728393,61307.16045835148,2673.9947359749967,0,63981.15519432648
2025-01-14,False,1200.0,1200.0,Optimal,False,1.7972285312939476e-05,60975.63197424333,1980.2666666666667,0.019980600001872517,92939.39266666667,24769.428576337446,20063.237146833333,2091.334419833335,1044.2227236625506,58995.36530757666,8401.677552306423,0,67397.04285988309
2025-01-15,False,1200.0,1200.0,Optimal,False,0.0,61545.624849094565,1980.2666666666667,0.019417999996221624,93619.80734567902,24622.619199382712,19944.3215515,2355.707548500001,1226.874312962966,59565.3581824279,10770.054094131836,0,70335.41227655974
2025-01-16,False,1200.0,1200.0,Optimal,False,0.0,62631.13894055589,1980.2666666666667,0.019103400001768023,94968.4211755144,24488.057931069958,19835.326924166668,1590.9262091666649,2832.464927777779,60650.87227388922,6579.355669219992,0,67230.2279431092
2025-01-17,False,1200.0,1200.0,Optimal,False,0.0,27102.52392203167,1980.2666666666667,0.034941499994602054,47806.35901666667,19605.75331522633,15880.660185333332,1076.159181333332,2468.3116014403317,25122.257255365002,3824.668008670326,0,28946.92526403533
2025-01-18,False,1200.0,1200.0,Optimal,False,0.0,26698.273217084443,1980.2666666666667,0.03483800000685733,47371.07335617284,20447.116440329217,16562.164316666665,719.9712999999998,963.5835158436198,24718.006550417776,2401.4336044166653,0,27119.440154834443
2025-01-19,False,1200.0,1200.0,Optimal,False,0.0,61080.163393538336,1980.2666666666667,0.019776000001002103,93272.11181666667,24704.072570576132,20010.298782166665,1941.5347011666668,1836.733262757201,59099.896726871666,8660.362365240173,0,67760.25909211184
2025-01-20,False,1200.0,1200.0,Optimal,False,2.343149078297499e-16,62104.094712318,1980.2666666666667,0.01980010000988841,94269.49704670781,24690.291628806586,19999.136219333333,1089.444347333335,2600.7094345678984,60123.82804565134,5153.47585741943,0,65277.303903070766
2025-01-21,False,1200.0,1356.0264629629646,Optimal,False,2.2182735040135683e-05,61449.71449719833,1980.2666666666667,0.019409800006542355,93329.23435,22736.908074485596,18276.47172366667,555.021809666667,5947.9151255144025,59469.447830531666,2056.8021885370017,0,61526.25001906867
2025-01-22,False,1356.0264629629646,1200.0,Optimal,False,0.0,58689.887260482035,1980.2666666666667,0.0315277000045171,89218.44268168724,22436.517031687235,18314.002612333334,4654.844654333333,852.0085500000032,56709.62059381537,21627.893269369582,0,78337.51386318495
2025-01-23,False,1200.0,1200.0,Optimal,False,3.248895712006735e-05,61740.44054470333,1980.2666666666667,0.01953999999386724,93745.27333333333,24389.31870864197,19755.348154,1168.487596000002,713.8647746913598,59760.173878036665,5066.727478587678,0,64826.901356624345
2025-01-24,False,1200.0,1200.0,Optimal,False,0.0,26909.318330800434,1980.2666666666667,0.038001799999619834,48145.11098415638,20707.759444444444,16773.28515,502.15714999999926,4883.380689711936,24929.051664133767,1686.5959894999985,0,26615.647653633765
2025-01-25,False,1200.0,1217.6754074074067,Optimal,False,0.0,25318.78625800433,1980.2666666666667,0.03808490000665188,44746.340527738685,20833.263143415636,16859.0352795,392.4264703333315,2724.963667489714,23338.519591337663,1437.8861131313224,0,24776.405704468983
2025-01-26,False,1217.6754074074067,1200.0,Optimal,False,0.00048561548092576504,57956.67112401685,1980.2666666666667,0.01937789999647066,88586.14152510288,22309.425375102877,18086.542420499998,4031.2819128333354,695.5504500000008,55976.40445735018,18071.806624021006,0,74048.21108137119
2025-01-27,False,1200.0,1200.0,Optimal,False,5.903927626055586e-06,60527.55283999333,1980.2666666666667,0.019559099993784912,92597.94086666666,23360.48816872428,18921.99541666667,728.2221166666641,4692.753447942382,58547.28617332666,2141.542432033326,0,60688.82860535999
2025-01-28,False,1200.0,1200.0,Optimal,False,0.0,57854.27622056963,1980.2666666666667,0.019616599995060824,89005.82283497942,23901.363168312753,19360.104166333334,3485.630867,969.795333333335,55874.009553902964,15808.88431202133,0,71682.8938659243
2025-01-29,False,1200.0,1445.9286481481479,Optimal,False,1.160920085904998e-05,60191.74344131666,1980.2666666666667,0.0198275000002468,91881.71031666666,22096.069691358025,17676.480666666666,237.64303333333385,6314.563275308641,58211.47677465,794.5295643750035,0,59006.00633902501
2025-01-30,False,1445.9286481481479,1200.0,Optimal,False,0.0,56189.58378258191,1980.2666666666667,0.058654299995396286,86568.1783255144,23360.439942181067,19143.2921365,2744.8446301666677,1353.2923666666693,54209.31711591525,13004.558747204508,0,67213.87586311976
2025-01-31,False,1200.0,1200.0,Optimal,False,0.0,23652.194073505187,1980.2666666666667,0.04495509999105707,42041.64792962964,19899.855374897124,16118.882853666673,1382.9028796666607,879.2552380658431,21671.92740683852,6481.919458076126,0,28153.846864914645
2025-02-01,True,1200.0,1504.7732777777753,Optimal,False,0.0,24320.127767603888,1980.2666666666667,0.04545190000499133,43317.89752777778,19448.509719958845,15478.996923166666,334.5147601666705,5304.723557818937,22339.86110093722,1532.0992702968538,0,23871.960371234076
2025-02-02,True,1504.7732777777753,1392.9605185185171,Optimal,False,0.0,58027.772394818516,1980.2666666666667,0.019369899993762374,88827.29267325102,22184.860720164612,18070.36866666667,139.45188333333294,6495.974553086419,56047.50572815185,449.1387231833315,0,56496.64445133518
2025-02-03,True,1392.9605185185171,1300.310907407408,Optimal,False,3.311982811465334e-06,56368.31264467963,1980.2666666666667,0.02010840000002645,86638.85495720165,22341.501101646096,18180.000542333335,955.1565910000013,3215.594488888882,54388.04597801296,4292.587862399006,0,58680.63384041197
2025-02-04,True,1300.310907407408,1327.1050370370374,Optimal,False,1.4498468740208996e-06,57564.49232358018,1980.2666666666667,0.01986659999238327,88558.30186954731,23569.757579629622,19067.388922833332,703.8918605000008,3564.961123251029,55584.22565691351,3551.4007890688376,0,59135.62644598235
2025-02-05,True,1327.1050370370374,1200.0,Optimal,False,0.0,58552.733470239255,1980.2666666666667,0.020097799992072396,89619.31548106995,23048.117386831273,18783.369616666667,258.7324666666679,4864.873194238682,56572.46680357259,1263.3142449166733,0,57835.78104848926
2025-02-06,True,1200.0,1367.672092592594,Optimal,False,0.0001690468906762589,58355.169436628334,1980.2666666666667,0.02006470000196714,89328.3925,22128.702386831268,17773.344049999996,258.3346500000003,4960.3115965020625,56374.90276996167,1167.3415622833334,0,57542.244332245005
2025-02-07,True,1367.672092592594,1205.2617962962972,Optimal,False,0.0,23494.361950008373,1980.2666666666667,0.05591840000124648,41755.970307407406,19620.871481481478,16039.075166666666,155.72243333333324,6524.21675925926,21514.095283341707,735.2038401999993,0,22249.299123541707
2025-02-08,True,1205.2617962962972,1200.0,Optimal,False,0.0,21413.62113568574,1980.2666666666667,0.07696369999030139,37686.14648374485,16699.876535185183,13531.635610166666,2262.5878398333352,5203.330681893003,19433.354469019072,12753.925150686095,0,32187.279619705165
2025-02-09,True,1200.0,1200.0,Optimal,False,0.0,53112.374059070244,1980.2666666666667,0.03687779999745544,82116.64629780246,22552.704399794235,18267.69056383333,2754.8123075000058,1031.0288026748988,51132.10739240357,12403.441908838611,0,63535.54930124219
2025-02-10,True,1200.0,1200.0,Optimal,False,0.0,55168.818315528886,1980.2666666666667,0.033888599995407276,85229.01331049383,21254.88586419753,17216.45755,536.3151666666663,7400.2625796296325,53188.55164886222,1776.0592298249958,0,54964.61087868722
2025-02-11,True,1200.0,1200.0,Optimal,False,0.0009238546062081069,50766.68195096167,1980.2666666666667,0.020278399999369867,78894.95243333334,22775.80283600823,18448.400297166667,1872.4653028333335,1219.4180639917668,48786.415284295,8898.615002094495,0,57685.03028638949
2025-02-12,True,1200.0,1200.0,Optimal,False,0.0,51720.907365388346,1980.2666666666667,0.033760499994968995,80216.04712316666,22505.204813168726,18229.215898666665,1416.0382281666691,2089.360303497939,49740.64069872168,6178.389690228182,0,55919.03038894987
2025-02-13,True,1200.0,1200.0,Optimal,False,0.000366852657252988,52138.484518615,1980.2666666666667,0.019303900000522844,80582.24553333333,20704.96119547325,16771.01856833333,559.5123816666688,5878.336271193416,50158.217851948335,2204.5752539841774,0,52362.79310593251
2025-02-14,True,1200.0,1237.5416481481486,Optimal,False,0.0,20153.802696812494,1980.2666666666667,0.03793969999242108,35191.43485102881,17249.53873436214,13938.3388915,1646.51694183333,3724.950133333334,18173.536030145828,8044.603632122316,0,26218.139662268142
2025-02-15,True,1237.5416481481486,1200.0,Optimal,False,0.0,20247.840678225002,1980.2666666666667,0.06432759999006521,35192.12803106996,17683.304834567898,14357.264399333331,1074.4975506666672,3660.49404650206,18267.574011558336,3942.7671085400048,0,22210.34112009834
2025-02-16,True,1200.0,1200.0,Optimal,False,0.0,50814.03789797494,1980.2666666666667,0.03159830000367947,79206.17255864198,22567.364404732507,18279.565167833334,1880.0536654999994,1421.0478872427977,48833.771231308274,8283.632714768912,0,57117.40394607719
2025-02-17,True,1200.0,1200.0,Optimal,False,0.00017954764289396672,51271.319606050325,1980.2666666666667,0.018865600010030903,79974.40187057613,20429.540679012345,16547.927950000005,634.9485666666629,5543.874541563785,49291.05293938366,2566.084098416642,0,51857.137037800305
2025-02-18,True,1200.0,1200.0,Optimal,False,0.0,48635.392829381584,1980.2666666666667,0.03288930001144763,76064.16567818931,21893.54934547325,17733.774969833335,1630.1910468333297,1443.1945660493868,46655.12616271492,7620.219628262979,0,54275.3457909779
2025-02-19,True,1200.0,1200.0,Optimal,False,0.0,48963.382303332764,1980.2666666666667,0.029819799994584173,76554.60164433334,23155.76377304527,18756.16865616667,2196.9384161666662,1472.6175602880603,46983.1156366661,9019.458554143746,0,56002.57419080985
2025-02-20,True,1200.0,1200.0,Optimal,False,0.0,49375.79381467952,1980.2666666666667,0.03420979999646079,76782.4669285,22015.576194650203,17832.616717666664,771.3425490000005,2377.716267183129,47395.52714801285,3265.8868263671707,0,50661.41397438002
2025-02-21,True,1200.0,1200.0,Optimal,False,0.0,19745.967702258335,1980.2666666666667,0.05712139999377541,34486.86920843621,17350.434864609055,14053.852240333337,886.1982763333301,6516.222827160494,17765.701035591665,3624.6343600029822,0,21390.335395594648
2025-02-22,True,1200.0,1200.0,Optimal,False,0.0,19708.781421745,1980.2666666666667,0.04617629999120254,34382.45951111111,16233.091471810694,13148.804092166663,1818.2847411666698,5271.693989300417,17728.514755078333,8667.098211363937,0,26395.61296644227
2025-02-23,True,1200.0,1200.0,Optimal,False,0.00030777860263059856,49958.64403365167,1980.2666666666667,0.025020200002472848,77862.83956666666,22179.54358024691,17965.4303,701.5811833333329,2818.453786419751,47978.377366985,2271.6119355166616,0,50249.98930250166
2025-02-24,True,1200.0,1200.0,Optimal,False,0.0,48178.22445432778,1980.2666666666667,0.041021699988050386,75703.44146111111,21582.26393004115,17481.633783333335,726.8155833333319,4126.593281069957,46197.95778766111,2969.4397324916604,0,49167.397520152765
2025-02-25,True,1200.0,1200.0,Optimal,False,0.0,46666.452454547834,1980.2666666666667,0.04485799999383744,73143.76913148147,21411.169230658437,17343.047076833333,803.1218064999991,4057.445550823036,44686.18578788117,2884.226957753576,0,47570.41274563475
2025-02-26,True,1200.0,1257.180444444444,Optimal,False,0.0,45259.489694437834,1980.2666666666667,0.042879100001300685,70745.66263106996,20028.19406440329,16171.374792166667,2743.6521245000026,817.6474500000015,43279.22302777117,14361.332286842682,0,57640.555314613855
2025-02-27,True,1257.180444444444,1200.0,Optimal,False,0.0,46536.24554376603,1980.2666666666667,0.04125280000152998,73022.90970102881,21940.539094650205,17823.299066666666,1907.202533333333,3856.288006378599,44555.97887709936,9319.579384924995,0,53875.55826202436
2025-02-28,True,1200.0,1200.0,Optimal,False,0.0,19080.620472673334,1980.2666666666667,0.0704181999899447,33515.81414218107,16009.020816255146,12967.306861166673,1545.860538833326,8727.367175925925,17100.353806006668,7527.782170535705,0,24628.135976542373
2025-03-01,True,1200.0,1200.0,Optimal,False,0.0,19147.246662023786,1980.2666666666667,0.06252529998891987,33470.78647860082,16498.768106995885,13364.002166666665,418.7863166666677,7096.040921604939,17166.97999535712,1703.0488824416632,0,18870.028877798784
2025-03-02,True,1200.0,1200.0,Optimal,False,0.0,49433.78900742531,1980.2666666666667,0.041658299989649095,76960.90304012346,18529.47037016461,15008.870999833336,3944.838216833332,5026.834819958846,47453.522340758645,19838.55117659716,0,67292.0735173558
2025-03-03,True,1200.0,1200.0,Optimal,False,0.0,51002.846426362754,1980.2666666666667,0.03864719999546651,79674.3810409465,22798.763487242803,18466.99842466667,1292.8216086666625,4618.2909537036985,49022.57975969609,5632.04697797764,0,54654.62673767373
2025-03-04,True,1200.0,1200.0,Optimal,False,0.0,51220.634160329995,1980.2666666666667,0.04004119998717215,79561.72036666666,20247.49730452675,16400.472816666665,355.66758333333394,6870.90552880658,49240.36749366333,981.609678633336,0,50221.97717229667
2025-03-05,True,1200.0,1200.0,Optimal,False,0.0,48809.05641015404,1980.2666666666667,0.04210690000036266,76539.55148539094,19886.992689094648,16108.464078166668,755.4798884999992,7386.030746296301,46828.78974348737,3493.4536055764925,0,50322.24334906386
2025-03-06,True,1200.0,1200.0,Optimal,False,0.0,46641.027190468005,1980.2666666666667,0.041920700008631684,73105.16425452675,21390.00711934156,17325.905766666667,983.3560333333329,4083.764801851852,44660.760523801335,3590.6002563000047,0,48251.36078010134
2025-03-07,True,1200.0,1200.0,Optimal,False,0.0,18604.766635430802,1980.2666666666667,0.0756697000033455,32337.611046913582,15254.137008436212,12355.85097683333,667.4777565000031,9184.51723847737,16624.499968764136,3208.4847293615194,0,19832.984698125656
2025-03-08,True,1200.0,1200.0,Optimal,False,0.0,17997.082974775392,1980.2666666666667,0.03856859999359585,30889.713869958847,15831.244094650205,12823.307716666666,632.8744166666652,9451.51239197531,16016.816308108726,1851.9465264916635,0,17868.76283460039
2025-03-09,True,1200.0,1200.0,Optimal,False,0.0,43772.58498702846,1980.2666666666667,0.03430769999977201,68748.5560436214,21911.875555555554,17748.6192,707.3789833333283,1959.1536213991756,41792.31832036179,2385.35191064164,0,44177.67023100343
2025-03-10,True,1200.0,1200.0,Optimal,False,0.0,43174.466437047035,1980.2666666666667,0.03398900000320282,67797.30940308642,18591.202486419756,15058.874013999999,4228.083619333333,450.99309999999815,41194.19977038037,23821.106574095338,0,65015.30634447571
2025-03-11,True,1200.0,1200.0,Optimal,False,0.0,45671.704692329076,1980.2666666666667,0.046723300009034574,72477.08780802469,20327.101728395064,16464.952400000002,885.9951833333275,5562.014862962963,43691.438025662406,3486.634993574971,0,47178.073019237374
2025-03-12,True,1200.0,1200.0,Optimal,False,0.0,43551.49730544704,1980.2666666666667,0.04056300000229385,68711.9410882716,21533.759526748967,17442.345216666665,863.7754000000003,3048.7674948559684,41571.23063878037,2812.446483591668,0,44383.677122372035
2025-03-13,True,1200.0,1200.0,Optimal,False,0.0,42062.50346080006,1980.2666666666667,0.03882129999692552,66175.5397218107,18188.768721810695,14732.902664666666,5219.621202000002,393.67685000000176,40082.236794133394,29451.206575511686,0,69533.44336964507
2025-03-14,True,1200.0,1200.0,Optimal,False,0.0,17144.493801812714,1980.2666666666667,0.04163200000766665,29423.983902674896,14339.621036008231,11615.093039166668,1543.0445274999986,12213.074449999998,15164.22713514605,6636.58912466124,0,21800.81625980729
2025-03-15,True,1200.0,1200.0,Optimal,False,0.0,17339.111178874322,1980.2666666666667,0.07351139999809675,29997.93678683128,14901.962820164612,12070.589884333338,1218.2618156666592,7460.700516666665,15358.844512207657,5276.645616878958,0,20635.490129086615
2025-03-16,True,1200.0,1200.0,Optimal,False,0.0,44207.435162916234,1980.2666666666667,0.040612299999338575,70070.15283065844,19584.84732654321,15863.7263345,1649.1903488333332,4647.175254115223,42227.16849624957,7263.26851243434,0,49490.43700868391
2025-03-17,True,1200.0,1200.0,Optimal,False,0.0,42644.26110863642,1980.2666666666667,0.04179059999296442,67441.87974609053,19891.407181069953,16112.03981666667,324.2486333333327,6128.629581687248,40663.99444196975,1123.935789649997,0,41787.93023161975
2025-03-18,True,1200.0,1200.0,Optimal,False,0.0,39141.96677368821,1980.2666666666667,0.056589700005133636,61729.364384156375,19977.23466748971,16181.560080666663,3857.6798526666703,665.4112833333342,37161.70010702154,20014.17898402136,0,57175.8790910429
2025-03-19,True,1200.0,1321.0284259259276,Optimal,False,0.0,41929.85268439611,1980.2666666666667,0.04200650000711903,66083.8602925926,20930.631543209875,16844.88596666667,479.4245999999993,3012.0688660493834,39949.586017729445,2029.138848874996,0,41978.72486660444
2025-03-20,True,1321.0284259259276,1200.0,Optimal,False,0.0,41128.73483569043,1980.2666666666667,0.04404680000152439,64413.119283744854,19242.366883744853,15695.242759166667,2461.273790833334,1118.3071333333337,39148.46816902376,12822.317010039847,0,51970.78517906361
2025-03-21,True,1200.0,1200.0,Optimal,False,0.0,17023.77852094037,1980.2666666666667,0.04326430000946857,29209.783622839506,14850.370800205761,12028.800348166666,924.8471851666674,15279.595839300411,15043.511854273704,3035.8291458740027,0,18079.341000147706
2025-03-22,True,1200.0,1321.8585740740739,Optimal,False,0.0,17055.1939226671,1980.2666666666667,0.04524700000183657,29517.286994238682,12710.37786481481,10185.733353833326,2081.3773628333406,13192.820112757207,15074.927256000432,11098.101114039377,0,26173.028370039807
2025-03-23,True,1321.8585740740739,1200.0,Optimal,False,0.0,41549.47318942926,1980.2666666666667,0.04178719999617897,65925.80050720165,20613.860679012345,16806.899866666667,866.4612666666662,4215.58084485597,39569.20652276259,3623.0510854249956,0,43192.25760818759
2025-03-24,True,1200.0,1200.0,Optimal,False,0.0,39546.89776881136,1980.2666666666667,0.04358680000586901,62778.93045205761,20170.81063580247,16338.356615,2531.9392329423854,3479.9185808641996,37566.63110214469,11411.777481825866,0,48978.40858397055
2025-03-25,True,1200.0,1200.0,Optimal,False,0.0,39262.67291800186,1980.2666666666667,0.043179699991014786,61960.81108765432,19808.94270432099,16045.243590500004,3136.4878261666604,383.4750833333326,37282.40625133519,16003.454361745544,0,53285.86061308073
2025-03-26,True,1200.0,1200.0,Optimal,False,0.0,40429.6769163345,1980.2666666666667,0.04432770000130404,64275.106264403286,20497.12140576131,16602.66833866667,831.6929946666642,5619.791325308646,38449.41024966784,3255.8397981776607,0,41705.2500478455
2025-03-27,True,1200.0,1200.0,Optimal,False,0.0,37948.28198084531,1980.2666666666667,0.05280540000239853,59590.53157572017,18780.884749999997,15212.516647500004,3391.576576779829,696.7506500000004,35968.01531417864,17953.266621854254,0,53921.2819360329
2025-03-28,True,1200.0,1209.7652592592601,Optimal,False,0.0,16658.503664084816,1980.2666666666667,0.051722200005315244,28849.093646296296,14637.171296296294,11847.320016666667,448.30204999999944,15685.663650000002,14678.23699741815,1423.610453099998,0,16101.847450518148
2025-03-29,True,1209.7652592592601,1200.0,Optimal,False,0.0,16264.942397717674,1980.2666666666667,0.04759539999940898,28477.210244238682,14288.554719547325,11582.51805616667,741.4679104999987,18805.432308024694,14284.675731051007,2784.494113255075,0,17069.16984430608
2025-03-30,True,1200.0,1200.0,Optimal,False,0.0,36847.775740355,1980.2666666666667,0.0439366000064183,57382.24231666667,20029.121899176957,16223.58873833333,2185.3417283333333,416.4311841563766,34867.509073688336,11370.566755670507,0,46238.075829358844
2025-03-31,True,1200.0,1200.0,Optimal,False,0.0,37227.667659139996,1980.2666666666667,0.03721300000324845,58875.472365226335,17683.448783333337,14323.593514500002,3314.1749521666666,1878.4025652263344,35247.40099247333,18360.529782098245,0,53607.93077457158
2025-04-01,True,1200.0,1200.0,Optimal,False,0.0,39126.01152693753,1980.2666666666667,0.035386100003961474,61929.87058312757,18798.50279979424,15226.787267833331,2203.725448833335,353.0289833333305,37145.74486027087,11383.552871886593,0,48529.29773215746
2025-04-02,True,1200.0,1200.0,Optimal,False,0.0,39826.76585599852,1980.2666666666667,0.03250450000632554,63831.909978395066,20310.396431893,16451.421109833333,3110.7255401666657,2648.3247965020605,37846.49918933185,14401.196894079907,0,52247.696083411756
2025-04-03,True,1200.0,1200.0,Optimal,False,0.0,40220.95298892019,1980.2666666666667,0.0341789000085555,64455.36332098766,19130.631913580248,15495.81185,1982.588062345676,6939.601053086419,38240.68632225352,8717.67047193306,0,46958.35679418658
2025-04-04,True,1200.0,1200.0,Optimal,False,0.0,15847.86274489035,1980.2666666666667,0.04082219999691006,27745.4881718107,14167.857407407406,11475.9645,502.51581666666715,19125.30883106996,13867.596078223683,1345.9506423500025,0,15213.546720573686
2025-04-05,True,1200.0,1200.0,Optimal,False,0.0,15696.085264428433,1980.2666666666667,0.03635749999375548,27578.419794650203,10419.682615226335,8439.94291833333,3542.5325483333395,17097.097662757205,13715.818597761767,19350.478738220037,0,33066.297335981806
2025-04-06,True,1200.0,1200.0,Optimal,False,0.0,38523.491083833214,1980.2666666666667,0.033803600003011525,61461.4649026749,20465.085288065846,16576.719083333337,919.4350999999955,4082.4575312757206,36543.224417166544,3934.711673116642,0,40477.93609028318
2025-04-07,True,1200.0,1200.0,Optimal,False,0.0,36780.67246522502,1980.2666666666667,0.03765110000676941,58195.05752519548,18967.496824074078,15363.672427500009,1610.5726558333242,2959.0865011213996,34800.40579855835,7222.761300552866,0,42023.16709911122
2025-04-08,True,1200.0,1200.0,Optimal,False,0.0,36830.776166234595,1980.2666666666667,0.04093230000580661,58144.277812139924,20494.101275720164,16600.22203333333,2424.151933333332,2321.3568864197578,34850.509499567925,10779.042974891663,0,45629.55247445959
2025-04-09,True,1200.0,1200.0,Optimal,False,0.0,37259.97636414334,1980.2666666666667,0.05547419999493286,58679.86613333334,16858.80198004115,13655.62960383333,4483.802146166667,826.184886625516,35279.70969747667,26467.450364699256,0,61747.16006217593
2025-04-10,True,1200.0,1200.0,Optimal,False,0.0,39409.13279349463,1980.2666666666667,0.04491070000221953,63408.75611543211,20860.386748971196,16896.913266666666,1045.7381333333317,6030.382866460907,37428.86612682797,4101.516093724991,0,41530.38222055296
2025-04-11,True,1200.0,1200.0,Optimal,False,0.0,15576.312468867223,1980.2666666666667,0.053742300005978905,27172.841712962963,13515.505084567902,10947.5591185,836.4693148333339,20124.71489506173,13596.045802200557,3103.0092190010046,0,16699.055021201562
2025-04-12,True,1200.0,1200.0,Optimal,False,0.0,15338.828211150927,1980.2666666666667,0.04233340000791941,26907.786586419756,11013.251365432101,8920.733606000003,2145.5323273333297,17935.640604320986,13358.56154448426,11770.855955989975,0,25129.417500474236
2025-04-13,True,1200.0,1200.0,Optimal,False,0.0,36513.11261436008,1980.2666666666667,0.04508789999817964,57964.7015690288,19228.892200000002,15575.402682000002,1903.8829999999984,1938.7365676954723,34532.845947693415,8424.110173424995,0,42956.95612111841
2025-04-14,True,1200.0,1200.0,Optimal,False,0.0,36328.273776530186,1980.2666666666667,0.04283359998953529,57873.50203004115,19937.120379218104,16149.067507166666,646.9405261666681,2204.3578841563776,34348.007109863516,2805.424410853588,0,37153.4315207171
2025-04-15,True,1200.0,1200.0,Optimal,False,0.0,35418.29200713975,1980.2666666666667,0.050739700003759935,56262.79891872428,18558.956107201648,15032.754446833333,2122.6490865000014,4719.817511522631,33438.02534047308,10534.199207733509,0,43972.22454820659
2025-04-16,True,1200.0,1200.0,Optimal,False,0.0,34908.47787927463,1980.2666666666667,0.05970359999628272,54518.23281399177,15862.060997325101,12848.269407833332,4596.046442166667,320.8957166666688,32928.21121260797,27154.68737840824,0,60082.89859101621
2025-04-17,True,1200.0,1200.0,Optimal,False,0.0,37175.054734469944,1980.2666666666667,0.044761700002709404,59362.77176666667,19502.22831831276,15796.804937833333,817.1990288333326,3606.2050650205765,35194.788067803274,3338.882930735576,0,38533.67099853885
2025-04-18,True,1200.0,1200.0,Optimal,False,0.0,15263.39707400556,1980.2666666666667,0.037749000010080636,26776.406851851854,13197.102921810698,10689.653366666667,413.8169499999958,18328.65706337449,13283.130407338891,933.8668875583109,0,14216.997294897203
2025-04-19,True,1200.0,1200.0,Optimal,False,0.0,14622.29241125352,1980.2666666666667,0.07758460000331979,25799.865697736626,13121.340064403292,10628.285452166665,491.382031166667,17013.513866666668,12642.025744586854,1615.4463235080025,0,14257.472068094856
2025-04-20,True,1200.0,1200.0,Optimal,False,0.0,35287.16251132407,1980.2666666666667,0.03760859998874366,56085.22201728395,19800.405566460908,16038.328508833334,1519.9076578333347,1885.3077341563776,33306.8958446574,6938.903163122089,0,40245.79900777949
2025-04-21,True,1200.0,1200.0,Optimal,False,0.0,35746.258504322286,1980.2666666666667,0.03481090000423137,56625.09660041152,19244.060672222222,15587.689144500002,633.9919054999964,5085.806594855963,33765.991837655616,1928.5169572803131,0,35694.50879493593
2025-04-22,True,1200.0,1200.0,Optimal,False,0.0,32885.76356047572,1980.2666666666667,0.05824399999983143,50944.866094650206,15525.512077983542,12575.664783166669,4791.675583499996,633.7650666666652,30905.496893809057,25396.415697182318,0,56301.91259099137
2025-04-23,True,1200.0,1246.1898148148136,Optimal,False,0.0,35146.76551933045,1980.2666666666667,0.03868040000088513,56023.4245718107,19402.971444238676,15674.836036499999,438.93884683333437,1334.3112942386883,33166.49885266378,1535.7709032956702,0,34702.26975595945
2025-04-24,True,1246.1898148148136,1200.0,Optimal,False,0.0,34401.24453907856,1980.2666666666667,0.04395580000709742,54562.609206790126,18970.644266255145,15407.792689000002,680.4440109999963,4590.094940534976,32420.977872411895,2907.491122268992,0,35328.46899468089
2025-04-25,True,1200.0,1200.0,Optimal,False,0.0,14003.87634396963,1980.2666666666667,0.03802469999936875,24925.44003415638,12467.946914403294,10099.037000666664,758.5545160000011,21314.726986419748,12023.609677302964,2690.821199994337,0,14714.430877297302
2025-04-26,True,1200.0,1200.0,Optimal,False,0.0,13795.853597929075,1980.2666666666667,0.043592300004092976,24716.02470761317,10292.509340946503,8336.932566166668,3181.9893338333304,25872.243633333335,11815.586931262409,15870.863481111232,0,27686.45041237364
2025-04-27,True,1200.0,1200.0,Optimal,False,0.0,32633.711960804136,1980.2666666666667,0.04013560000748839,50870.39860308642,17627.00248641976,14277.872014000006,2930.67765266666,1878.4745999999946,30653.44529413747,14962.538369566291,0,45615.98366370376
2025-04-28,True,1200.0,1200.0,Optimal,False,0.0,34415.80509321648,1980.2666666666667,0.06298439999227412,53826.47331563786,13766.876098971192,11151.169640166665,6106.530809833335,695.3303499999984,32435.538426549814,37914.685383033175,0,70350.223809583
2025-04-29,True,1200.0,1200.0,Optimal,False,0.0,37508.80594859494,1980.2666666666667,0.041807400004472584,60683.80659176956,17188.975823045264,13923.070416666666,699.6755166666649,10684.362985390953,35528.53928192828,3243.037744816654,0,38771.57702674493
2025-04-30,True,1200.0,1200.0,Optimal,False,0.0,33467.891478255005,1980.2666666666667,0.05502179999893997,51622.96128230453,17571.800480658436,14233.158389333337,1309.5504106666594,1337.0151683127574,31487.62481158834,5174.069404483622,0,36661.69421607196
2025-05-01,True,1200.0,1200.0,Optimal,False,0.0,32847.35850634704,1980.2666666666667,0.05713850000756793,51574.0522781893,18111.52866152263,14670.338215833332,5732.449884166666,2853.932916666673,30867.09183968037,26913.97882272541,0,57781.07066240578
2025-05-02,True,1200.0,1200.0,Optimal,False,0.0,14411.454258644075,1980.2666666666667,0.07063599998946302,25392.131565020576,10111.73183168724,8190.502783666664,5775.851016333336,14956.43345,12431.187591977408,29885.980898769853,0,42317.16849074726
2025-05-03,True,1200.0,1200.0,Optimal,False,0.0,14799.249796200555,1980.2666666666667,0.047113000007811934,25972.18750802469,12805.464320987654,10372.4261,2470.965016666667,17142.942653703703,12818.983129533886,11686.95013161667,0,24505.933261150556
2025-05-04,True,1200.0,1200.0,Optimal,False,0.0,34515.95816816029,1980.2666666666667,0.05795669999497477,54684.061278395064,17770.440186419757,14394.056551,3005.9601490000005,2578.970458641973,32535.691501493624,14062.898393312666,0,46598.58989480629
2025-05-05,True,1200.0,1200.0,Optimal,False,0.0,32951.2824247563,1980.2666666666667,0.058443500005523674,52003.813625514405,17051.841225514403,13811.991392666665,6621.253657333335,309.2106499999987,30971.01575808963,31543.710006910256,0,62514.72576499989
2025-05-06,True,1200.0,1200.0,Optimal,False,0.0,34784.085240130065,1980.2666666666667,0.047529200004646555,55607.76128133333,19802.837566049377,16040.298428499998,3618.0472735,2593.1870506172877,32803.8185734634,15332.559705447246,0,48136.37827891065
2025-05-07,True,1200.0,1200.0,Optimal,False,0.0,33688.04727169889,1980.2666666666667,0.035847300008754246,53463.09756604938,18023.199132716047,14598.7912975,6061.805519166669,1032.6493000000005,31707.78060503222,30162.52520923835,0,61870.30581427057
2025-05-08,True,1200.0,1200.0,Optimal,False,0.0,37755.87997896426,1980.2666666666667,0.03517209998972248,58044.3282255144,17771.25361646091,14394.715429333335,2270.4080206666645,1111.6856590534949,35775.613312297595,12463.155869500153,0,48238.76918179775
2025-05-09,True,1200.0,1200.0,Optimal,False,0.0,15939.903421494815,1980.2666666666667,0.043142900001839735,27232.660885596706,12670.508202263374,10263.111643833334,1175.8286228333336,17501.7071,13959.636754828149,4733.401929495084,0,18693.038684323234
2025-05-10,True,1200.0,1200.0,Optimal,False,0.0,16573.335176300552,1980.2666666666667,0.03529670000716578,27933.77433765432,11094.052902057612,8986.182850666664,2040.083732666671,15744.942735596705,14593.068509633886,10427.17764323444,0,25020.246152868327
2025-05-11,True,1200.0,1200.0,Optimal,False,0.0,39278.4175741071,1980.2666666666667,0.034597599995322526,61969.10917242799,18216.490802469136,14755.357550000002,1256.827183333329,4280.724019958854,37298.15090744044,4920.365563649974,0,42218.516471090414
2025-05-12,True,1200.0,1200.0,Optimal,False,0.0,37440.253586631145,1980.2666666666667,0.04645670000172686,58942.423651711935,16482.463236213993,13350.795221333334,1356.3856833333325,5235.946086831272,35459.986919964475,5525.195718849998,0,40985.18263881447
2025-05-13,True,1200.0,1200.0,Optimal,False,0.0,36205.87034525907,1980.2666666666667,0.06072219999623485,55710.70013786007,16896.536404526738,13686.194487666662,2127.6689456666695,1498.814399999999,34225.6036785924,10300.551781041848,0,44526.15545963425
2025-05-14,True,1200.0,1241.90975925926,Optimal,False,0.0,36898.23068876301,1980.2666666666667,0.056062999996356666,57643.743610288075,18357.712273045265,14832.028157833334,975.696375499997,2079.607087242804,34917.96402209634,4032.982454110318,0,38950.94647620666
2025-05-15,True,1241.90975925926,1436.7526666666683,Optimal,False,0.0,36293.2329753763,1980.2666666666667,0.05508669999835547,56411.47507119341,18476.347574279836,14790.482918499996,2209.2115481666697,2169.7636802469124,34312.96630870963,8950.237738864524,0,43263.20404757415
2025-05-16,True,1436.7526666666683,1200.0,Optimal,False,0.0,15819.214975466608,1980.2666666666667,0.04473829999915324,26569.479448971193,11789.706234567899,9762.739450000001,860.9608833333298,22687.967014403293,13838.948308799942,2101.232855074978,0,15940.18116387492
2025-05-17,True,1200.0,1200.0,Optimal,False,0.0,15518.773655153615,1980.2666666666667,0.04682400000456255,26461.61040462963,9491.388139300412,7688.024392833334,3562.7961321666644,17772.243706995883,13538.506988486948,18752.180149327734,0,32290.687137814683
2025-05-18,True,1200.0,1236.617092592594,Optimal,False,0.0,38090.311866778764,1980.2666666666667,0.044669499999145046,59283.91793868313,17265.056087654324,13951.740047666666,1929.6490023333324,4224.082801028804,36110.0452001121,8328.574796025998,0,44438.6199961381
2025-05-19,True,1236.617092592594,1200.0,Optimal,False,0.0,36170.391899362425,1980.2666666666667,0.0565472000016598,57046.23419691358,17952.399219547326,14574.398751166666,1112.350982166667,7265.368160699588,34190.12523269576,4817.280914312001,0,39007.406147007765
2025-05-20,True,1200.0,1200.0,Optimal,False,0.0,33964.746612617986,1980.2666666666667,0.06308609999541659,51711.977784979426,12533.341056995887,10152.00625616667,6480.685027166665,1283.9331946502036,31984.479945951316,38334.90003424991,0,70319.37998020122
2025-05-21,True,1200.0,1200.0,Optimal,False,0.0,37015.66624070294,1980.2666666666667,0.057348499991348945,58159.07906995885,17385.804688477365,14082.501797666662,1029.0550023333344,4522.215898148145,35035.39957403627,3782.866730417668,0,38818.266304453944
2025-05-22,True,1200.0,1200.0,Optimal,False,0.0,35216.05832595144,1980.2666666666667,0.0440256000001682,53975.67325246913,16742.981029835388,13561.814634166669,1870.6866158333323,1848.5626559670795,33235.79165928477,9137.84961964183,0,42373.641278926596
2025-05-23,True,1200.0,1200.0,Optimal,False,0.0,15563.374338914877,1980.2666666666667,0.04525429999921471,26388.553875720165,10787.754234567903,8738.08093,1858.9802866666657,19776.911974485596,13583.10767224821,9104.059519643077,0,22687.167191891287
2025-05-24,True,1200.0,1241.0476296296313,Optimal,False,0.0,15816.87557154803,1980.2666666666667,0.0416626000078395,26779.42806707819,11988.148189300413,9673.457166666665,469.0118833333313,21179.247544444443,13836.608904881363,1319.6009870416556,0,15156.20989192302
2025-05-25,True,1241.0476296296313,1200.0,Optimal,False,0.0,34300.70194534555,1980.2666666666667,0.05561890000535641,53292.1559201646,17237.852236008228,13999.603177833334,1357.1528721666662,2866.049550823041,32320.435278678888,6109.728420346997,0,38430.163699025885
2025-05-26,True,1200.0,1200.0,Optimal,False,0.0,33918.998552183126,1980.2666666666667,0.03849399999307934,51571.3364627572,12689.957029423873,10278.865193833337,6171.683739499996,752.0954166666653,31938.731885516463,35824.32914758164,0,67763.0610330981
2025-05-27,True,1200.0,1200.0,Optimal,False,0.0,37531.12315999556,1980.2666666666667,0.04437430000689346,59141.122619753085,17007.95820987654,13776.44615,731.1053499999989,7250.348609876544,35550.85649332889,2141.1677495249896,0,37692.02424285388
2025-05-28,True,1200.0,1200.0,Optimal,False,0.0,34427.20676182274,1980.2666666666667,0.04411729999992531,52968.52597633745,16239.687459670778,13154.146842333337,2959.560857666662,568.7221166666659,32446.94009515607,15544.103134288138,0,47991.04322944421
2025-05-29,True,1200.0,1200.0,Optimal,False,0.0,35566.74768638585,1980.2666666666667,0.04596119999769144,55718.548159053506,17792.04640164609,14411.557585333332,2990.9767146666686,1218.9125574074117,33586.48101971918,15489.226323774432,0,49075.70734349361
2025-05-30,True,1200.0,1200.0,Optimal,False,0.0,15411.412482030371,1980.2666666666667,0.04470549999678042,26347.40499176955,10714.26506872428,8678.55470566667,2130.3447276666634,19845.806089711932,13431.145815363705,10920.906123505829,0,24352.051938869532
2025-05-31,True,1200.0,1200.0,Optimal,False,0.0,15919.0875136213,1980.2666666666667,0.034065899992128834,26862.175154938275,12169.683271604934,9857.443449999999,870.2719666666654,17031.025750000004,13938.820846954633,2522.0432268166587,0,16460.864073771292
2025-06-01,True,1200.0,1200.0,Optimal,False,0.0,36715.86340771389,1980.2666666666667,0.03906380000989884,57676.48857633745,12549.474026337446,10165.073961333334,15933.938138666665,1.2003499999999576,34735.59674104722,79545.25703731207,0,114280.85377835929
2025-06-02,True,1200.0,1200.0,Optimal,False,0.0,41310.86015403136,1980.2666666666667,0.03554119999171235,66268.8908761317,17810.87662469136,14426.810066,10774.46586918518,5018.482736625514,39330.59348736469,47053.41374880811,0,86384.0072361728
2025-06-03,True,1200.0,1200.0,Optimal,False,0.0,40976.80783410617,1980.2666666666667,0.03275890000804793,64642.30271440329,19119.86831440329,15487.093334666664,7372.935065333337,190.09596666666607,38996.54116743951,34011.62768394235,0,73008.16885138187
2025-06-04,True,1200.0,1200.0,Optimal,False,0.0,40119.40584958771,1980.2666666666667,0.03296820000105072,64107.445695473245,15926.03985,12900.0922785,10529.184673146092,1965.4219804526738,38139.13918292105,49787.94938234444,0,87927.0885652655
2025-06-05,True,1200.0,1200.0,Optimal,False,0.0,41203.70961306728,1980.2666666666667,0.033328500008792616,65444.56583106996,19158.11941584362,15518.076726833333,9689.098773166665,344.30389855966826,39223.44294640062,41384.11117462366,0,80607.55412102427
2025-06-06,True,1200.0,1200.0,Optimal,False,0.0,15683.12239639315,1980.2666666666667,0.07112209999468178,27055.29022160494,8640.890312962958,6999.121153499998,11974.412529833333,6532.938191975314,13702.855729726483,57239.815351260586,0,70942.67108098707
2025-06-07,True,1200.0,1200.0,Optimal,False,0.0,17255.28560013284,1980.2666666666667,0.09990749999997206,28969.639255761318,12034.861030041151,9748.237434333329,6350.160143238687,1906.6626366255157,15275.018933466174,27655.681001343077,0,42930.69993480925
2025-06-08,True,1200.0,1200.0,Optimal,False,0.0,52053.132065105434,1980.2666666666667,0.0246711000072537,80676.36010679013,16514.034800823043,13376.368188666667,600.5162779999965,12954.28650596708,50072.86539843877,2508.053683825984,0,52580.91908226476
2025-06-09,True,1200.0,1200.0,Optimal,False,0.0,44451.025990855436,1980.2666666666667,0.04542889998992905,68653.466818107,17164.339084773666,13903.11465866667,6548.219491333329,1007.7491499999988,42470.759324188766,32762.838555243303,0,75233.59787943207
2025-06-10,True,1200.0,1200.0,Optimal,False,0.0,48427.52017673025,1980.2666666666667,0.04073700000299141,75017.65007592594,21036.624801646092,17039.666089333332,1986.8320273333318,1389.0791576131717,46447.25351006359,8296.218851395326,0,54743.47236145892
2025-06-11,True,1200.0,1200.0,Optimal,False,1.4768766863718598e-16,49265.84379944249,1980.2666666666667,0.045906899991678074,77052.77583369342,21833.325021193414,17684.99326716667,5080.982458810694,1900.9802218106995,47285.57713277582,23454.30948675939,0,70739.88661953522
2025-06-12,True,1200.0,1285.979296296296,Optimal,False,0.00018667714370345742,52526.65381954971,1980.2666666666667,0.024424900009762496,80760.09077201645,20582.12146090535,16594.137016666667,556.9575166666681,4876.672411111111,50546.38715288304,2240.4764430666733,0,52786.86359594972
2025-06-13,True,1285.979296296296,1200.0,Optimal,False,0.0,21703.96514407389,1980.2666666666667,0.05576859999564476,34296.96963395062,12813.08728395062,10455.982066666667,962.524816666665,4557.075533333333,19723.698477407223,3453.3071288499928,0,23177.005606257215
2025-06-14,True,1200.0,1200.0,Optimal,False,0.0,22026.067861583517,1980.2666666666667,0.04780489999393467,35143.67277839506,12184.138211728396,9869.151951499996,1139.8164318333368,7775.160199999999,20045.80119491685,5002.607449641268,0,25048.40864455812
2025-06-15,True,1200.0,1435.3836851851838,Optimal,False,1.483820379759703e-16,49035.299106497834,1980.2666666666667,0.03905259999737609,76289.04489279835,20745.958888065845,16592.38138266667,2141.3837839999983,3649.876838065841,47055.03243983117,10349.360052642323,0,57404.3924924735
2025-06-16,True,1435.3836851851838,1200.0,Optimal,False,0.00032399596887707746,48405.162738147774,1980.2666666666667,0.020129899989115074,75426.54489547324,21785.043857818928,17857.730841499997,3027.6911251666684,1832.8701876543212,46424.89607148111,13112.513363540591,0,59537.409435021706
2025-06-17,True,1200.0,1200.0,Optimal,False,0.0,49360.98615793561,1980.2666666666667,0.030895500007318333,76852.38854545061,20916.062195061724,16942.010377999995,3715.720177166671,1957.0456888888875,47380.719491268945,16693.610109488105,0,64074.329600757046
2025-06-18,True,1200.0,1280.9843148148148,Optimal,False,1.5412818291662863e-06,51613.89380680833,1980.2666666666667,0.018662699993001297,79963.60059999999,20903.31032201646,16858.7954775,671.0730558333345,5661.7679113168715,49633.62714014167,3012.1299911612546,0,52645.75713130292
2025-06-19,True,1280.9843148148148,1200.0,Optimal,False,0.0005284575033570802,48844.794096064754,1980.2666666666667,0.01870499999495223,75902.19089691358,20814.74805452675,16932.8318075,1631.0766924999984,5391.847142386832,46864.52742939809,6969.752407578741,0,53834.279836976835
2025-06-20,True,1200.0,1237.003166666668,Optimal,False,0.0,20961.2124372263,1980.2666666666667,0.06258800000068732,33104.40838230453,11995.477043415567,9683.033555166608,950.8070615000568,9342.191105555625,18980.94577055963,4505.431112851107,0,23486.376883410736
2025-06-21,True,1237.003166666668,1385.4054999999996,Optimal,False,0.0,21081.822935021297,1980.2666666666667,0.04335130000254139,33494.671074897116,12496.646574897117,9988.721625666665,675.6878910000001,12327.693616666667,19101.55626835463,1954.912600230668,0,21056.4688685853
2025-06-22,True,1385.4054999999996,1200.0,Optimal,False,1.6266049272639793e-16,44730.945371116664,1980.2666666666667,0.04031520000717137,69181.92881255144,17305.890959670778,14184.636627333333,3904.700808469134,2508.03418868313,42750.67870445,19985.419984266526,0,62736.09868871653
2025-06-23,True,1200.0,1200.0,Optimal,False,0.0,46712.56735239889,1980.2666666666667,0.0318598000012571,72519.19746666666,20648.98477366255,16725.677666666666,2228.917000000001,3763.521359670783,44732.30068573222,9780.876509033338,0,54513.17719476556
2025-06-24,True,1200.0,1250.1136851851868,Optimal,False,1.5617641547243678e-16,46588.068961459445,1980.2666666666667,0.03381870000157505,71721.6619537037,17827.03608333333,14394.796910833331,8661.362635462965,681.9931666666688,44607.80229479278,43017.81870064754,0,87625.62099544032
2025-06-25,True,1250.1136851851868,1200.0,Optimal,False,0.00019567120308605594,51926.8023876363,1980.2666666666667,0.018460999999661,80425.27261090535,20457.799999999992,16615.920316666667,523.044883333332,6669.016444238689,49946.53572096963,1686.4069258166685,0,51632.9426467863
2025-06-26,True,1200.0,1200.0,Optimal,False,0.0009247546181355126,48570.032370275,1980.2666666666667,0.019158900002366863,75787.93895,20908.68467078189,16936.034583333334,1436.724816666665,5704.6298458847705,46589.76570360833,5834.897999433329,0,52424.66370304166
2025-06-27,True,1200.0,1200.0,Optimal,False,0.0,19723.45180880926,1980.2666666666667,0.03570779999427032,31937.373705349793,12003.7491537037,9723.036814500001,1316.2877021666668,11201.303201646095,17743.185142142593,6217.669521753332,0,23960.854663895923
2025-06-28,True,1200.0,1200.0,Optimal,False,0.0,19862.561821946667,1980.2666666666667,0.04314090000116266,32406.223203703703,12297.219941152262,9960.748152333335,1263.665580999998,9556.490879218109,17882.29515528,5087.013408387157,0,22969.308563667157
2025-06-29,True,1200.0,1200.0,Optimal,False,1.5703155345318182e-16,46334.36691023194,1980.2666666666667,0.040040400010184385,72008.44996255144,19836.606500411523,16067.651265333334,2387.078551333332,1358.8047454732546,44354.10024356527,12742.927895007,0,57097.02813857227
2025-06-30,True,1200.0,1200.0,Optimal,False,0.0,47178.39396378467,1980.2666666666667,0.036680000004707836,73865.34452942386,21802.321886008227,17659.880727666663,1875.5577723333374,1720.7771600823066,45198.127297118,7506.9632205438575,0,52705.090517661854
2025-07-01,True,1200.0,1200.0,Optimal,False,0.0,48223.40698790383,1980.2666666666667,0.04355740000028163,75163.62141419754,19472.95426440329,15773.092954166665,8793.913214969134,1391.129285596708,46243.140321237166,35164.623195543034,0,81407.7635167802
2025-07-02,True,1200.0,1200.0,Optimal,False,0.0,43297.792892779136,1980.2666666666667,0.042342200002167374,67542.27196193415,17873.83957057613,14477.810052166664,10019.654097833334,1261.1301746913591,41317.526226112466,40285.450213478834,0,81602.9764395913
2025-07-03,True,1200.0,1200.0,Optimal,False,0.0,40654.38312696879,1980.2666666666667,0.06823469999653753,61982.534965020575,11728.423381687238,9500.022939166662,20006.284410833337,0.0,38674.11646030212,95095.15590904128,0,133769.27236934338
2025-07-04,True,1200.0,1200.0,Optimal,False,0.0,18670.445235579755,1980.2666666666667,0.04292969999369234,30241.518906995883,10133.387133539092,8208.043578166664,12168.743821833337,11604.051706790127,16690.178568913085,49109.44254404561,0,65799.6211129587
2025-07-05,True,1200.0,1200.0,Optimal,False,0.0,18493.413817561046,1980.2666666666667,0.04444700000749435,30518.190895267486,9770.98144526749,7914.494970666666,12731.79176266667,12603.416216666667,16513.14715089438,53717.57283176527,0,70230.71998265965
2025-07-06,True,1200.0,1200.0,Optimal,False,0.0,41344.28239823992,1980.2666666666667,0.04431219999969471,63014.8893090535,12791.727859053499,10361.299565833333,19209.520534166666,0.0,39364.01573157325,91946.69227100674,0,131310.70800257998
2025-07-07,True,1200.0,1200.0,Optimal,False,0.0,44306.27006478697,1980.2666666666667,0.04119329999957699,68309.72802613169,17050.56900946502,13810.960897666664,9235.297052333335,895.9341999999995,42326.00339812031,37458.799193134844,0,79784.80259125515
2025-07-08,True,1200.0,1200.0,Optimal,False,1.4432827685175166e-16,50412.55790545469,1980.2666666666667,0.041125100004137494,77132.72430946502,19169.969318518513,15527.675147999995,4715.9810686666715,2635.0241909465026,48432.29123878802,21289.035814193358,0,69721.32705298137
2025-07-09,True,1200.0,1240.43611111111,Optimal,False,0.0,52321.96787751422,1980.2666666666667,0.04090520000318065,79679.84742880658,20316.40179012346,16419.892949999998,1395.7245000000016,3120.338072016454,50341.70121084755,6831.008361325007,0,57172.70957217256
2025-07-10,True,1240.43611111111,1200.0,Optimal,False,0.0,51808.993253953995,1980.2666666666667,0.042642799991881475,79118.50598209877,21017.64222222222,17060.682699999998,1582.8296833333322,3890.7527598765464,49828.726587287325,5816.862761783332,0,55645.58934907066
2025-07-11,True,1200.0,1287.0683888888889,Optimal,False,0.0,26558.440481943337,1980.2666666666667,0.042891699995379895,41447.524394444445,12317.552244444443,9898.855767999998,1854.266032,8364.316799999999,24578.17381527667,8523.362642712667,0,33101.536457989336
2025-07-12,True,1287.0683888888889,1200.0,Optimal,False,0.0,26531.996934460312,1980.2666666666667,0.07119130001228768,41766.6986436214,12701.859739711934,10366.867939166666,1587.1288108333329,9934.592320576132,24551.730267793646,6844.94467969425,0,31396.674947487896
2025-07-13,True,1200.0,1339.5339259259283,Optimal,False,0.0,53063.30320564177,1980.2666666666667,0.04064999999536667,81288.4065164609,20066.587201646093,16128.355099999999,473.9344833333337,8556.388498148148,51083.0365389751,2434.8652284166683,0,53517.90176739177
2025-07-14,True,1339.5339259259283,1200.0,Optimal,False,0.0,49167.68760417642,1980.2666666666667,0.042939200007822365,74673.0328010288,17972.357675102874,14683.190250166666,2112.217716499999,1688.4038759259297,47187.420937509756,11644.686111556413,0,58832.107049066166
2025-07-15,True,1200.0,1423.4640925925944,Optimal,False,0.0,49752.483978486416,1980.2666666666667,0.040776000008918345,75784.750531893,16626.354539917695,13266.229493999997,3574.347572666669,3249.92247530864,47772.21731181975,18805.33956421901,0,66577.55687603877
2025-07-16,True,1423.4640925925944,1200.0,Optimal,False,0.0,50583.50238795117,1980.2666666666667,0.05507719999877736,77261.29370123456,19216.26936213992,15766.295866666667,1561.5883166666658,3238.345139094643,48603.2357212845,5860.57298268542,0,54463.808703969924
2025-07-17,True,1200.0,1200.0,Optimal,False,0.0,50107.91773946278,1980.2666666666667,0.042275299987522885,75964.26165781893,19424.116957818926,15733.534735833331,2720.677997500001,2273.9413666666674,48127.651072796114,12509.578802542504,0,60637.22987533862
2025-07-18,True,1200.0,1200.0,Optimal,False,0.0,26522.777346314386,1980.2666666666667,0.08354190000682138,41451.64765164609,12166.409292592594,9854.791527,1115.190856333332,8980.972642386829,24542.51067964772,5671.665190287749,0,30214.17586993547
2025-07-19,True,1200.0,1200.0,Optimal,False,0.0,26203.602256936112,1980.2666666666667,0.07725790000404231,41123.21062345679,12531.955884773663,10150.884266666664,1085.0565833333333,12644.376538683127,24223.335590269446,3598.674105475,0,27822.009695744448
2025-07-20,True,1200.0,1200.0,Optimal,False,0.0,50470.30190410939,1980.2666666666667,0.04098239999439102,76334.42971131687,18690.872304526743,15139.60656666667,1778.2892833333296,2471.4750401234633,48490.03523744272,7033.516261066654,0,55523.55149850937
2025-07-21,True,1200.0,1427.9096851851866,Optimal,False,0.0,51320.72688879593,1980.2666666666667,0.04085540000232868,78323.98603827161,19730.652818107,15776.710066000003,1840.117083999997,2220.4110201646104,49340.46022212926,8642.276786186896,0,57982.73700831615
2025-07-22,True,1427.9096851851866,1200.0,Optimal,False,0.0,51722.80708269926,1980.2666666666667,0.04117549999500625,78881.76414670782,19656.275420987655,16126.701807666666,1754.3662089999991,3311.4121257201627,49742.54041603259,7149.386007668414,0,56891.92642370101
2025-07-23,True,1200.0,1200.0,Optimal,False,0.0,51426.28076108955,1980.2666666666667,0.040619799998239614,78689.40571769548,20682.221460905355,16752.599383333334,2084.0402333333313,2627.276756790118,49446.014094422884,9718.139396808325,0,59164.153491231205
2025-07-24,True,1200.0,1282.7745925925929,Optimal,False,0.0,51508.54718885613,1980.2666666666667,0.06751839999924414,78513.95613518519,18596.650616460905,14988.789865999992,2221.948317333341,3511.5717020576108,49528.28052218947,10210.041555256714,0,59738.32207744618
2025-07-25,True,1282.7745925925929,1200.0,Optimal,False,0.0,25912.342962887593,1980.2666666666667,0.040832300001056865,40477.56442016461,12847.197386831274,10480.727016666666,786.7339000000003,12392.508383333332,23932.076296220926,2641.858611883331,0,26573.934908104256
2025-07-26,True,1200.0,1200.0,Optimal,False,0.0,26087.294467667965,1980.2666666666667,0.10647939999762457,40804.7264063786,12531.80050925926,10150.758412500001,1072.71257083333,11027.305313786008,24107.0278010013,3813.806020480153,0,27920.83382148145
2025-07-27,True,1200.0,1256.5659629629642,Optimal,False,0.0,50825.222974388045,1980.2666666666667,0.04528039999422617,78042.04616481482,20915.249425102873,16890.442667666666,2582.9714656666692,2915.0210730452727,48844.956307721375,11524.987534270766,0,60369.94384199214
2025-07-28,True,1256.5659629629642,1200.0,Optimal,False,0.0,51072.11185244426,1980.2666666666667,0.040899500003433786,78130.79066769547,18957.704167695472,15406.649742500002,4282.858240833329,907.7172499999995,49091.845185777594,21885.71657156956,0,70977.56175734715
2025-07-29,True,1200.0,1328.657185185187,Optimal,False,0.0,54242.315454429714,1980.2666666666667,0.03944940000656061,83394.14254302264,20585.07629855967,16558.120335166666,663.2915333333348,3961.232162962963,52262.04878776305,3192.580347116676,0,55454.629134879724
2025-07-30,True,1328.657185185187,1354.9779629629638,Optimal,False,1.3810589260349233e-16,52683.90419135118,1980.2666666666667,0.04286460000730585,81195.09228562345,20192.239680452672,16332.025441166666,1886.8504133333292,5118.474409670782,50703.63752468451,7976.17252458498,0,58679.810049269494
2025-07-31,True,1354.9779629629638,1200.0,Optimal,False,0.0,51226.61073304339,1980.2666666666667,0.06792810000479221,78520.92782702264,19346.876869958847,15810.450431333327,2810.1476686666724,3099.6527903971237,49246.34406637672,13979.318974082706,0,63225.663040459425
2025-08-01,True,1200.0,1200.0,Optimal,False,0.0,25530.18660485142,1980.2666666666667,0.07576070001232438,40121.92224732511,12534.534938271605,10152.9733,883.9873333333317,17372.988275720163,23549.919938184754,2399.3825378666584,0,25949.302476051413
2025-08-02,True,1200.0,1200.0,Optimal,False,0.0,24807.76766354722,1980.2666666666667,0.04690479999408126,38982.549472839506,11897.32680617284,9636.834713000004,1549.233136999997,17344.265583333334,22827.500996880553,7647.97130364848,0,30475.472300529033
2025-08-03,True,1200.0,1200.0,Optimal,False,0.0,47227.6186129971,1980.2666666666667,0.035688100004335865,71340.26937798354,18931.849808230454,15334.798344666666,1086.7832386666657,5990.521169753087,45247.35194633043,4537.943770629666,0,49785.2957169601
2025-08-04,True,1200.0,1200.0,Optimal,False,0.0,44689.8897384637,1980.2666666666667,0.04498760000569746,66674.30925596708,17498.76103930041,14173.996441833327,3176.2156248333386,1110.1051999999993,42709.62307179704,16196.85648471062,0,58906.479556507664
2025-08-05,True,1200.0,1200.0,Optimal,False,0.0,46162.92873629518,1980.2666666666667,0.06205269999918528,69094.87207654321,19258.42388888889,15599.323349999995,794.5980333333378,1078.0598376543123,44182.66206962852,3432.1040836833536,0,47614.76615331187
2025-08-06,True,1200.0,1200.0,Optimal,False,0.0,46862.33813655173,1980.2666666666667,0.04236460001266096,70904.51306069958,17596.565711111107,14253.218225999999,3631.3330573333337,3078.099366255146,44882.071469885064,17153.622955876843,0,62035.6944257619
2025-08-07,True,1200.0,1200.0,Optimal,False,0.0,48471.305957986566,1980.2666666666667,0.04070439998758957,72556.7758962963,18811.48864197531,15237.305800000002,1321.9600166666646,6916.567820987661,46491.0392913199,4884.705191608325,0,51375.744482928225
2025-08-08,True,1200.0,1200.0,Optimal,False,0.0,25154.59733646741,1980.2666666666667,0.04011960000207182,39512.80440761317,12926.941859465021,10470.822906166666,734.3960771666656,22015.91028148148,23174.330669800744,2752.984648158664,0,25927.31531795941
2025-08-09,True,1200.0,1200.0,Optimal,False,0.0,24653.418144059877,1980.2666666666667,0.04812939999101218,38793.792156995885,11995.613423662551,9716.446873166666,1779.0950935000017,19371.7917,22673.15147739321,8538.893845914095,0,31212.045323307306
2025-08-10,True,1200.0,1366.7476296296313,Optimal,False,0.0,46947.956385285266,1980.2666666666667,0.054408399999374524,70441.81765308641,18541.841350411523,14868.818627166665,972.7040395000002,2436.8799193415616,44967.6897186186,4338.750712661836,0,49306.44043128044
2025-08-11,True,1366.7476296296313,1200.0,Optimal,False,0.0,46806.867137795474,1980.2666666666667,0.044386800000211224,70542.69992057612,18981.869187242795,15525.386908333334,1570.1865896090535,4095.1508979423884,44826.600471128804,7089.8187337182135,0,51916.419204847014
2025-08-12,True,1200.0,1200.0,Optimal,False,0.0,45528.244401211174,1980.2666666666667,0.04177749999507796,68359.45846316872,16636.346324691352,13475.440523000001,3874.7264885226323,1312.7355000000023,43547.9777345445,20576.09291528852,0,64124.070649833026
2025-08-13,True,1200.0,1250.9832962962985,Optimal,False,0.0,47393.64060306319,1980.2666666666667,0.041841999991447665,71453.11383106996,18307.22301954732,14782.965679166664,1432.540787500002,3240.417828189304,45413.37393639652,6197.686499791679,0,51611.0604361882
2025-08-14,True,1250.9832962962985,1200.0,Optimal,False,1.5777810112619555e-16,46115.12980729754,1980.2666666666667,0.05630320000636857,70012.17514733745,19030.83934691358,15460.864837666666,2764.2362746666668,3280.1459294238634,44134.86314063087,12647.914711107,0,56782.77785173787
2025-08-15,True,1200.0,1200.0,Optimal,False,0.0,24846.264165323824,1980.2666666666667,0.09750000000349246,39124.97488868313,13331.54386604938,10798.550531500003,1089.2030518333327,20521.45772263375,22865.997498657158,3082.3036691144935,0,25948.30116777165
2025-08-16,True,1200.0,1200.0,Optimal,False,0.0,24619.23679881821,1980.2666666666667,0.04654819999996107,38932.954118106994,12322.244144650207,9981.01775716667,1572.055659499997,21234.50302345679,22638.970132151542,7312.529315059731,0,29951.499447211274
2025-08-17,True,1200.0,1200.865388888888,Optimal,False,0.0,45055.140203200615,1980.2666666666667,0.05969280000135768,66748.1710526749,18096.967021604938,14657.764437499998,2298.8043125000004,2442.3791644032854,43074.873536533945,10495.152673125001,0,53570.02620965894
2025-08-18,True,1200.865388888888,1337.2358333333348,Optimal,False,0.0,45471.209648617965,1980.2666666666667,0.057113599992590025,68080.6324627572,19084.749064197527,15335.913341999998,2172.445091333335,2110.1262152263394,43490.942981951295,11173.824510505356,0,54664.76749245665
2025-08-19,True,1337.2358333333348,1200.0,Optimal,False,0.0,46210.09866957508,1980.2666666666667,0.04170169999997597,69068.2979446502,18636.722126543205,15219.257172499996,1150.5673015740776,2483.7402421810675,44229.83200290841,4846.625122026962,0,49076.457124935376
2025-08-20,True,1200.0,1200.0,Optimal,False,0.0,46265.10775831129,1980.2666666666667,0.043452300000353716,69163.79554197531,17374.86432530864,14073.6401035,5569.7527298333325,781.6329833333316,44284.84109164463,28648.52240191808,0,72933.3634935627
2025-08-21,True,1200.0,1200.0,Optimal,False,0.0,49641.39372257519,1980.2666666666667,0.03996529999130871,75679.08280987655,17529.151522633747,14198.612733333332,1229.0147166666663,7733.140253909463,47661.12705590852,4703.218194716667,0,52364.345250625185
2025-08-22,True,1200.0,1200.0,Optimal,False,0.0,24429.255737326854,1980.2666666666667,0.04404490000160877,38714.989633950616,12463.698094032921,10095.59545616667,2514.043477166663,17630.361073251028,22448.989070660187,11130.30004876689,0,33579.28911942708
2025-08-23,True,1200.0,1200.0,Optimal,False,0.0,25085.385291140617,1980.2666666666667,0.042913400000543334,39360.1680372428,13184.72665329218,10679.628589166667,630.7548775000004,14955.818700617283,23105.11862447395,1850.1610700100007,0,24955.27969448395
2025-08-24,True,1200.0,1200.0,Optimal,False,1.5276064224394588e-16,47629.79198898846,1980.2666666666667,0.04159849999996368,71879.68778786008,18704.86205967078,15150.938268333332,1815.1581368106993,6407.332649999995,45649.52532232179,8035.384278409477,0,53684.90960073126
2025-08-25,True,1200.0,1200.0,Optimal,False,0.0,46233.77331885161,1980.2666666666667,0.062295499999891035,68402.22266316872,14855.19780740741,12032.710224000002,6360.5176926666645,1167.1657557613164,44253.50665218494,37085.57332434066,0,81339.0799765256
2025-08-26,True,1200.0,1388.8530740740766,Optimal,False,0.0,49792.45282907908,1980.2666666666667,0.03921430000627879,75498.92298374485,19839.44026748971,15899.97885,492.7611166666662,6523.40429958848,47812.18616241241,2088.720579366665,0,49900.90674177907
2025-08-27,True,1388.8530740740766,1261.1342962962976,Optimal,False,0.0,46953.257300192716,1980.2666666666667,0.04476980000617914,69920.47172901234,19411.583112345677,15838.329221,2498.5486456666663,931.6176166666647,44972.990633526046,13009.853918923662,0,57982.84455244971
2025-08-28,True,1261.1342962962976,1200.0,Optimal,False,0.0,48707.30543060049,1980.2666666666667,0.03420829999959096,73107.37926728395,19048.651300617275,15484.428420166661,2371.7533965000043,1147.1147999999994,46727.03876393382,13097.198325751455,0,59824.23708968528
2025-08-29,True,1200.0,1200.0,Optimal,False,0.0,25887.53010282204,1980.2666666666667,0.04571880000003148,40409.31381234568,13692.17776234568,11090.663987500002,920.3174624999979,16172.89715,23907.263436155372,3730.4170485229074,0,27637.68048467828
2025-08-30,True,1200.0,1200.0,Optimal,False,0.0,25874.157391479443,1980.2666666666667,0.04074189999664668,40676.58873888889,12725.497720370367,10307.653153499998,1122.8712631666697,20868.895601851855,23893.890724812776,4345.037869084937,0,28238.928593897712
2025-08-31,True,1200.0,1200.0,Optimal,False,1.5718753592454096e-16,46288.38776171352,1980.2666666666667,0.04971330000262242,68396.2130691358,17682.02828580247,14322.442911499997,3335.751671833336,1725.756283333335,44308.12109504685,17749.251946851102,0,62057.373041897954
2025-09-01,True,1200.0,2871.7030185185185,Optimal,False,0.0,47571.13745261199,1980.2666666666667,0.03473679999297019,71627.25108742181,18279.689541769545,13302.015812166666,0.0,13075.442824485595,45590.87078594533,0.0,0,45590.87078594533
2025-09-02,True,2871.7030185185185,2661.3517222222245,Optimal,False,1.5803836010750037e-16,46039.1870001321,1980.2666666666667,0.04385289999481756,68488.76997572016,17246.2333037037,14158.765142666663,1389.5061240000032,12733.05208868313,44058.92033346543,6520.535779079345,0,50579.45611254477
2025-09-03,True,2661.3517222222245,2877.3515925925917,Optimal,False,0.0,45947.06485197076,1980.2666666666667,0.04663559999607969,68612.1636620967,16495.53218950618,13166.98119016667,232.4470499999992,9968.34246275719,43966.7981853041,884.6355525583302,0,44851.433737862426
2025-09-04,True,2877.3515925925917,2704.4717592592583,Optimal,False,1.5263799750566554e-16,47668.06256032912,1980.2666666666667,0.041556799988029525,70532.30820008436,17012.842080452676,13935.993935166669,637.7510546666625,14167.645559465022,45687.79589366246,3257.7851496979815,0,48945.581043360435
2025-09-05,True,2704.4717592592583,2812.698685185186,Optimal,False,0.0,25255.231860667405,1980.2666666666667,0.077676100001554,38703.2362909465,11908.680390946503,9548.626883333332,0.0,29518.921116666665,23274.96519400074,0.0,0,23274.96519400074
2025-09-06,True,2812.698685185186,3181.1292407407423,Optimal,False,0.0,24906.632702870065,1980.2666666666667,0.08888470000238158,38323.22940102881,11871.703251028805,9284.492133333331,166.0252166666668,28180.9598,22926.3660362034,656.5404497583339,0,23582.906485961732
2025-09-07,True,3181.1292407407423,2855.096148148149,Optimal,False,1.5994731251932683e-16,45489.714704048274,1980.2666666666667,0.05788980000943411,67119.12677798353,17355.351728395057,14351.264683333331,22.57291666666663,9176.629032921815,43509.448037381604,50.10058854166658,0,43559.54862592327
2025-09-08,True,2855.096148148149,1200.0,Optimal,False,0.0,37757.08227604693,1980.2666666666667,0.05084319999150466,57478.56050493827,16450.997838271604,14814.894782333338,4436.5917176666635,883.4796333333334,35776.81560938027,20957.46105717732,0,56734.27666655759
2025-09-09,True,1200.0,1200.0,Optimal,False,0.0,41330.70293756973,1980.2666666666667,0.03537270000379067,63316.808874866256,19022.395023662553,15408.139969166668,1058.4411499999976,7658.160703703702,39350.43627090306,3991.6604245333224,0,43342.09669543638
2025-09-10,True,1200.0,1200.0,Optimal,False,0.0,39002.61836576414,1980.2666666666667,0.06111890000465792,58622.49085720164,15657.231973868316,12682.357898833336,6510.643151166664,842.2612833333297,37022.35169909747,37763.34061078582,0,74785.69230988328
2025-09-11,True,1200.0,1200.0,Optimal,False,0.0,42063.391200651546,1980.2666666666667,0.032481299989740364,65223.13259526749,19909.96203271605,16127.0692465,763.6452701666648,8707.799295884774,40083.124533984876,3188.8253488315736,0,43271.94988281645
2025-09-12,True,1200.0,1290.500333333334,Optimal,False,0.0,18934.674091689878,1980.2666666666667,0.0376760000071954,30773.298606995886,13571.406523662548,10911.388984166666,1240.2653991666664,17801.89026666667,16954.40742502321,4866.827269599582,0,21821.23469462279
2025-09-13,True,1290.500333333334,1202.4192592592558,Optimal,False,0.0,19112.16323940008,1980.2666666666667,0.0429528999957256,31444.174525720162,14127.943230452678,11522.906983333334,744.5569,21576.593695267486,17131.896572733414,2988.6924290583333,0,20120.589001791748
2025-09-14,True,1202.4192592592558,1200.0,Optimal,False,0.0,39153.525009039695,1980.2666666666667,0.07755899999756366,59304.93492942387,17113.150067489714,13863.828887999996,4782.0037000658485,738.2927000000013,37173.258342373025,27732.947003365647,0,64906.20534573867
2025-09-15,True,1200.0,1200.0,Optimal,False,0.0,41507.88697878612,1980.2666666666667,0.044954700002563186,64323.03405925926,20607.388301646093,16691.984524333333,1659.050366407404,6999.650015020577,39527.62031211945,6823.631551418925,0,46351.251863538375
2025-09-16,True,1200.0,1200.0,Optimal,False,0.0,40024.32671677945,1980.2666666666667,0.06592259999888483,60380.56848148148,18151.561892592592,14702.765132999997,3518.1464336666672,958.1481722222247,38044.06005011278,19800.70476418792,0,57844.764814300695
2025-09-17,True,1200.0,1200.0,Optimal,False,0.0,40855.41856162945,1980.2666666666667,0.04493610000645276,62905.878493827164,20373.40056049383,16502.454454000006,2168.094162666657,1242.9081500000013,38875.15189496278,10143.839138920619,0,49018.9910338834
2025-09-18,True,1200.0,1200.0,Optimal,False,0.0,41529.858231733335,1980.2666666666667,0.05777700000908226,63835.43508333334,20556.865936419752,16651.061408499998,1225.6040248333306,2199.18346358025,39549.59156506667,5562.865802394565,0,45112.45736746124
2025-09-19,True,1200.0,1200.0,Optimal,False,0.0,19162.570338663973,1980.2666666666667,0.061939899998833425,31503.26860349794,14120.822336831276,11437.866092833334,1357.485290500001,14076.445333333333,17182.303671997306,5240.460483484088,0,22422.764155481396
2025-09-20,True,1200.0,1200.0,Optimal,False,0.0,19378.62793190566,1980.2666666666667,0.05257559999881778,31670.61668909465,13977.43023909465,11321.718493666665,1605.221089666668,14974.692299999999,17398.361265238993,6556.494944557839,0,23954.85620979683
2025-09-21,True,1200.0,1200.0,Optimal,False,0.0,42977.64418874642,1980.2666666666667,0.0420258000085596,65626.8444127572,18750.458616872427,15187.871479666666,725.2035536666676,4501.973345884771,40997.377522079754,3009.3572803898355,0,44006.73480246959
2025-09-22,True,1200.0,1200.0,Optimal,False,0.0,40455.407791415186,1980.2666666666667,0.054608999998890795,62147.392213374485,20470.858363374482,16581.395274333332,2999.0429089999984,642.9521499999998,38475.141124748516,12839.993480313655,0,51315.13460506217
2025-09-23,True,1200.0,1200.0,Optimal,False,0.0,42533.351787083455,1980.2666666666667,0.03475419999449514,65308.337991975306,20528.614631893004,16628.177851833338,2311.882238084359,1603.1678666666658,40553.08512041679,11772.068284467876,0,52325.153404884666
2025-09-24,True,1200.0,1200.0,Optimal,False,0.0,42813.294430095186,1980.2666666666667,0.04007630000705831,66003.25817654321,21297.413641975305,17250.90505,1476.1983166666653,2369.722801234568,40833.027763428516,6114.7952879833265,0,46947.82305141184
2025-09-25,True,1200.0,1200.0,Optimal,False,0.0,42538.89547125833,1980.2666666666667,0.033675600003334694,64906.481383333325,20297.760023662548,16441.185619166667,1630.0758641666698,2344.533943004113,40558.628804591666,6431.428799992927,0,46990.057604584596
2025-09-26,True,1200.0,1200.0,Optimal,False,0.0,19865.396555995183,1980.2666666666667,0.059058300001197495,32594.080319753084,14721.939745267491,11924.771193666671,431.8601229999957,12534.528391152262,17885.129889328517,1165.8537541203132,0,19050.98364344883
2025-09-27,True,1200.0,1200.0,Optimal,False,0.0,19730.166334097405,1980.2666666666667,0.08080699999118224,32281.649662345677,13255.423136419753,10736.892740500001,3136.0962804876535,15097.913296913579,17749.89966743074,14612.855869943629,0,32362.755537374367
2025-09-28,True,1200.0,1200.0,Optimal,False,0.0,43648.65222534617,1980.2666666666667,0.03512990000308491,66898.56175884773,21333.333333333332,17280.0,2208.3809999999994,1565.980258847737,41668.3855586795,9904.110531808334,0,51572.49609048784
2025-09-29,True,1200.0,1200.0,Optimal,False,1.6410577549725918e-16,44336.99906134593,1980.2666666666667,0.033038900000974536,68411.79211049383,21294.282016460907,17248.368433333333,1137.4189499999986,2743.405877366254,42356.73239467926,4451.392502291664,0,46808.12489697093
2025-09-30,True,1200.0,1200.0,Optimal,False,0.0,43863.97377626556,1980.2666666666667,0.03865899999800604,66903.09962962962,20416.500116666666,16537.365094499997,3232.697309203706,834.4871500000002,41883.70710959889,15011.042278963323,0,56894.74938856221
2025-10-01,True,1200.0,2107.285962962962,Optimal,False,0.0,45337.811022873175,1980.2666666666667,0.03741160000208765,69686.13744130658,18767.801527777778,14385.361870833334,156.16868333333377,15798.34493436214,43357.54435620651,427.16725658333536,0,43784.71161278985
2025-10-02,True,2107.285962962962,2139.561314814814,Optimal,False,0.0,39204.41761901839,1980.2666666666667,0.05830819999391679,58821.19231234568,20228.61738559671,16356.132265666667,893.9010676666655,4111.825143415636,37224.15095235173,3719.7820274956616,0,40943.93297984739
2025-10-03,True,2139.561314814814,2177.482074074074,Optimal,False,0.0,18390.041133660678,1980.2666666666667,0.09889780000958126,30226.43183930041,12519.984428806583,10107.058704000001,1284.484212666667,21280.836627160494,16409.77446699401,6405.934742239335,0,22815.709209233348
2025-10-04,True,2177.482074074074,2519.6808888888877,Optimal,False,0.0,19544.348140381295,1980.2666666666667,0.12519830001110677,31747.20495925926,13593.412725925928,10702.685374666667,801.2713753333335,16561.766549999997,17564.08147371463,3289.6551380810006,0,20853.73661179563
2025-10-05,True,2519.6808888888877,2137.2915740740737,Optimal,False,0.0,41889.697905325556,1980.2666666666667,0.049112999986391515,63685.18194012345,18940.93088477366,15686.304399999999,297.78183333333254,5992.376222016461,39909.431238658886,694.9305343166637,0,40604.36177297555
2025-10-06,True,2137.2915740740737,1883.5538518518529,Optimal,False,0.0,40630.458451415,1980.2666666666667,0.06360209999547806,61262.502007818926,19320.46045781893,15877.936920833325,1301.319362500007,1388.1885833333336,38650.191784748335,6932.247809837547,0,45582.439594585885
2025-10-07,True,1883.5538518518529,2276.4098333333327,Optimal,False,0.0,42161.106451014566,1980.2666666666667,0.042562999995425344,64057.36436502057,20524.6171701646,16271.3695245,913.6790588333319,2946.232778189301,40180.8397843479,4029.8459734789103,0,44210.68575782681
2025-10-08,True,2276.4098333333327,1200.0,Optimal,False,0.0,38927.99508817513,1980.2666666666667,0.04525460000149906,60504.44954547325,19311.67243395062,16611.2235215,1099.1798784999974,2424.684844855962,36947.72842150846,4659.990636627401,0,41607.71905813586
2025-10-09,True,1200.0,1200.0,Optimal,False,0.0,38618.66241259833,1980.2666666666667,0.039714200000162236,60372.47643333333,21061.376565432092,17059.715018,1422.2838986666673,2033.1171012345717,36638.395745931666,6591.866050813173,0,43230.26179674484
2025-10-10,True,1200.0,1200.0,Optimal,False,0.0,17141.458050515306,1980.2666666666667,0.04565129999537021,29660.28596255144,15492.825370370372,12549.18855,1210.5619499999996,18583.600175514403,15161.191383848642,4084.9801898166656,0,19246.171573665306
2025-10-11,True,1200.0,1200.0,Optimal,False,0.0,17831.583093955905,1980.2666666666667,0.06757120000838768,30856.154770781894,15059.932355349789,12198.54520783333,1178.7607421666703,15067.21478209877,15851.316427289239,5946.505677682439,0,21797.822104971678
2025-10-12,True,1200.0,1200.0,Optimal,False,0.0,41029.58043448833,1980.2666666666667,0.04352769999240991,63982.9514,20096.310104115226,16278.011184333336,1127.3302989999984,2777.026795884772,39049.313767821666,5270.286113135322,0,44319.59988095699
2025-10-13,True,1200.0,1200.0,Optimal,False,0.0,40165.57035480531,1980.2666666666667,0.05429980000189971,62766.612720164616,21376.23798683127,17314.752769333336,915.7164806666633,2593.4486833333385,38185.30368813864,3805.9543466403143,0,41991.258034778955
2025-10-14,True,1200.0,1200.0,Optimal,False,0.0,39144.0311518766,1980.2666666666667,0.04454119999718387,60779.28630041152,19358.57521707819,15680.445925833334,4306.057340833331,633.3850666666649,37163.76448520994,21861.529076432074,0,59025.293561642015
2025-10-15,True,1200.0,1200.0,Optimal,False,0.0,41408.51321090543,1980.2666666666667,0.037507500004721805,64202.15959156379,19681.791541563787,15942.251148666663,1931.1161180000029,473.7116666666666,39428.24654423877,10696.326305383353,0,50124.57284962212
2025-10-16,True,1200.0,1200.0,Optimal,False,0.0,42397.80159606327,1980.2666666666667,0.037426199996843934,66158.10370596708,21715.62160967078,17589.65350383333,2342.449096166666,1408.1117462962918,40417.5349293966,9686.906093525578,0,50104.441022922176
2025-10-17,True,1200.0,1200.0,Optimal,False,0.0,18532.25221955148,1980.2666666666667,0.04344110000238288,31742.992753703704,15764.727851851852,12769.42956,472.7204900000005,13216.215635185183,16551.985552884813,1584.0940883266674,0,18136.07964121148
2025-10-18,True,1200.0,1256.3827592592563,Optimal,False,0.0,18204.617163870716,1980.2666666666667,0.04397640000388492,31101.30319115226,15263.160358847736,12312.415407333337,979.6197593333309,13053.584732304527,16224.350497204052,3981.1295368348165,0,20205.48003403887
2025-10-19,True,1256.3827592592563,1200.0,Optimal,False,0.0,42461.31369265278,1980.2666666666667,0.04213849999359809,66244.55320884773,21342.899542181072,17338.493112499997,2702.646420833338,1057.0706666666676,40481.04702598611,11941.443647756772,0,52422.49067374288
2025-10-20,True,1200.0,1200.0,Optimal,False,0.0,43803.43088883397,1980.2666666666667,0.04319769999710843,67805.95784403292,21274.75181666666,17232.5489715,2002.9975284999978,1325.9701606995895,41823.1642221673,9015.522661702405,0,50838.68688386971
2025-10-21,True,1200.0,1200.0,Optimal,False,0.0,44254.39683732467,1980.2666666666667,0.03939259999606293,68767.07889300412,19863.960214609047,16089.807773833334,2414.136509499999,944.4816117283949,42274.130170658005,12550.587524177912,0,54824.71769483592
2025-10-22,True,1200.0,1200.0,Optimal,False,0.0,44878.138254018435,1980.2666666666667,0.04149940000206698,70217.02761893003,21475.85478641975,17395.442376999996,2085.0847396666677,2666.8032491769545,42897.87158735177,9178.705366196844,0,52076.57695354862
2025-10-23,True,1200.0,1200.0,Optimal,False,0.0,45082.11106289519,1980.2666666666667,0.040246999997179955,69864.71240432099,20894.20581687243,16924.306711666668,1176.3889716666658,3691.7052374485593,43101.84439622852,4782.8401412131625,0,47884.68453744168
2025-10-24,True,1200.0,1200.0,Optimal,False,0.0,18472.28555549179,1980.2666666666667,0.04113570001209155,31722.88631419753,16037.811247530866,12990.627110500005,1512.9570394999964,11768.608499999998,16492.018888825125,6338.315564808645,0,22830.334453633768
2025-10-25,True,1200.0,1200.0,Optimal,False,0.0,18663.243890956604,1980.2666666666667,0.05099829999380745,32129.1129345679,15554.769025720167,12599.362910833337,1350.8097558333288,11126.083842181066,16682.977224289938,6072.039415508141,0,22755.01663979808
2025-10-26,True,1200.0,1348.894222222219,Optimal,False,0.0,44910.992347870284,1980.2666666666667,0.04243079999287147,69603.33807633744,21168.927585802474,17012.826544500003,803.2555054999992,1706.180523868306,42930.72568120362,3669.946774253664,0,46600.67245545729
2025-10-27,True,1348.894222222219,1200.0,Optimal,False,0.0,44360.59585917426,1980.2666666666667,0.0400523999996949,69030.27330061728,21397.564094855967,17466.03171683333,1695.240866500003,3241.4001224279805,42380.32919250759,7087.655682034933,0,49467.984874542526
2025-10-28,True,1200.0,1200.0,Optimal,False,0.0,43912.871751857245,1980.2666666666667,0.04296299999987241,67780.07348600823,20272.028052674897,16420.34272266667,2582.2822273333272,538.2486833333335,41932.605085190575,13664.415506125963,0,55597.02059131654
2025-10-29,True,1200.0,1200.0,Optimal,False,0.0,45452.030187468255,1980.2666666666667,0.0425697000027867,70327.4516074074,20182.612674485597,16347.916266333332,3571.6948836666647,752.193282921813,43471.763520801585,18307.927838683318,0,61779.6913594849
2025-10-30,True,1200.0,1200.0,Optimal,False,0.0,47088.269199499795,1980.2666666666667,0.03993490000721067,73243.71862880659,21248.24803580247,17211.080909,927.1282743333323,5345.862126337449,45108.002532833125,3625.8202900916635,0,48733.82282292479
2025-10-31,True,1200.0,1207.046,Optimal,False,0.0,19562.41813176891,1980.2666666666667,0.09735850000288337,33295.86710761317,14950.585103292184,12103.632533666667,2035.1864663333322,8579.80893765432,17582.151465102244,10918.140907350496,0,28500.292372452743
2025-11-01,True,1207.046,1417.33003703704,Optimal,False,0.0,19558.782165998477,1980.2666666666667,0.07535050000296906,33203.966597736624,16678.935905349794,13320.68245,668.2511666666662,7969.925875720164,17578.51549933181,1899.4701969333319,0,19477.985696265143
2025-11-02,True,1417.33003703704,1200.0,Optimal,False,0.0,46425.7535033514,1980.2666666666667,0.044759399999747984,72070.72408539095,21936.13023271605,17963.862521833336,1992.4533114999958,1294.5257526748996,44445.48683668474,9149.34504845831,0,53594.831885143045
2025-11-03,True,1200.0,1200.7656666666676,Optimal,False,0.0,47192.1721341593,1980.2666666666667,0.03863830000045709,73173.49103127573,21835.578176748968,17686.129223166663,1327.4490768333344,846.5608711934195,45211.90546749264,5380.1512192305045,0,50592.05668672314
2025-11-04,True,1200.7656666666676,1200.0,Optimal,False,0.0,47096.83454072354,1980.2666666666667,0.04531410000345204,73491.44416893004,22168.17075720165,17956.907413333338,1308.4019199999968,3008.51071172839,45116.56787405687,5829.240407152649,0,50945.808281209516
2025-11-05,True,1200.0,1200.0,Optimal,False,0.0,46704.32063370741,1980.2666666666667,0.043595600000116974,72209.28511481482,21617.862305967083,17510.468467833336,2383.92669883333,807.7979088477371,44724.053967040745,11006.537991097986,0,55730.59195813873
2025-11-06,True,1200.0,1200.0,Optimal,False,0.0,47197.636776850326,1980.2666666666667,0.041572500005713664,73192.46942427983,21937.016012962962,17768.982970499997,3117.7118128333354,772.5636446502074,45217.37011018366,14400.857797878256,0,59618.22790806192
2025-11-07,True,1200.0,1200.0,Optimal,False,0.0,19622.877962378334,1980.2666666666667,0.053128200001083314,33613.986412139915,17673.206028806588,14315.296883333334,992.2745833333321,7929.890066666663,17642.611295711667,3407.9335495666646,0,21050.54484527833
2025-11-08,True,1200.0,1200.0,Optimal,False,0.0,19361.90453390833,1980.2666666666667,0.04571980000764597,33466.47388148148,15530.568662139918,12579.760616333335,2010.6092003333326,8735.06793600823,17381.637867241665,10454.900319843495,0,27836.53818708516
2025-11-09,True,1200.0,1200.0,Optimal,False,0.0,47753.76072987975,1980.2666666666667,0.0396442999917781,73940.3899845679,21904.570938065845,17742.702459833334,2562.8665222654354,994.570845267489,45773.49406321308,12094.179092192655,0,57867.67315540573
2025-11-10,True,1200.0,1200.0,Optimal,False,0.0,48798.76072999,1980.2666666666667,0.03954389999853447,75761.42950516666,22279.985249999998,18046.788052499996,3003.777042333337,673.5662499999985,46818.494063323335,14433.673838667348,0,61252.16790199068
2025-11-11,True,1200.0,1200.0,Optimal,False,0.0,50051.872395494305,1980.2666666666667,0.03948560000571888,77302.51704794238,23271.81393004115,18850.169283333333,461.88496666666845,1783.7377012345703,48071.605728827635,1664.8622831000093,0,49736.468011927645
2025-11-12,True,1200.0,1200.0,Optimal,False,0.0,49078.381060193,1980.2666666666667,0.04056049999780953,75797.39627942386,22917.67866440329,18563.319718166666,1218.4715318333363,1705.5211150205746,47098.11439352633,5687.558752124846,0,52785.67314565118
2025-11-13,True,1200.0,1200.0,Optimal,False,0.0,49229.684060681284,1980.2666666666667,0.04008749999047723,75728.47349616667,20682.14162366255,16752.53471516667,2599.486272,2002.4815430041156,47249.417394014614,12198.878846340584,0,59448.296240355194
2025-11-14,True,1200.0,1200.0,Optimal,False,0.0,20138.739845425,1980.2666666666667,0.07028069999068975,34321.2130909465,17386.794807613165,14083.30379416667,716.5700391666633,4135.836816666669,18158.473178758333,2693.5760809308126,0,20852.049259689145
2025-11-15,True,1200.0,1200.0,Optimal,False,0.0,20088.14475738167,1980.2666666666667,0.06323349999729544,34272.5958962963,17705.63321296296,14341.562902499998,973.8432475000001,3670.481916666671,18107.878090715003,3676.85712066,0,21784.735211375002
2025-11-16,True,1200.0,1200.0,Optimal,False,0.0,50790.73501579803,1980.2666666666667,0.03847120000864379,78053.88880483333,22748.535916460904,18426.31409233333,1738.2702861666658,1035.3928835390966,48810.46834913137,7558.492623271995,0,56368.960972403365
2025-11-17,True,1200.0,1200.0,Optimal,False,0.0,51490.78603775153,1980.2666666666667,0.038756699999794364,78945.595748,22261.4012191358,18031.734987499996,852.2591811666674,2872.43436419753,49510.51937108487,3318.2774893331675,0,52828.796860418035
2025-11-18,True,1200.0,1200.0,Optimal,False,0.0,50658.085084584636,1980.2666666666667,0.038584599999012426,77817.5905485,21096.374044650205,17088.062976166668,2648.6819253333274,1567.4095720164592,48677.81841791797,11920.214390100962,0,60598.032808018936
2025-11-19,True,1200.0,1200.0,Optimal,False,0.0,51164.220815115725,1980.2666666666667,0.04163830001198221,78988.2008946502,23104.377659053494,18714.545903833336,2479.2448128333285,1709.302352263377,49183.954148449055,10942.268645385224,0,60126.22279383428
2025-11-20,True,1200.0,1200.0,Optimal,False,0.0,51915.33850609433,1980.2666666666667,0.03813549999904353,79411.31449,21107.371448971193,17096.97087366667,2095.3019196666633,2703.1398010288044,49935.07183942767,9010.651047453815,0,58945.722886881485
2025-11-21,True,1200.0,1200.0,Optimal,False,0.0,20246.784302608332,1980.2666666666667,0.0595681999984663,34369.09459526749,17653.505211934156,14299.339221666667,1093.0032950000011,3243.547833333331,18266.517635941666,3670.472088730004,0,21936.98972467167
2025-11-22,True,1200.0,1200.0,Optimal,False,0.0,20536.219108425,1980.2666666666667,0.055006199996569194,35086.52918518519,18087.920185185183,14651.21535,900.2040833333323,2330.198950000002,18555.952441758334,3337.4159208083306,0,21893.368362566664
2025-11-23,True,1200.0,1200.0,Optimal,False,0.0,52581.17274589452,1980.2666666666667,0.03022669999336358,80449.4494615,22932.389171399176,18575.235228833335,1078.4595763333336,1938.6588119341568,50600.90607922785,4671.998363456333,0,55272.90444268418
2025-11-24,True,1200.0,1200.0,Optimal,False,0.0,51530.314521948356,1980.2666666666667,0.03733170000487007,79183.04121378601,20712.352404938272,16777.005448,2486.6710686666624,3572.421625514403,49550.04785528169,10796.185839536643,0,60346.23369481834
2025-11-25,True,1200.0,1200.0,Optimal,False,0.0,51002.995856132766,1980.2666666666667,0.03917109999747481,78499.21421595884,22343.551577572016,18098.276777833336,3018.9939594999937,1104.2729090534956,49022.7291894661,13492.135733997378,0,62514.86492346348
2025-11-26,True,1200.0,1226.4526666666668,Optimal,False,0.0,52897.74073704597,1980.2666666666667,0.03654899999673944,81083.09274027777,22431.819519958844,18145.966411166664,1580.9794985555623,1620.5522467078213,50917.4740703793,7162.558533301914,0,58080.03260368121
2025-11-27,True,1226.4526666666668,1200.0,Optimal,False,0.00023520385134948187,53162.38516731333,1980.2666666666667,0.024709000004804693,81289.96219814815,22177.005834567895,17987.182126,1098.6569239999976,2417.902680246915,51182.11850064667,4204.20229008732,0,55386.32079073399
2025-11-28,True,1200.0,1200.0,Optimal,False,0.0,20949.486474639998,1980.2666666666667,0.07419450000452343,35687.61858909465,18165.185205761318,14713.800016666668,1103.3936999999999,2418.388549999997,18969.21980797333,5297.334345599999,0,24266.554153573332
2025-11-29,True,1200.0,1200.0,Optimal,False,0.0,21086.22448767794,1980.2666666666667,0.06252610000956338,36147.87908909465,15360.514338683128,12442.016614333335,3572.6185189999987,1872.549783744854,19105.957821011274,18896.403334734325,0,38002.3611557456
2025-11-30,True,1200.0,1200.0,Optimal,False,0.0,55549.697932054994,1980.2666666666667,0.03852560000086669,85159.20464259258,24190.99469135802,19594.705700000002,1355.585916666666,1673.673451234568,53569.43126538833,5550.214037358326,0,59119.645302746656
2025-12-01,True,1200.0,1200.0,Optimal,False,0.0,55381.889272186294,1980.2666666666667,0.03738430001249071,84895.17259423868,24016.624977572013,19453.46623183333,6631.420201500004,664.5063166666671,53401.622605519624,26294.751612838605,0,79696.37421835822
2025-12-02,True,1200.0,1200.0,Optimal,False,0.0,54535.08779727722,1980.2666666666667,0.037377899992861785,83286.53036234569,21345.809595679013,17290.1057725,9440.169827500002,33.18641666666679,52554.82113061056,41998.97018867359,0,94553.79131928415
2025-12-03,True,1200.0,1200.0,Optimal,False,0.0,56206.332005073884,1980.2666666666667,0.024579299992183223,85636.66497530864,22161.053135802467,17950.453039999997,6569.989793333341,833.3061061728387,54226.065338407214,26495.52389937554,0,80721.58923778275
2025-12-04,True,1200.0,1200.0,Optimal,False,0.0,55200.71187574204,1980.2666666666667,0.038478799993754365,84391.64791131688,23625.73431131687,19136.844792166667,7250.4374578333345,381.9870999999998,53220.44520907537,29500.88238478776,0,82721.32759386313
2025-12-05,True,1200.0,1200.0,Optimal,False,0.0,21849.122415814814,1980.2666666666667,0.052607899997383356,37327.3054127572,15865.471596090534,12851.031992833332,7128.8314905,130.06961666666666,19868.855749148148,31574.614133512834,0,51443.46988266098
2025-12-06,True,1200.0,1200.0,Optimal,False,0.0,22018.755063542903,1980.2666666666667,0.049201699992408976,38253.830173456794,14916.767747736625,12082.581875666669,8293.113748613165,48.12723333333338,20038.488396876237,38069.103775515934,0,58107.59217239217
2025-12-07,True,1200.0,1200.0,Optimal,False,0.0,56978.63855372444,1980.2666666666667,0.019695499999215826,86914.03533765432,23594.65178765432,19111.667948,5628.598901999998,406.96915000000104,54998.37188705778,22539.561882764403,0,77537.93376982218
2025-12-08,True,1200.0,1200.0,Optimal,False,0.0,60832.71792503397,1980.2666666666667,0.018948500000988133,92636.61077304526,24199.51742921811,19601.609117666667,1533.0216323333318,1724.5129771604873,58852.451258367306,6656.025501981821,0,65508.47676034913
2025-12-09,True,1200.0,1200.0,Optimal,False,0.0,61667.70538650887,1980.2666666666667,0.021038300008513033,93660.1749553498,24919.17891399177,20184.534920333335,1076.4467796666663,2613.523474691352,59687.4387198422,4850.585086750167,0,64538.02380659236
2025-12-10,True,1200.0,1200.0,Optimal,False,1.2021507412709482e-16,60524.502996114075,1980.2666666666667,0.024222899999585934,92138.81294074074,24363.454537448557,19734.398175333336,1815.2960746666638,937.4341866255139,58544.236329447405,8138.113420714568,0,66682.34975016197
2025-12-11,True,1200.0,1200.0,Optimal,False,0.0,61992.36869191749,1980.2666666666667,0.023814999993192032,94139.65154156378,24284.172131069958,19670.17942616667,534.819757166667,4099.223893827158,60012.10202525082,2679.3094740861693,0,62691.41149933699
2025-12-12,True,1200.0,1200.0,Optimal,False,0.0,25351.437689945185,1980.2666666666667,0.045755700004519895,45025.0986436214,18589.120841769545,15057.187881833332,2867.583732981483,646.3359333333345,23371.17102327852,14565.442979522644,0,37936.614002801165
2025-12-13,True,1200.0,1200.0,Optimal,False,0.0,27046.738407597903,1980.2666666666667,0.043058299997937866,48542.968338065846,20793.919368106996,16843.074688166667,792.2884618333318,1585.878736625514,25066.471740931236,3399.969235362241,0,28466.440976293477
2025-12-14,True,1200.0,1200.0,Optimal,False,0.0,62745.77150041487,1980.2666666666667,0.024176000006264076,94866.67054876543,24834.453744855968,20115.907533333335,575.6229666666684,1945.0255039094604,60765.50483374821,2206.8520921416784,0,62972.356925889886
2025-12-15,True,1200.0,1200.0,Optimal,False,1.4978450534329746e-05,61408.011899096666,1980.2666666666667,0.022789800001191907,93384.82321666666,24303.394154526748,19685.74926516667,1555.0206348333331,852.6409954732526,59427.745232429996,6944.890078609002,0,66372.63531103899
2025-12-16,True,1200.0,1200.0,Optimal,False,0.0,62512.23819286644,1980.2666666666667,0.02465610000945162,94623.38874773662,24627.761627160497,19948.486918000002,853.1324319999954,1379.1551372427953,60531.97152619978,3231.485295275492,0,63763.456821475265
2025-12-17,True,1200.0,1200.0,Optimal,False,0.0,61679.85400497166,1980.2666666666667,0.02356859999417793,93868.24579999999,24075.05083930041,19500.791179833333,936.1115701666661,2038.250644032919,59699.587338305,3632.9909778523315,0,63332.57831615733
2025-12-18,True,1200.0,1200.0,Optimal,False,0.0,60645.32280250333,1980.2666666666667,0.023881200002506375,92231.42471666666,24803.3931281893,20090.748433833334,1923.2740495000025,2075.787105144032,58665.05613583666,7594.821243821179,0,66259.87737965785
2025-12-19,True,1200.0,1200.0,Optimal,False,0.0,25777.658935202162,1980.2666666666667,0.04208719999587629,45758.65718065844,19307.12103024692,15638.768034500004,2429.1270821666626,1611.0399670781885,23797.392268535496,12073.3150935394,0,35870.7073620749
2025-12-20,True,1200.0,1200.0,Optimal,False,0.0,26480.906648561733,1980.2666666666667,0.04582339999615215,47233.69905514404,21415.46506172839,17346.5267,929.4468333333305,1237.855276748974,24500.639981895067,3381.9463845999835,0,27882.586366495052
2025-12-21,True,1200.0,1200.0,Optimal,False,1.1754995573709143e-16,61896.72780869953,1980.2666666666667,0.025207400001818314,93516.64874526749,24074.97086995885,19500.726404666664,1474.8848453333346,1379.5072586419756,59916.46114203286,6190.342406187007,0,66106.80354821986
2025-12-22,True,1200.0,1200.0,Optimal,False,1.1470845771268573e-05,61533.81209929333,1980.2666666666667,0.024440300010610372,93684.89971666667,24210.967053909462,19610.883313666665,1991.9732529999997,2139.3621460905347,59553.54543262666,8744.268140122504,0,68297.81357274916
2025-12-23,True,1200.0,1200.0,Optimal,False,0.0,61685.832779354525,1980.2666666666667,0.02444360000663437,93641.49629526748,24616.64855967078,19939.485333333334,542.3994666666633,2248.6400022633757,59705.56611268786,1673.206002899987,0,61378.772115587846
2025-12-24,True,1200.0,1200.0,Optimal,False,3.519386786125522e-05,60765.86105968667,1980.2666666666667,0.024056499998550862,92486.32595,24351.658835596707,19724.843656833335,1945.2221431666653,1950.1735977366238,58785.59439302,8689.449254482157,0,67475.04364750216
2025-12-25,True,1200.0,1200.0,Optimal,False,0.0,61368.26025905352,1980.2666666666667,0.021923299995251,93010.78823518519,23898.994603497944,19358.185628833337,1416.480904499999,2074.011631687244,59387.99359238685,5998.163077279497,0,65386.15666966634
2025-12-26,True,1200.0,1503.0781111111119,Optimal,False,0.0,26217.9671276758,1980.2666666666667,0.046571300001232885,46561.69582633745,19995.84090020576,15923.860829166662,1825.4806541666683,1307.5739761316845,24237.700461009135,8679.334079605096,0,32917.03454061423
2025-12-27,True,1503.0781111111119,1200.0,Optimal,False,0.0,26492.842102658335,1980.2666666666667,0.05123730000923388,47147.44399259259,20353.66015925926,16759.235029000003,872.6188209999985,1086.8286166666667,24512.57543599167,3592.3480676659906,0,28104.923503657657
2025-12-28,True,1200.0,1209.8930740740752,Optimal,False,2.4686156539758455e-05,62145.365411101666,1980.2666666666667,0.024191300006350502,94024.39943333334,23437.95873765432,18975.84281083333,785.2190725000011,3538.2478290123436,60165.098744435,3160.012206307924,0,63325.11095074293
2025-12-29,True,1209.8930740740752,1200.0,Optimal,False,0.0,61021.37788587389,1980.2666666666667,0.024485099987941794,92723.77115864198,23410.45153271605,18971.36950816667,1504.9661251666655,2265.888992592591,59041.11121920722,6113.783298912826,0,65154.89451812004
2025-12-30,True,1200.0,1200.0,Optimal,False,0.0,60644.45025792313,1980.2666666666667,0.023925799992866814,92558.67894794239,24275.524256995883,19663.17464816667,1568.6437184999993,3290.5704576131693,58664.18359125646,6941.423593174004,0,65605.60718443047
2025-12-31,True,1200.0,1200.0,Optimal,False,0.00015720020051533762,60121.330366685,1980.2666666666667,0.024476499995216727,91212.26483333333,23195.90459609053,18788.68272283333,2904.3720271666684,1062.9920539094635,58141.063700018334,12318.605261667843,0,70459.66896168617
